// GENERATED by tools/gen_assets.py - do not edit.
// Fonts: Barlow / Barlow Condensed, SIL Open Font License 1.1 (THIRD_PARTY_LICENSES.md).
#include "ui_assets.h"

static const uint8_t font_title_bits[] = {
    0x00, 0x00, 0x00, 0x00, 0x00, 0x00, 0x00, 0x00, 0x00, 0x00, 0x00, 0x00, 0x00, 0x00, 0x00, 0x00,
    0x00, 0x00, 0x00, 0x00, 0x00, 0x00, 0x00, 0x00, 0x00, 0x00, 0x00, 0x00, 0x00, 0x00, 0x00, 0x00,
    0x00, 0x38, 0x38, 0x38, 0x38, 0x38, 0x38, 0x18, 0x18, 0x18, 0x18, 0x18, 0x00, 0x00, 0x38, 0x38,
    0x38, 0x00, 0x00, 0x00, 0x00, 0x00, 0x00, 0x00, 0x00, 0x00, 0x00, 0x00, 0xee, 0xee, 0x6e, 0x6e,
    0x6e, 0x00, 0x00, 0x00, 0x00, 0x00, 0x00, 0x00, 0x00, 0x00, 0x00, 0x00, 0x00, 0x00, 0x00, 0x00,
    0x00, 0x00, 0x00, 0x00, 0x00, 0x00, 0x00, 0x00, 0x00, 0x00, 0x00, 0x00, 0x00, 0x06, 0x30, 0x0e,
    0x30, 0x0e, 0x30, 0x0e, 0x70, 0x3f, 0xfc, 0x3f, 0xfc, 0x1e, 0x70, 0x1c, 0x70, 0x1c, 0x60, 0x7f,
    0xf8, 0x7f, 0xf8, 0x3c, 0xe0, 0x18, 0xe0, 0x18, 0xe0, 0x38, 0xc0, 0x00, 0x00, 0x00, 0x00, 0x00,
    0x00, 0x00, 0x00, 0x00, 0x00, 0x00, 0x00, 0x00, 0x00, 0x00, 0x00, 0x00, 0x00, 0x00, 0x00, 0x06,
    0x00, 0x06, 0x00, 0x1f, 0x80, 0x3f, 0xc0, 0x70, 0xe0, 0x70, 0x60, 0x70, 0x60, 0x70, 0x00, 0x3c,
    0x00, 0x1f, 0x00, 0x0f, 0xc0, 0x01, 0xe0, 0x00, 0xe0, 0x60, 0x70, 0x70, 0x60, 0x78, 0xe0, 0x3f,
    0xe0, 0x1f, 0x80, 0x06, 0x00, 0x06, 0x00, 0x00, 0x00, 0x00, 0x00, 0x00, 0x00, 0x00, 0x00, 0x00,
    0x00, 0x00, 0x00, 0x00, 0x00, 0x00, 0x00, 0x00, 0x00, 0x00, 0x00, 0x00, 0x00, 0x00, 0x00, 0x1e,
    0x0c, 0x00, 0x3f, 0x0c, 0x00, 0x33, 0x18, 0x00, 0x21, 0x18, 0x00, 0x33, 0x30, 0x00, 0x3f, 0x60,
    0x00, 0x1e, 0x60, 0x00, 0x00, 0xc0, 0x00, 0x00, 0xc0, 0x00, 0x01, 0x8e, 0x00, 0x01, 0x9f, 0x00,
    0x03, 0x31, 0x80, 0x03, 0x31, 0x80, 0x06, 0x31, 0x80, 0x06, 0x1b, 0x00, 0x0c, 0x0e, 0x00, 0x00,
    0x00, 0x00, 0x00, 0x00, 0x00, 0x00, 0x00, 0x00, 0x00, 0x00, 0x00, 0x00, 0x00, 0x00, 0x00, 0x00,
    0x00, 0x00, 0x00, 0x00, 0x00, 0x00, 0x00, 0x00, 0x00, 0x00, 0x0f, 0x80, 0x1f, 0xc0, 0x3d, 0xc0,
    0x38, 0xe0, 0x38, 0xe0, 0x1d, 0xc0, 0x1f, 0xc0, 0x0f, 0x80, 0x1f, 0x00, 0x3f, 0x98, 0x71, 0xdc,
    0x71, 0xf8, 0x70, 0xf0, 0x7b, 0xf0, 0x3f, 0xf8, 0x1f, 0x1c, 0x00, 0x00, 0x00, 0x00, 0x00, 0x00,
    0x00, 0x00, 0x00, 0x00, 0x00, 0x00, 0x00, 0x00, 0x00, 0x00, 0xe0, 0xe0, 0x60, 0x60, 0x60, 0x00,
    0x00, 0x00, 0x00, 0x00, 0x00, 0x00, 0x00, 0x00, 0x00, 0x00, 0x00, 0x00, 0x00, 0x00, 0x00, 0x00,
    0x00, 0x00, 0x00, 0x1c, 0x1c, 0x38, 0x38, 0x38, 0x70, 0x70, 0x70, 0x70, 0x70, 0x70, 0x70, 0x70,
    0x70, 0x70, 0x38, 0x38, 0x38, 0x1c, 0x1c, 0x00, 0x00, 0x00, 0x00, 0x00, 0x00, 0x00, 0x38, 0x38,
    0x1c, 0x1c, 0x1c, 0x0e, 0x0e, 0x0e, 0x0e, 0x0e, 0x0e, 0x0e, 0x0e, 0x0e, 0x0e, 0x1c, 0x1c, 0x1c,
    0x38, 0x38, 0x00, 0x00, 0x00, 0x00, 0x00, 0x00, 0x00, 0x00, 0x00, 0x00, 0x00, 0x00, 0x00, 0x08,
    0x00, 0x08, 0x00, 0x7f, 0x00, 0x3e, 0x00, 0x3e, 0x00, 0x7f, 0x00, 0x48, 0x00, 0x08, 0x00, 0x00,
    0x00, 0x00, 0x00, 0x00, 0x00, 0x00, 0x00, 0x00, 0x00, 0x00, 0x00, 0x00, 0x00, 0x00, 0x00, 0x00,
    0x00, 0x00, 0x00, 0x00, 0x00, 0x00, 0x00, 0x00, 0x00, 0x00, 0x00, 0x00, 0x00, 0x00, 0x00, 0x00,
    0x00, 0x00, 0x00, 0x00, 0x00, 0x00, 0x00, 0x00, 0x00, 0x00, 0x00, 0x00, 0x00, 0x00, 0x00, 0x0e,
    0x00, 0x0e, 0x00, 0x0e, 0x00, 0x0e, 0x00, 0x7f, 0xc0, 0x7f, 0xc0, 0x0e, 0x00, 0x0e, 0x00, 0x0e,
    0x00, 0x0e, 0x00, 0x00, 0x00, 0x00, 0x00, 0x00, 0x00, 0x00, 0x00, 0x00, 0x00, 0x00, 0x00, 0x00,
    0x00, 0x00, 0x00, 0x00, 0x00, 0x00, 0x00, 0x00, 0x00, 0x00, 0x00, 0x00, 0x00, 0x00, 0x00, 0x00,
    0x00, 0x00, 0x00, 0x30, 0x30, 0x70, 0x60, 0x60, 0x60, 0x00, 0x00, 0x00, 0x00, 0x00, 0x00, 0x00,
    0x00, 0x00, 0x00, 0x00, 0x00, 0x00, 0x00, 0x00, 0x00, 0x00, 0x00, 0x00, 0x00, 0x00, 0x00, 0x00,
    0x00, 0x00, 0x00, 0x00, 0x00, 0x00, 0x00, 0x00, 0x7f, 0x00, 0x7f, 0x00, 0x00, 0x00, 0x00, 0x00,
    0x00, 0x00, 0x00, 0x00, 0x00, 0x00, 0x00, 0x00, 0x00, 0x00, 0x00, 0x00, 0x00, 0x00, 0x00, 0x00,
    0x00, 0x00, 0x00, 0x00, 0x00, 0x00, 0x00, 0x00, 0x00, 0x00, 0x00, 0x00, 0x00, 0x00, 0x00, 0x00,
    0x00, 0x00, 0x00, 0x00, 0x00, 0x30, 0x70, 0x30, 0x00, 0x00, 0x00, 0x00, 0x00, 0x00, 0x00, 0x00,
    0x00, 0x00, 0x00, 0x00, 0x00, 0x00, 0x00, 0x00, 0x00, 0x03, 0x00, 0x07, 0x00, 0x07, 0x00, 0x06,
    0x00, 0x0e, 0x00, 0x0e, 0x00, 0x0c, 0x00, 0x1c, 0x00, 0x1c, 0x00, 0x18, 0x00, 0x38, 0x00, 0x38,
    0x00, 0x30, 0x00, 0x70, 0x00, 0x70, 0x00, 0x60, 0x00, 0x00, 0x00, 0x00, 0x00, 0x00, 0x00, 0x00,
    0x00, 0x00, 0x00, 0x00, 0x00, 0x00, 0x00, 0x00, 0x00, 0x00, 0x00, 0x00, 0x00, 0x00, 0x00, 0x0f,
    0x80, 0x3f, 0xc0, 0x3d, 0xe0, 0x70, 0xe0, 0x70, 0x60, 0x70, 0x60, 0x70, 0x60, 0x70, 0x60, 0x70,
    0x60, 0x70, 0x60, 0x70, 0x60, 0x70, 0x60, 0x70, 0xe0, 0x3d, 0xe0, 0x3f, 0xc0, 0x0f, 0x80, 0x00,
    0x00, 0x00, 0x00, 0x00, 0x00, 0x00, 0x00, 0x00, 0x00, 0x00, 0x00, 0x00, 0x00, 0x00, 0x00, 0x1c,
    0x7c, 0x7c, 0x0c, 0x0c, 0x0c, 0x0c, 0x0c, 0x0c, 0x0c, 0x0c, 0x0c, 0x0c, 0x0c, 0x0c, 0x0c, 0x00,
    0x00, 0x00, 0x00, 0x00, 0x00, 0x00, 0x00, 0x00, 0x00, 0x00, 0x00, 0x00, 0x00, 0x00, 0x00, 0x00,
    0x1f, 0x00, 0x3f, 0xc0, 0x79, 0xc0, 0x70, 0xe0, 0x70, 0xe0, 0x00, 0xe0, 0x01, 0xc0, 0x03, 0xc0,
    0x03, 0x80, 0x07, 0x00, 0x0e, 0x00, 0x1c, 0x00, 0x3c, 0x00, 0x78, 0x00, 0x7f, 0xe0, 0x7f, 0xe0,
    0x00, 0x00, 0x00, 0x00, 0x00, 0x00, 0x00, 0x00, 0x00, 0x00, 0x00, 0x00, 0x00, 0x00, 0x00, 0x00,
    0x00, 0x00, 0x00, 0x00, 0x00, 0x00, 0x7f, 0xc0, 0x7f, 0xc0, 0x03, 0xc0, 0x03, 0x80, 0x07, 0x80,
    0x0f, 0x00, 0x1f, 0x80, 0x0f, 0xc0, 0x01, 0xc0, 0x00, 0xe0, 0x00, 0xe0, 0x70, 0xe0, 0x70, 0xc0,
    0x7b, 0xc0, 0x3f, 0x80, 0x1f, 0x00, 0x00, 0x00, 0x00, 0x00, 0x00, 0x00, 0x00, 0x00, 0x00, 0x00,
    0x00, 0x00, 0x00, 0x00, 0x00, 0x00, 0x00, 0x00, 0x00, 0x00, 0x00, 0x00, 0x07, 0x00, 0x0e, 0x00,
    0x0e, 0x00, 0x0c, 0x00, 0x1c, 0x00, 0x1c, 0x00, 0x38, 0xc0, 0x38, 0xe0, 0x70, 0xe0, 0x71, 0xe0,
    0x7f, 0xf0, 0x7f, 0xf0, 0x00, 0xe0, 0x00, 0xe0, 0x00, 0xe0, 0x00, 0xe0, 0x00, 0x00, 0x00, 0x00,
    0x00, 0x00, 0x00, 0x00, 0x00, 0x00, 0x00, 0x00, 0x00, 0x00, 0x00, 0x00, 0x00, 0x00, 0x00, 0x00,
    0x00, 0x00, 0x7f, 0xc0, 0x7f, 0xc0, 0x70, 0x00, 0x70, 0x00, 0x70, 0x00, 0x70, 0x00, 0x7f, 0x80,
    0x7f, 0xc0, 0x79, 0xc0, 0x20, 0xe0, 0x00, 0xe0, 0x60, 0xe0, 0x70, 0xe0, 0x39, 0xc0, 0x3f, 0xc0,
    0x0f, 0x00, 0x00, 0x00, 0x00, 0x00, 0x00, 0x00, 0x00, 0x00, 0x00, 0x00, 0x00, 0x00, 0x00, 0x00,
    0x00, 0x00, 0x00, 0x00, 0x00, 0x00, 0x00, 0x00, 0x1f, 0x00, 0x3f, 0xc0, 0x7b, 0xc0, 0x70, 0xc0,
    0x70, 0xc0, 0x70, 0x00, 0x7f, 0x80, 0x7f, 0xc0, 0x79, 0xc0, 0x70, 0xe0, 0x70, 0xe0, 0x70, 0xe0,
    0x70, 0xe0, 0x39, 0xc0, 0x3f, 0xc0, 0x0f, 0x00, 0x00, 0x00, 0x00, 0x00, 0x00, 0x00, 0x00, 0x00,
    0x00, 0x00, 0x00, 0x00, 0x00, 0x00, 0x00, 0x00, 0x00, 0x00, 0x00, 0x00, 0x00, 0x00, 0x7f, 0xc0,
    0x7f, 0xc0, 0x61, 0xc0, 0x61, 0xc0, 0x01, 0xc0, 0x03, 0x80, 0x03, 0x80, 0x03, 0x80, 0x07, 0x00,
    0x07, 0x00, 0x06, 0x00, 0x0e, 0x00, 0x0e, 0x00, 0x1c, 0x00, 0x1c, 0x00, 0x1c, 0x00, 0x00, 0x00,
    0x00, 0x00, 0x00, 0x00, 0x00, 0x00, 0x00, 0x00, 0x00, 0x00, 0x00, 0x00, 0x00, 0x00, 0x00, 0x00,
    0x00, 0x00, 0x00, 0x00, 0x1f, 0x00, 0x3f, 0xc0, 0x3b, 0xc0, 0x70, 0xc0, 0x70, 0xe0, 0x79, 0xc0,
    0x3f, 0xc0, 0x3f, 0x80, 0x39, 0xc0, 0x70, 0xe0, 0x70, 0xe0, 0x70, 0xe0, 0x70, 0xe0, 0x7b, 0xc0,
    0x3f, 0xc0, 0x1f, 0x00, 0x00, 0x00, 0x00, 0x00, 0x00, 0x00, 0x00, 0x00, 0x00, 0x00, 0x00, 0x00,
    0x00, 0x00, 0x00, 0x00, 0x00, 0x00, 0x00, 0x00, 0x00, 0x00, 0x1f, 0x00, 0x3f, 0x80, 0x7b, 0xc0,
    0x70, 0xc0, 0x60, 0xe0, 0x60, 0xe0, 0x70, 0xe0, 0x7b, 0xe0, 0x3f, 0xe0, 0x1e, 0xe0, 0x00, 0xe0,
    0x70, 0xe0, 0x70, 0xc0, 0x7b, 0xc0, 0x3f, 0xc0, 0x1f, 0x00, 0x00, 0x00, 0x00, 0x00, 0x00, 0x00,
    0x00, 0x00, 0x00, 0x00, 0x00, 0x00, 0x00, 0x00, 0x00, 0x00, 0x00, 0x00, 0x00, 0x00, 0x00, 0x18,
    0x38, 0x18, 0x00, 0x00, 0x00, 0x00, 0x00, 0x18, 0x38, 0x18, 0x00, 0x00, 0x00, 0x00, 0x00, 0x00,
    0x00, 0x00, 0x00, 0x00, 0x00, 0x00, 0x00, 0x00, 0x00, 0x00, 0x38, 0x38, 0x38, 0x38, 0x00, 0x00,
    0x00, 0x38, 0x38, 0x30, 0x30, 0x30, 0x30, 0x00, 0x00, 0x00, 0x00, 0x00, 0x00, 0x00, 0x00, 0x00,
    0x00, 0x00, 0x00, 0x00, 0x00, 0x00, 0x00, 0x00, 0x00, 0x00, 0x00, 0x00, 0x00, 0x00, 0x00, 0x00,
    0x00, 0xc0, 0x03, 0xc0, 0x0f, 0x80, 0x7e, 0x00, 0x78, 0x00, 0x78, 0x00, 0x7e, 0x00, 0x0f, 0x80,
    0x03, 0xc0, 0x00, 0xc0, 0x00, 0x00, 0x00, 0x00, 0x00, 0x00, 0x00, 0x00, 0x00, 0x00, 0x00, 0x00,
    0x00, 0x00, 0x00, 0x00, 0x00, 0x00, 0x00, 0x00, 0x00, 0x00, 0x00, 0x00, 0x00, 0x00, 0x00, 0x00,
    0x00, 0x00, 0x00, 0x00, 0x00, 0x00, 0x00, 0x00, 0x7f, 0xc0, 0x7f, 0xc0, 0x00, 0x00, 0x00, 0x00,
    0x7f, 0xc0, 0x7f, 0xc0, 0x00, 0x00, 0x00, 0x00, 0x00, 0x00, 0x00, 0x00, 0x00, 0x00, 0x00, 0x00,
    0x00, 0x00, 0x00, 0x00, 0x00, 0x00, 0x00, 0x00, 0x00, 0x00, 0x00, 0x00, 0x00, 0x00, 0x00, 0x00,
    0x00, 0x00, 0x00, 0x00, 0x00, 0x00, 0x00, 0x00, 0x00, 0x00, 0x00, 0x00, 0x60, 0x00, 0x78, 0x00,
    0x7e, 0x00, 0x0f, 0x80, 0x03, 0xc0, 0x03, 0xc0, 0x0f, 0x80, 0x7e, 0x00, 0x78, 0x00, 0x60, 0x00,
    0x00, 0x00, 0x00, 0x00, 0x00, 0x00, 0x00, 0x00, 0x00, 0x00, 0x00, 0x00, 0x00, 0x00, 0x00, 0x00,
    0x00, 0x00, 0x00, 0x00, 0x00, 0x00, 0x00, 0x00, 0x1f, 0x00, 0x3f, 0x80, 0x7b, 0xc0, 0x71, 0xc0,
    0x60, 0xc0, 0x01, 0xc0, 0x03, 0xc0, 0x07, 0x80, 0x0f, 0x00, 0x0e, 0x00, 0x0c, 0x00, 0x00, 0x00,
    0x00, 0x00, 0x0c, 0x00, 0x1e, 0x00, 0x0c, 0x00, 0x00, 0x00, 0x00, 0x00, 0x00, 0x00, 0x00, 0x00,
    0x00, 0x00, 0x00, 0x00, 0x00, 0x00, 0x00, 0x00, 0x00, 0x00, 0x00, 0x00, 0x00, 0x00, 0x00, 0x00,
    0x00, 0x00, 0x00, 0x00, 0x00, 0x00, 0x00, 0x01, 0xf8, 0x00, 0x07, 0xfe, 0x00, 0x0e, 0x07, 0x00,
    0x18, 0x03, 0x00, 0x31, 0xf1, 0x80, 0x33, 0xf1, 0x80, 0x63, 0x31, 0x80, 0x66, 0x31, 0x80, 0x66,
    0x31, 0x80, 0x66, 0x31, 0x80, 0x66, 0x33, 0x00, 0x63, 0xff, 0x00, 0x73, 0xde, 0x00, 0x38, 0x00,
    0x00, 0x1e, 0x70, 0x00, 0x1f, 0xf0, 0x00, 0x07, 0xe0, 0x00, 0x00, 0x00, 0x00, 0x00, 0x00, 0x00,
    0x00, 0x00, 0x00, 0x00, 0x00, 0x00, 0x00, 0x00, 0x00, 0x00, 0x00, 0x00, 0x00, 0x00, 0x00, 0x07,
    0x80, 0x07, 0x80, 0x07, 0xc0, 0x0f, 0xc0, 0x0f, 0xc0, 0x0e, 0xc0, 0x1c, 0xe0, 0x1c, 0xe0, 0x1c,
    0x60, 0x18, 0x70, 0x38, 0x70, 0x3f, 0xf0, 0x3f, 0xf8, 0x70, 0x38, 0x70, 0x38, 0x70, 0x1c, 0x00,
    0x00, 0x00, 0x00, 0x00, 0x00, 0x00, 0x00, 0x00, 0x00, 0x00, 0x00, 0x00, 0x00, 0x00, 0x00, 0x00,
    0x00, 0x00, 0x00, 0x00, 0x00, 0x3f, 0xc0, 0x3f, 0xe0, 0x30, 0xf0, 0x30, 0x70, 0x30, 0x30, 0x30,
    0x70, 0x30, 0xf0, 0x3f, 0xe0, 0x3f, 0xe0, 0x30, 0x70, 0x30, 0x30, 0x30, 0x30, 0x30, 0x30, 0x30,
    0xf0, 0x3f, 0xe0, 0x3f, 0xc0, 0x00, 0x00, 0x00, 0x00, 0x00, 0x00, 0x00, 0x00, 0x00, 0x00, 0x00,
    0x00, 0x00, 0x00, 0x00, 0x00, 0x00, 0x00, 0x00, 0x00, 0x00, 0x00, 0x0f, 0x80, 0x1f, 0xe0, 0x3d,
    0xf0, 0x70, 0x70, 0x70, 0x30, 0x70, 0x00, 0x70, 0x00, 0x70, 0x00, 0x70, 0x00, 0x70, 0x00, 0x70,
    0x00, 0x70, 0x30, 0x70, 0x70, 0x3d, 0xf0, 0x1f, 0xe0, 0x0f, 0x80, 0x00, 0x00, 0x00, 0x00, 0x00,
    0x00, 0x00, 0x00, 0x00, 0x00, 0x00, 0x00, 0x00, 0x00, 0x00, 0x00, 0x00, 0x00, 0x00, 0x00, 0x00,
    0x00, 0x3f, 0xc0, 0x3f, 0xe0, 0x30, 0xf0, 0x30, 0x70, 0x30, 0x38, 0x30, 0x38, 0x30, 0x38, 0x30,
    0x38, 0x30, 0x38, 0x30, 0x38, 0x30, 0x38, 0x30, 0x38, 0x30, 0x70, 0x30, 0xf0, 0x3f, 0xe0, 0x3f,
    0xc0, 0x00, 0x00, 0x00, 0x00, 0x00, 0x00, 0x00, 0x00, 0x00, 0x00, 0x00, 0x00, 0x00, 0x00, 0x00,
    0x00, 0x00, 0x00, 0x00, 0x00, 0x00, 0x00, 0x3f, 0xf0, 0x3f, 0xf0, 0x30, 0x00, 0x30, 0x00, 0x30,
    0x00, 0x30, 0x00, 0x30, 0x00, 0x3f, 0xc0, 0x3f, 0xc0, 0x30, 0x00, 0x30, 0x00, 0x30, 0x00, 0x30,
    0x00, 0x30, 0x00, 0x3f, 0xf0, 0x3f, 0xf0, 0x00, 0x00, 0x00, 0x00, 0x00, 0x00, 0x00, 0x00, 0x00,
    0x00, 0x00, 0x00, 0x00, 0x00, 0x00, 0x00, 0x00, 0x00, 0x00, 0x00, 0x00, 0x00, 0x3f, 0xf0, 0x3f,
    0xf0, 0x30, 0x00, 0x30, 0x00, 0x30, 0x00, 0x30, 0x00, 0x30, 0x00, 0x3f, 0xc0, 0x3f, 0xc0, 0x30,
    0x00, 0x30, 0x00, 0x30, 0x00, 0x30, 0x00, 0x30, 0x00, 0x30, 0x00, 0x30, 0x00, 0x00, 0x00, 0x00,
    0x00, 0x00, 0x00, 0x00, 0x00, 0x00, 0x00, 0x00, 0x00, 0x00, 0x00, 0x00, 0x00, 0x00, 0x00, 0x00,
    0x00, 0x00, 0x00, 0x0f, 0x80, 0x1f, 0xe0, 0x3c, 0xf0, 0x70, 0x70, 0x70, 0x30, 0x70, 0x00, 0x70,
    0x00, 0x71, 0xf0, 0x71, 0xf0, 0x70, 0x70, 0x70, 0x30, 0x70, 0x30, 0x70, 0x70, 0x3c, 0xf0, 0x1f,
    0xe0, 0x0f, 0x80, 0x00, 0x00, 0x00, 0x00, 0x00, 0x00, 0x00, 0x00, 0x00, 0x00, 0x00, 0x00, 0x00,
    0x00, 0x00, 0x00, 0x00, 0x00, 0x00, 0x00, 0x00, 0x00, 0x30, 0x38, 0x30, 0x38, 0x30, 0x38, 0x30,
    0x38, 0x30, 0x38, 0x30, 0x38, 0x30, 0x38, 0x3f, 0xf8, 0x3f, 0xf8, 0x30, 0x38, 0x30, 0x38, 0x30,
    0x38, 0x30, 0x38, 0x30, 0x38, 0x30, 0x38, 0x30, 0x38, 0x00, 0x00, 0x00, 0x00, 0x00, 0x00, 0x00,
    0x00, 0x00, 0x00, 0x00, 0x00, 0x00, 0x00, 0x00, 0x00, 0x30, 0x30, 0x30, 0x30, 0x30, 0x30, 0x30,
    0x30, 0x30, 0x30, 0x30, 0x30, 0x30, 0x30, 0x30, 0x30, 0x00, 0x00, 0x00, 0x00, 0x00, 0x00, 0x00,
    0x00, 0x00, 0x00, 0x00, 0x00, 0x00, 0x00, 0x00, 0x00, 0x00, 0x00, 0x60, 0x00, 0x60, 0x00, 0x60,
    0x00, 0x60, 0x00, 0x60, 0x00, 0x60, 0x00, 0x60, 0x00, 0x60, 0x00, 0x60, 0x60, 0x60, 0xe0, 0x60,
    0xe0, 0xe0, 0x70, 0xe0, 0x79, 0xe0, 0x3f, 0xc0, 0x1f, 0x00, 0x00, 0x00, 0x00, 0x00, 0x00, 0x00,
    0x00, 0x00, 0x00, 0x00, 0x00, 0x00, 0x00, 0x00, 0x00, 0x00, 0x00, 0x00, 0x00, 0x00, 0x00, 0x00,
    0x30, 0x38, 0x30, 0x70, 0x30, 0xe0, 0x31, 0xc0, 0x33, 0xc0, 0x33, 0x80, 0x37, 0x00, 0x3f, 0x00,
    0x3f, 0x80, 0x3b, 0x80, 0x39, 0xc0, 0x30, 0xe0, 0x30, 0xe0, 0x30, 0x70, 0x30, 0x70, 0x30, 0x38,
    0x00, 0x00, 0x00, 0x00, 0x00, 0x00, 0x00, 0x00, 0x00, 0x00, 0x00, 0x00, 0x00, 0x00, 0x00, 0x00,
    0x00, 0x00, 0x00, 0x00, 0x00, 0x00, 0x30, 0x00, 0x30, 0x00, 0x30, 0x00, 0x30, 0x00, 0x30, 0x00,
    0x30, 0x00, 0x30, 0x00, 0x30, 0x00, 0x30, 0x00, 0x30, 0x00, 0x30, 0x00, 0x30, 0x00, 0x30, 0x00,
    0x30, 0x00, 0x3f, 0xf0, 0x3f, 0xf0, 0x00, 0x00, 0x00, 0x00, 0x00, 0x00, 0x00, 0x00, 0x00, 0x00,
    0x00, 0x00, 0x00, 0x00, 0x00, 0x00, 0x00, 0x00, 0x00, 0x00, 0x00, 0x00, 0x30, 0x1c, 0x38, 0x1c,
    0x3c, 0x3c, 0x3c, 0x7c, 0x3e, 0x7c, 0x3f, 0xfc, 0x37, 0xcc, 0x33, 0xcc, 0x31, 0x8c, 0x30, 0x0c,
    0x30, 0x0c, 0x30, 0x0c, 0x30, 0x0c, 0x30, 0x0c, 0x30, 0x0c, 0x30, 0x0c, 0x00, 0x00, 0x00, 0x00,
    0x00, 0x00, 0x00, 0x00, 0x00, 0x00, 0x00, 0x00, 0x00, 0x00, 0x00, 0x00, 0x00, 0x00, 0x00, 0x00,
    0x00, 0x00, 0x30, 0x18, 0x38, 0x38, 0x3c, 0x38, 0x3c, 0x38, 0x3e, 0x38, 0x3e, 0x38, 0x37, 0x38,
    0x33, 0x38, 0x33, 0x98, 0x31, 0xd8, 0x31, 0xf8, 0x30, 0xf8, 0x30, 0x78, 0x30, 0x78, 0x30, 0x38,
    0x30, 0x38, 0x00, 0x00, 0x00, 0x00, 0x00, 0x00, 0x00, 0x00, 0x00, 0x00, 0x00, 0x00, 0x00, 0x00,
    0x00, 0x00, 0x00, 0x00, 0x00, 0x00, 0x00, 0x00, 0x0f, 0x80, 0x1f, 0xe0, 0x3d, 0xf0, 0x30, 0x70,
    0x70, 0x30, 0x70, 0x30, 0x70, 0x38, 0x70, 0x38, 0x70, 0x38, 0x70, 0x38, 0x70, 0x30, 0x70, 0x30,
    0x30, 0x70, 0x3d, 0xf0, 0x1f, 0xe0, 0x0f, 0x80, 0x00, 0x00, 0x00, 0x00, 0x00, 0x00, 0x00, 0x00,
    0x00, 0x00, 0x00, 0x00, 0x00, 0x00, 0x00, 0x00, 0x00, 0x00, 0x00, 0x00, 0x00, 0x00, 0x7f, 0xc0,
    0x7f, 0xe0, 0x70, 0xf0, 0x70, 0x70, 0x70, 0x30, 0x70, 0x30, 0x70, 0x70, 0x7f, 0xf0, 0x7f, 0xe0,
    0x70, 0x00, 0x70, 0x00, 0x70, 0x00, 0x70, 0x00, 0x70, 0x00, 0x70, 0x00, 0x70, 0x00, 0x00, 0x00,
    0x00, 0x00, 0x00, 0x00, 0x00, 0x00, 0x00, 0x00, 0x00, 0x00, 0x00, 0x00, 0x00, 0x00, 0x00, 0x00,
    0x00, 0x00, 0x00, 0x00, 0x0f, 0x80, 0x1f, 0xc0, 0x3d, 0xe0, 0x70, 0x70, 0x70, 0x70, 0x70, 0x70,
    0x70, 0x70, 0x70, 0x70, 0x70, 0x70, 0x70, 0x70, 0x70, 0x70, 0x70, 0x70, 0x70, 0x70, 0x78, 0xe0,
    0x3f, 0xe0, 0x1f, 0xc0, 0x07, 0x00, 0x07, 0x00, 0x07, 0x00, 0x00, 0x00, 0x00, 0x00, 0x00, 0x00,
    0x00, 0x00, 0x00, 0x00, 0x00, 0x00, 0x00, 0x00, 0x00, 0x00, 0x3f, 0xc0, 0x3f, 0xe0, 0x30, 0xf0,
    0x30, 0x30, 0x30, 0x38, 0x30, 0x30, 0x30, 0x70, 0x3f, 0xf0, 0x3f, 0xe0, 0x31, 0xc0, 0x31, 0xc0,
    0x30, 0xe0, 0x30, 0xe0, 0x30, 0x70, 0x30, 0x70, 0x30, 0x38, 0x00, 0x00, 0x00, 0x00, 0x00, 0x00,
    0x00, 0x00, 0x00, 0x00, 0x00, 0x00, 0x00, 0x00, 0x00, 0x00, 0x00, 0x00, 0x00, 0x00, 0x00, 0x00,
    0x0f, 0x80, 0x3f, 0xe0, 0x79, 0xe0, 0x70, 0x70, 0x70, 0x70, 0x70, 0x00, 0x3c, 0x00, 0x1f, 0x80,
    0x07, 0xc0, 0x01, 0xe0, 0x00, 0x70, 0x70, 0x70, 0x70, 0x70, 0x7c, 0xf0, 0x3f, 0xe0, 0x0f, 0xc0,
    0x00, 0x00, 0x00, 0x00, 0x00, 0x00, 0x00, 0x00, 0x00, 0x00, 0x00, 0x00, 0x00, 0x00, 0x00, 0x00,
    0x00, 0x00, 0x00, 0x00, 0x00, 0x00, 0x7f, 0xf0, 0x7f, 0xf0, 0x07, 0x00, 0x07, 0x00, 0x07, 0x00,
    0x07, 0x00, 0x07, 0x00, 0x07, 0x00, 0x07, 0x00, 0x07, 0x00, 0x07, 0x00, 0x07, 0x00, 0x07, 0x00,
    0x07, 0x00, 0x07, 0x00, 0x07, 0x00, 0x00, 0x00, 0x00, 0x00, 0x00, 0x00, 0x00, 0x00, 0x00, 0x00,
    0x00, 0x00, 0x00, 0x00, 0x00, 0x00, 0x00, 0x00, 0x00, 0x00, 0x00, 0x00, 0x70, 0x38, 0x70, 0x38,
    0x70, 0x38, 0x70, 0x38, 0x70, 0x38, 0x70, 0x38, 0x70, 0x38, 0x70, 0x38, 0x70, 0x38, 0x70, 0x38,
    0x70, 0x38, 0x70, 0x30, 0x38, 0x70, 0x3c, 0xf0, 0x1f, 0xe0, 0x0f, 0xc0, 0x00, 0x00, 0x00, 0x00,
    0x00, 0x00, 0x00, 0x00, 0x00, 0x00, 0x00, 0x00, 0x00, 0x00, 0x00, 0x00, 0x00, 0x00, 0x00, 0x00,
    0x00, 0x00, 0x70, 0x38, 0x70, 0x30, 0x70, 0x70, 0x30, 0x70, 0x38, 0x70, 0x38, 0x60, 0x38, 0xe0,
    0x18, 0xe0, 0x1c, 0xc0, 0x1d, 0xc0, 0x0d, 0xc0, 0x0f, 0x80, 0x0f, 0x80, 0x07, 0x80, 0x07, 0x80,
    0x07, 0x00, 0x00, 0x00, 0x00, 0x00, 0x00, 0x00, 0x00, 0x00, 0x00, 0x00, 0x00, 0x00, 0x00, 0x00,
    0x00, 0x00, 0x00, 0x00, 0x00, 0x00, 0x00, 0x00, 0x00, 0x00, 0x00, 0x00, 0x00, 0x00, 0x60, 0xe0,
    0xe0, 0x70, 0xe0, 0xe0, 0x70, 0xf0, 0xc0, 0x71, 0xf1, 0xc0, 0x31, 0xf1, 0xc0, 0x39, 0xf1, 0xc0,
    0x39, 0xb9, 0x80, 0x39, 0xbb, 0x80, 0x1b, 0xbb, 0x80, 0x1f, 0x9b, 0x80, 0x1f, 0x1f, 0x00, 0x1f,
    0x1f, 0x00, 0x0f, 0x1f, 0x00, 0x0f, 0x0f, 0x00, 0x0e, 0x0e, 0x00, 0x0e, 0x0e, 0x00, 0x00, 0x00,
    0x00, 0x00, 0x00, 0x00, 0x00, 0x00, 0x00, 0x00, 0x00, 0x00, 0x00, 0x00, 0x00, 0x00, 0x00, 0x00,
    0x00, 0x00, 0x00, 0x00, 0x00, 0x00, 0x00, 0x00, 0x00, 0x70, 0x38, 0x70, 0x70, 0x38, 0x70, 0x1c,
    0xe0, 0x1d, 0xc0, 0x0f, 0xc0, 0x0f, 0x80, 0x07, 0x80, 0x07, 0x80, 0x0f, 0x80, 0x0f, 0xc0, 0x1d,
    0xc0, 0x1c, 0xe0, 0x38, 0x70, 0x70, 0x70, 0x70, 0x38, 0x00, 0x00, 0x00, 0x00, 0x00, 0x00, 0x00,
    0x00, 0x00, 0x00, 0x00, 0x00, 0x00, 0x00, 0x00, 0x00, 0x00, 0x00, 0x00, 0x00, 0x00, 0x00, 0x70,
    0x30, 0x70, 0x70, 0x38, 0x60, 0x38, 0xe0, 0x1c, 0xc0, 0x1d, 0xc0, 0x0f, 0x80, 0x0f, 0x80, 0x07,
    0x00, 0x07, 0x00, 0x07, 0x00, 0x07, 0x00, 0x07, 0x00, 0x07, 0x00, 0x07, 0x00, 0x07, 0x00, 0x00,
    0x00, 0x00, 0x00, 0x00, 0x00, 0x00, 0x00, 0x00, 0x00, 0x00, 0x00, 0x00, 0x00, 0x00, 0x00, 0x00,
    0x00, 0x00, 0x00, 0x00, 0x00, 0x7f, 0xe0, 0x7f, 0xe0, 0x00, 0xe0, 0x00, 0xe0, 0x01, 0xc0, 0x03,
    0x80, 0x03, 0x80, 0x07, 0x00, 0x0e, 0x00, 0x0e, 0x00, 0x1c, 0x00, 0x38, 0x00, 0x70, 0x00, 0x70,
    0x00, 0x7f, 0xe0, 0x7f, 0xe0, 0x00, 0x00, 0x00, 0x00, 0x00, 0x00, 0x00, 0x00, 0x00, 0x00, 0x00,
    0x00, 0x00, 0x00, 0x00, 0x00, 0x00, 0x00, 0x7c, 0x00, 0x7c, 0x00, 0x60, 0x00, 0x60, 0x00, 0x60,
    0x00, 0x60, 0x00, 0x60, 0x00, 0x60, 0x00, 0x60, 0x00, 0x60, 0x00, 0x60, 0x00, 0x60, 0x00, 0x60,
    0x00, 0x60, 0x00, 0x60, 0x00, 0x60, 0x00, 0x60, 0x00, 0x60, 0x00, 0x70, 0x00, 0x7c, 0x00, 0x7c,
    0x00, 0x00, 0x00, 0x00, 0x00, 0x00, 0x00, 0x00, 0x00, 0x00, 0x00, 0x00, 0x00, 0x00, 0x00, 0x00,
    0x00, 0x70, 0x00, 0x30, 0x00, 0x38, 0x00, 0x38, 0x00, 0x18, 0x00, 0x1c, 0x00, 0x1c, 0x00, 0x0c,
    0x00, 0x0e, 0x00, 0x0e, 0x00, 0x06, 0x00, 0x07, 0x00, 0x07, 0x00, 0x03, 0x80, 0x03, 0x80, 0x01,
    0x80, 0x00, 0x00, 0x00, 0x00, 0x00, 0x00, 0x00, 0x00, 0x00, 0x00, 0x00, 0x00, 0x00, 0x00, 0x00,
    0x00, 0x00, 0x00, 0x1f, 0x00, 0x1f, 0x00, 0x07, 0x00, 0x07, 0x00, 0x07, 0x00, 0x07, 0x00, 0x07,
    0x00, 0x07, 0x00, 0x07, 0x00, 0x07, 0x00, 0x07, 0x00, 0x07, 0x00, 0x07, 0x00, 0x07, 0x00, 0x07,
    0x00, 0x07, 0x00, 0x07, 0x00, 0x07, 0x00, 0x07, 0x00, 0x1f, 0x00, 0x1f, 0x00, 0x00, 0x00, 0x00,
    0x00, 0x00, 0x00, 0x00, 0x00, 0x00, 0x00, 0x00, 0x00, 0x00, 0x00, 0x00, 0x00, 0x0c, 0x00, 0x1e,
    0x00, 0x1e, 0x00, 0x1f, 0x00, 0x3b, 0x00, 0x33, 0x00, 0x33, 0x80, 0x61, 0x80, 0x61, 0x80, 0x00,
    0x00, 0x00, 0x00, 0x00, 0x00, 0x00, 0x00, 0x00, 0x00, 0x00, 0x00, 0x00, 0x00, 0x00, 0x00, 0x00,
    0x00, 0x00, 0x00, 0x00, 0x00, 0x00, 0x00, 0x00, 0x00, 0x00, 0x00, 0x00, 0x00, 0x00, 0x00, 0x00,
    0x00, 0x00, 0x00, 0x00, 0x00, 0x00, 0x00, 0x00, 0x00, 0x00, 0x00, 0x00, 0x00, 0x00, 0x00, 0x00,
    0x00, 0x00, 0x00, 0x00, 0x00, 0x00, 0x00, 0x00, 0x00, 0x00, 0x00, 0x00, 0x00, 0x00, 0x00, 0xff,
    0xe0, 0xff, 0xe0, 0x00, 0x00, 0x00, 0x00, 0x00, 0x00, 0x00, 0x00, 0x00, 0x00, 0x00, 0x00, 0x00,
    0x00, 0x00, 0x00, 0x00, 0x60, 0x30, 0x00, 0x00, 0x00, 0x00, 0x00, 0x00, 0x00, 0x00, 0x00, 0x00,
    0x00, 0x00, 0x00, 0x00, 0x00, 0x00, 0x00, 0x00, 0x00, 0x00, 0x00, 0x00, 0x00, 0x00, 0x00, 0x00,
    0x00, 0x00, 0x00, 0x00, 0x00, 0x00, 0x00, 0x00, 0x00, 0x00, 0x00, 0x00, 0x1f, 0x00, 0x3f, 0x80,
    0x7b, 0xc0, 0x30, 0xc0, 0x01, 0xc0, 0x3f, 0xc0, 0x7f, 0xc0, 0x70, 0xc0, 0x61, 0xc0, 0x73, 0xc0,
    0x7f, 0xc0, 0x3e, 0xc0, 0x00, 0x00, 0x00, 0x00, 0x00, 0x00, 0x00, 0x00, 0x00, 0x00, 0x00, 0x00,
    0x00, 0x00, 0x00, 0x00, 0x00, 0x00, 0x00, 0x00, 0x00, 0x00, 0x70, 0x00, 0x70, 0x00, 0x70, 0x00,
    0x70, 0x00, 0x77, 0x80, 0x7f, 0xc0, 0x7d, 0xe0, 0x78, 0xe0, 0x70, 0xe0, 0x70, 0xe0, 0x70, 0xe0,
    0x70, 0xe0, 0x78, 0xe0, 0x7d, 0xe0, 0x7f, 0xc0, 0x77, 0x80, 0x00, 0x00, 0x00, 0x00, 0x00, 0x00,
    0x00, 0x00, 0x00, 0x00, 0x00, 0x00, 0x00, 0x00, 0x00, 0x00, 0x00, 0x00, 0x00, 0x00, 0x00, 0x00,
    0x00, 0x00, 0x00, 0x00, 0x00, 0x00, 0x00, 0x00, 0x0f, 0x00, 0x3f, 0xc0, 0x39, 0xc0, 0x70, 0xe0,
    0x70, 0x00, 0x70, 0x00, 0x70, 0x00, 0x70, 0x00, 0x70, 0xe0, 0x39, 0xc0, 0x3f, 0xc0, 0x0f, 0x00,
    0x00, 0x00, 0x00, 0x00, 0x00, 0x00, 0x00, 0x00, 0x00, 0x00, 0x00, 0x00, 0x00, 0x00, 0x00, 0x00,
    0x00, 0x00, 0x00, 0x00, 0x00, 0x00, 0x00, 0xe0, 0x00, 0xe0, 0x00, 0xe0, 0x00, 0xe0, 0x0f, 0xe0,
    0x3f, 0xe0, 0x3d, 0xe0, 0x70, 0xe0, 0x70, 0xe0, 0x70, 0xe0, 0x70, 0xe0, 0x70, 0xe0, 0x70, 0xe0,
    0x39, 0xe0, 0x3f, 0xe0, 0x0f, 0xe0, 0x00, 0x00, 0x00, 0x00, 0x00, 0x00, 0x00, 0x00, 0x00, 0x00,
    0x00, 0x00, 0x00, 0x00, 0x00, 0x00, 0x00, 0x00, 0x00, 0x00, 0x00, 0x00, 0x00, 0x00, 0x00, 0x00,
    0x00, 0x00, 0x00, 0x00, 0x0f, 0x00, 0x3f, 0xc0, 0x39, 0xc0, 0x70, 0xe0, 0x70, 0xe0, 0x7f, 0xe0,
    0x7f, 0xe0, 0x70, 0x00, 0x70, 0x00, 0x3d, 0xc0, 0x1f, 0xc0, 0x0f, 0x80, 0x00, 0x00, 0x00, 0x00,
    0x00, 0x00, 0x00, 0x00, 0x00, 0x00, 0x00, 0x00, 0x00, 0x00, 0x00, 0x00, 0x0e, 0x1f, 0x3c, 0x38,
    0x7f, 0x7f, 0x38, 0x38, 0x38, 0x38, 0x38, 0x38, 0x38, 0x38, 0x38, 0x38, 0x00, 0x00, 0x00, 0x00,
    0x00, 0x00, 0x00, 0x00, 0x00, 0x00, 0x00, 0x00, 0x00, 0x00, 0x00, 0x00, 0x00, 0x00, 0x00, 0x00,
    0x00, 0x00, 0x00, 0x00, 0x00, 0x1e, 0xe0, 0x3f, 0xe0, 0x39, 0xe0, 0x70, 0xe0, 0x70, 0xe0, 0x70,
    0xe0, 0x70, 0xe0, 0x70, 0xe0, 0x70, 0xe0, 0x39, 0xe0, 0x3f, 0xe0, 0x1f, 0xe0, 0x00, 0xe0, 0x03,
    0xc0, 0x1f, 0xc0, 0x0f, 0x00, 0x00, 0x00, 0x00, 0x00, 0x00, 0x00, 0x00, 0x00, 0x00, 0x00, 0x00,
    0x00, 0x00, 0x00, 0x70, 0x00, 0x70, 0x00, 0x70, 0x00, 0x70, 0x00, 0x77, 0x80, 0x7f, 0xc0, 0x79,
    0xc0, 0x70, 0xe0, 0x70, 0xe0, 0x70, 0xe0, 0x70, 0xe0, 0x70, 0xe0, 0x70, 0xe0, 0x70, 0xe0, 0x70,
    0xe0, 0x70, 0xe0, 0x00, 0x00, 0x00, 0x00, 0x00, 0x00, 0x00, 0x00, 0x00, 0x00, 0x00, 0x00, 0x00,
    0x00, 0x00, 0x20, 0x70, 0x70, 0x20, 0x00, 0x70, 0x70, 0x70, 0x70, 0x70, 0x70, 0x70, 0x70, 0x70,
    0x70, 0x70, 0x70, 0x00, 0x00, 0x00, 0x00, 0x00, 0x00, 0x00, 0x00, 0x00, 0x00, 0x08, 0x1c, 0x1c,
    0x08, 0x00, 0x1c, 0x1c, 0x1c, 0x1c, 0x1c, 0x1c, 0x1c, 0x1c, 0x1c, 0x1c, 0x1c, 0x1c, 0x1c, 0x3c,
    0x78, 0x70, 0x00, 0x00, 0x00, 0x00, 0x00, 0x00, 0x00, 0x00, 0x00, 0x00, 0x00, 0x00, 0x00, 0x70,
    0x00, 0x70, 0x00, 0x70, 0x00, 0x70, 0x00, 0x71, 0xc0, 0x73, 0xc0, 0x73, 0x80, 0x77, 0x00, 0x7f,
    0x00, 0x7f, 0x00, 0x7b, 0x80, 0x73, 0x80, 0x71, 0xc0, 0x71, 0xc0, 0x70, 0xc0, 0x70, 0xe0, 0x00,
    0x00, 0x00, 0x00, 0x00, 0x00, 0x00, 0x00, 0x00, 0x00, 0x00, 0x00, 0x00, 0x00, 0x00, 0x00, 0x70,
    0x70, 0x70, 0x70, 0x70, 0x70, 0x70, 0x70, 0x70, 0x70, 0x70, 0x70, 0x70, 0x70, 0x70, 0x70, 0x00,
    0x00, 0x00, 0x00, 0x00, 0x00, 0x00, 0x00, 0x00, 0x00, 0x00, 0x00, 0x00, 0x00, 0x00, 0x00, 0x00,
    0x00, 0x00, 0x00, 0x00, 0x00, 0x00, 0x00, 0x00, 0x00, 0x00, 0x00, 0x00, 0x00, 0x00, 0x00, 0x00,
    0x00, 0x00, 0x77, 0x9e, 0x00, 0x7f, 0xff, 0x00, 0x7b, 0xf7, 0x80, 0x70, 0xe3, 0x80, 0x70, 0xe3,
    0x80, 0x70, 0xe3, 0x80, 0x70, 0xe3, 0x80, 0x70, 0xe3, 0x80, 0x70, 0xe3, 0x80, 0x70, 0xe3, 0x80,
    0x70, 0xe3, 0x80, 0x70, 0xe3, 0x80, 0x00, 0x00, 0x00, 0x00, 0x00, 0x00, 0x00, 0x00, 0x00, 0x00,
    0x00, 0x00, 0x00, 0x00, 0x00, 0x00, 0x00, 0x00, 0x00, 0x00, 0x00, 0x00, 0x00, 0x00, 0x00, 0x00,
    0x00, 0x00, 0x00, 0x00, 0x00, 0x00, 0x00, 0x00, 0x00, 0x77, 0x80, 0x7f, 0xc0, 0x79, 0xc0, 0x70,
    0xe0, 0x70, 0xe0, 0x70, 0xe0, 0x70, 0xe0, 0x70, 0xe0, 0x70, 0xe0, 0x70, 0xe0, 0x70, 0xe0, 0x70,
    0xe0, 0x00, 0x00, 0x00, 0x00, 0x00, 0x00, 0x00, 0x00, 0x00, 0x00, 0x00, 0x00, 0x00, 0x00, 0x00,
    0x00, 0x00, 0x00, 0x00, 0x00, 0x00, 0x00, 0x00, 0x00, 0x00, 0x00, 0x00, 0x00, 0x00, 0x00, 0x0f,
    0x00, 0x3f, 0xc0, 0x39, 0xc0, 0x70, 0xe0, 0x70, 0xe0, 0x70, 0x60, 0x70, 0x60, 0x70, 0xe0, 0x70,
    0xe0, 0x39, 0xc0, 0x1f, 0xc0, 0x0f, 0x00, 0x00, 0x00, 0x00, 0x00, 0x00, 0x00, 0x00, 0x00, 0x00,
    0x00, 0x00, 0x00, 0x00, 0x00, 0x00, 0x00, 0x00, 0x00, 0x00, 0x00, 0x00, 0x00, 0x00, 0x00, 0x00,
    0x00, 0x00, 0x00, 0x00, 0x00, 0x77, 0x80, 0x7f, 0xc0, 0x7d, 0xe0, 0x78, 0xe0, 0x70, 0xe0, 0x70,
    0x60, 0x70, 0x60, 0x70, 0xe0, 0x78, 0xe0, 0x7d, 0xe0, 0x7f, 0xc0, 0x77, 0x80, 0x70, 0x00, 0x70,
    0x00, 0x70, 0x00, 0x70, 0x00, 0x00, 0x00, 0x00, 0x00, 0x00, 0x00, 0x00, 0x00, 0x00, 0x00, 0x00,
    0x00, 0x00, 0x00, 0x00, 0x00, 0x00, 0x00, 0x00, 0x00, 0x00, 0x00, 0x0f, 0xe0, 0x3f, 0xe0, 0x39,
    0xe0, 0x70, 0xe0, 0x70, 0xe0, 0x70, 0xe0, 0x70, 0xe0, 0x70, 0xe0, 0x70, 0xe0, 0x3d, 0xe0, 0x3f,
    0xe0, 0x0f, 0xe0, 0x00, 0xe0, 0x00, 0xe0, 0x00, 0xe0, 0x00, 0xe0, 0x00, 0x00, 0x00, 0x00, 0x00,
    0x00, 0x00, 0x00, 0x00, 0x00, 0x00, 0x00, 0x00, 0x00, 0x00, 0x00, 0x00, 0x00, 0x00, 0x00, 0x00,
    0x00, 0x77, 0x00, 0x7f, 0x00, 0x7c, 0x00, 0x70, 0x00, 0x70, 0x00, 0x70, 0x00, 0x70, 0x00, 0x70,
    0x00, 0x70, 0x00, 0x70, 0x00, 0x70, 0x00, 0x70, 0x00, 0x00, 0x00, 0x00, 0x00, 0x00, 0x00, 0x00,
    0x00, 0x00, 0x00, 0x00, 0x00, 0x00, 0x00, 0x00, 0x00, 0x00, 0x00, 0x00, 0x00, 0x00, 0x00, 0x00,
    0x00, 0x00, 0x00, 0x00, 0x00, 0x00, 0x00, 0x1f, 0x00, 0x3f, 0x80, 0x7b, 0xc0, 0x71, 0xc0, 0x70,
    0x00, 0x3e, 0x00, 0x0f, 0x80, 0x01, 0xc0, 0x61, 0xc0, 0x7b, 0xc0, 0x3f, 0x80, 0x1f, 0x00, 0x00,
    0x00, 0x00, 0x00, 0x00, 0x00, 0x00, 0x00, 0x00, 0x00, 0x00, 0x00, 0x00, 0x00, 0x00, 0x00, 0x00,
    0x38, 0x38, 0x38, 0x7e, 0x7e, 0x38, 0x38, 0x38, 0x38, 0x38, 0x38, 0x38, 0x3c, 0x3e, 0x1e, 0x00,
    0x00, 0x00, 0x00, 0x00, 0x00, 0x00, 0x00, 0x00, 0x00, 0x00, 0x00, 0x00, 0x00, 0x00, 0x00, 0x00,
    0x00, 0x00, 0x00, 0x00, 0x00, 0x00, 0x00, 0x00, 0x70, 0xe0, 0x70, 0xe0, 0x70, 0xe0, 0x70, 0xe0,
    0x70, 0xe0, 0x70, 0xe0, 0x70, 0xe0, 0x70, 0xe0, 0x70, 0xe0, 0x7b, 0xe0, 0x3f, 0xe0, 0x1e, 0xe0,
    0x00, 0x00, 0x00, 0x00, 0x00, 0x00, 0x00, 0x00, 0x00, 0x00, 0x00, 0x00, 0x00, 0x00, 0x00, 0x00,
    0x00, 0x00, 0x00, 0x00, 0x00, 0x00, 0x00, 0x00, 0x00, 0x00, 0x00, 0x00, 0x00, 0x00, 0x60, 0xe0,
    0x71, 0xc0, 0x71, 0xc0, 0x71, 0xc0, 0x39, 0x80, 0x3b, 0x80, 0x3b, 0x80, 0x1f, 0x00, 0x1f, 0x00,
    0x1f, 0x00, 0x0e, 0x00, 0x0e, 0x00, 0x00, 0x00, 0x00, 0x00, 0x00, 0x00, 0x00, 0x00, 0x00, 0x00,
    0x00, 0x00, 0x00, 0x00, 0x00, 0x00, 0x00, 0x00, 0x00, 0x00, 0x00, 0x00, 0x00, 0x00, 0x00, 0x00,
    0x00, 0x00, 0x00, 0x00, 0x00, 0x00, 0x00, 0x00, 0x00, 0x00, 0x00, 0x00, 0x00, 0x00, 0x61, 0xc7,
    0x00, 0x71, 0xc7, 0x00, 0x73, 0xc7, 0x00, 0x73, 0xc6, 0x00, 0x33, 0xee, 0x00, 0x33, 0xee, 0x00,
    0x3f, 0x6e, 0x00, 0x3f, 0x7c, 0x00, 0x1e, 0x7c, 0x00, 0x1e, 0x3c, 0x00, 0x1e, 0x38, 0x00, 0x0e,
    0x38, 0x00, 0x00, 0x00, 0x00, 0x00, 0x00, 0x00, 0x00, 0x00, 0x00, 0x00, 0x00, 0x00, 0x00, 0x00,
    0x00, 0x00, 0x00, 0x00, 0x00, 0x00, 0x00, 0x00, 0x00, 0x00, 0x00, 0x00, 0x00, 0x00, 0x00, 0x00,
    0x00, 0x00, 0x00, 0x00, 0x00, 0x60, 0xe0, 0x71, 0xc0, 0x3b, 0x80, 0x1f, 0x80, 0x1f, 0x00, 0x0f,
    0x00, 0x0f, 0x00, 0x1f, 0x00, 0x1f, 0x80, 0x39, 0x80, 0x71, 0xc0, 0x70, 0xe0, 0x00, 0x00, 0x00,
    0x00, 0x00, 0x00, 0x00, 0x00, 0x00, 0x00, 0x00, 0x00, 0x00, 0x00, 0x00, 0x00, 0x00, 0x00, 0x00,
    0x00, 0x00, 0x00, 0x00, 0x00, 0x00, 0x00, 0x00, 0x00, 0x00, 0x00, 0x60, 0xc0, 0x71, 0xc0, 0x71,
    0xc0, 0x71, 0x80, 0x33, 0x80, 0x3b, 0x80, 0x3b, 0x00, 0x1f, 0x00, 0x1f, 0x00, 0x1e, 0x00, 0x0e,
    0x00, 0x0e, 0x00, 0x0c, 0x00, 0x1c, 0x00, 0x78, 0x00, 0x70, 0x00, 0x00, 0x00, 0x00, 0x00, 0x00,
    0x00, 0x00, 0x00, 0x00, 0x00, 0x00, 0x00, 0x00, 0x00, 0x00, 0x00, 0x00, 0x00, 0x00, 0x00, 0x00,
    0x00, 0x7f, 0x80, 0x7f, 0x80, 0x03, 0x80, 0x07, 0x00, 0x0f, 0x00, 0x0e, 0x00, 0x1c, 0x00, 0x38,
    0x00, 0x70, 0x00, 0x70, 0x00, 0x7f, 0x80, 0x7f, 0x80, 0x00, 0x00, 0x00, 0x00, 0x00, 0x00, 0x00,
    0x00, 0x00, 0x00, 0x00, 0x00, 0x00, 0x00, 0x1e, 0x3e, 0x38, 0x38, 0x38, 0x38, 0x38, 0x38, 0x38,
    0x70, 0x70, 0x78, 0x38, 0x38, 0x38, 0x38, 0x38, 0x38, 0x3c, 0x3e, 0x1e, 0x00, 0x00, 0x00, 0x00,
    0x00, 0x00, 0x00, 0x60, 0x60, 0x60, 0x60, 0x60, 0x60, 0x60, 0x60, 0x60, 0x60, 0x60, 0x60, 0x60,
    0x60, 0x60, 0x60, 0x60, 0x60, 0x60, 0x00, 0x00, 0x00, 0x00, 0x00, 0x00, 0x00, 0x78, 0x78, 0x38,
    0x1c, 0x1c, 0x1c, 0x1c, 0x1c, 0x1c, 0x1e, 0x0e, 0x1c, 0x1c, 0x1c, 0x1c, 0x1c, 0x1c, 0x1c, 0x38,
    0x78, 0x78, 0x00, 0x00, 0x00, 0x00, 0x00, 0x00, 0x00, 0x00, 0x00, 0x00, 0x00, 0x00, 0x00, 0x00,
    0x00, 0x00, 0x00, 0x00, 0x00, 0x00, 0x00, 0x00, 0x00, 0x00, 0x00, 0x00, 0x00, 0x00, 0x38, 0x00,
    0x7e, 0xc0, 0x6f, 0xc0, 0x03, 0x80, 0x00, 0x00, 0x00, 0x00, 0x00, 0x00, 0x00, 0x00, 0x00, 0x00,
    0x00, 0x00, 0x00, 0x00, 0x00, 0x00, 0x00, 0x00, 0x00, 0x00, 0x00, 0x00, 0x00, 0x00, 0x00, 0x00,
    0x00, 0x00, 0x00, 0x00, 0x00, 0x00, 0x00, 0x00, 0x0c, 0x00, 0x0e, 0x00, 0x00, 0x00, 0x1f, 0x00,
    0x3f, 0x80, 0x7b, 0xc0, 0x30, 0xc0, 0x01, 0xc0, 0x3f, 0xc0, 0x7f, 0xc0, 0x70, 0xc0, 0x61, 0xc0,
    0x73, 0xc0, 0x7f, 0xc0, 0x3e, 0xc0, 0x00, 0x00, 0x00, 0x00, 0x00, 0x00, 0x00, 0x00, 0x00, 0x00,
    0x00, 0x00, 0x00, 0x00, 0x00, 0x00, 0x00, 0x00, 0x00, 0x00, 0x00, 0x00, 0x0e, 0x00, 0x1f, 0x00,
    0x19, 0x80, 0x00, 0x00, 0x1f, 0x00, 0x3f, 0x80, 0x7b, 0xc0, 0x30, 0xc0, 0x01, 0xc0, 0x3f, 0xc0,
    0x7f, 0xc0, 0x70, 0xc0, 0x61, 0xc0, 0x73, 0xc0, 0x7f, 0xc0, 0x3e, 0xc0, 0x00, 0x00, 0x00, 0x00,
    0x00, 0x00, 0x00, 0x00, 0x00, 0x00, 0x00, 0x00, 0x00, 0x00, 0x00, 0x00, 0x00, 0x00, 0x00, 0x00,
    0x00, 0x00, 0x00, 0x00, 0x00, 0x00, 0x00, 0x00, 0x00, 0x00, 0x0f, 0x00, 0x3f, 0xc0, 0x39, 0xc0,
    0x70, 0xe0, 0x70, 0x00, 0x70, 0x00, 0x70, 0x00, 0x70, 0x00, 0x70, 0xe0, 0x39, 0xe0, 0x3f, 0xc0,
    0x0f, 0x00, 0x02, 0x00, 0x03, 0x00, 0x07, 0x00, 0x06, 0x00, 0x00, 0x00, 0x00, 0x00, 0x00, 0x00,
    0x00, 0x00, 0x00, 0x00, 0x00, 0x00, 0x00, 0x00, 0x00, 0x00, 0x07, 0x00, 0x06, 0x00, 0x00, 0x00,
    0x0f, 0x00, 0x3f, 0xc0, 0x39, 0xc0, 0x70, 0xe0, 0x70, 0xe0, 0x7f, 0xe0, 0x7f, 0xe0, 0x70, 0x00,
    0x70, 0x00, 0x3d, 0xc0, 0x1f, 0xc0, 0x0f, 0x80, 0x00, 0x00, 0x00, 0x00, 0x00, 0x00, 0x00, 0x00,
    0x00, 0x00, 0x00, 0x00, 0x00, 0x00, 0x00, 0x00, 0x00, 0x00, 0x00, 0x00, 0x00, 0x00, 0x00, 0x00,
    0x0c, 0x00, 0x06, 0x00, 0x00, 0x00, 0x0f, 0x00, 0x3f, 0xc0, 0x39, 0xc0, 0x70, 0xe0, 0x70, 0xe0,
    0x7f, 0xe0, 0x7f, 0xe0, 0x70, 0x00, 0x70, 0x00, 0x3d, 0xc0, 0x1f, 0xc0, 0x0f, 0x80, 0x00, 0x00,
    0x00, 0x00, 0x00, 0x00, 0x00, 0x00, 0x00, 0x00, 0x00, 0x00, 0x00, 0x00, 0x00, 0x00, 0x00, 0x00,
    0x00, 0x00, 0x00, 0x00, 0x0f, 0x00, 0x0f, 0x00, 0x19, 0x80, 0x00, 0x00, 0x0f, 0x00, 0x3f, 0xc0,
    0x39, 0xc0, 0x70, 0xe0, 0x70, 0xe0, 0x7f, 0xe0, 0x7f, 0xe0, 0x70, 0x00, 0x70, 0x00, 0x3d, 0xc0,
    0x1f, 0xc0, 0x0f, 0x80, 0x00, 0x00, 0x00, 0x00, 0x00, 0x00, 0x00, 0x00, 0x00, 0x00, 0x00, 0x00,
    0x00, 0x00, 0x00, 0x00, 0x00, 0x00, 0x00, 0x00, 0x00, 0x00, 0x19, 0x80, 0x3b, 0xc0, 0x19, 0x80,
    0x00, 0x00, 0x0f, 0x00, 0x3f, 0xc0, 0x39, 0xc0, 0x70, 0xe0, 0x70, 0xe0, 0x7f, 0xe0, 0x7f, 0xe0,
    0x70, 0x00, 0x70, 0x00, 0x3d, 0xc0, 0x1f, 0xc0, 0x0f, 0x80, 0x00, 0x00, 0x00, 0x00, 0x00, 0x00,
    0x00, 0x00, 0x00, 0x00, 0x00, 0x00, 0x00, 0x00, 0x00, 0x00, 0x38, 0x7c, 0xee, 0x00, 0x38, 0x38,
    0x38, 0x38, 0x38, 0x38, 0x38, 0x38, 0x38, 0x38, 0x38, 0x38, 0x00, 0x00, 0x00, 0x00, 0x00, 0x00,
    0x00, 0x00, 0x00, 0x00, 0x00, 0x00, 0x00, 0x00, 0x00, 0x00, 0x00, 0x77, 0x00, 0x77, 0x00, 0x77,
    0x00, 0x00, 0x00, 0x1c, 0x00, 0x1c, 0x00, 0x1c, 0x00, 0x1c, 0x00, 0x1c, 0x00, 0x1c, 0x00, 0x1c,
    0x00, 0x1c, 0x00, 0x1c, 0x00, 0x1c, 0x00, 0x1c, 0x00, 0x1c, 0x00, 0x00, 0x00, 0x00, 0x00, 0x00,
    0x00, 0x00, 0x00, 0x00, 0x00, 0x00, 0x00, 0x00, 0x00, 0x00, 0x00, 0x00, 0x00, 0x00, 0x00, 0x00,
    0x00, 0x0f, 0x00, 0x0f, 0x00, 0x19, 0x80, 0x00, 0x00, 0x0f, 0x00, 0x3f, 0xc0, 0x39, 0xc0, 0x70,
    0xe0, 0x70, 0xe0, 0x70, 0x60, 0x70, 0x60, 0x70, 0xe0, 0x70, 0xe0, 0x39, 0xc0, 0x1f, 0xc0, 0x0f,
    0x00, 0x00, 0x00, 0x00, 0x00, 0x00, 0x00, 0x00, 0x00, 0x00, 0x00, 0x00, 0x00, 0x00, 0x00, 0x00,
    0x00, 0x00, 0x00, 0x00, 0x00, 0x00, 0x00, 0x00, 0x00, 0x0c, 0x00, 0x06, 0x00, 0x00, 0x00, 0x70,
    0xe0, 0x70, 0xe0, 0x70, 0xe0, 0x70, 0xe0, 0x70, 0xe0, 0x70, 0xe0, 0x70, 0xe0, 0x70, 0xe0, 0x70,
    0xe0, 0x7b, 0xe0, 0x3f, 0xe0, 0x1e, 0xe0, 0x00, 0x00, 0x00, 0x00, 0x00, 0x00, 0x00, 0x00, 0x00,
    0x00, 0x00, 0x00, 0x00, 0x00, 0x00, 0x00, 0x00, 0x00, 0x00, 0x00, 0x00, 0x00, 0x0f, 0x00, 0x0f,
    0x00, 0x19, 0x80, 0x00, 0x00, 0x70, 0xe0, 0x70, 0xe0, 0x70, 0xe0, 0x70, 0xe0, 0x70, 0xe0, 0x70,
    0xe0, 0x70, 0xe0, 0x70, 0xe0, 0x70, 0xe0, 0x7b, 0xe0, 0x3f, 0xe0, 0x1e, 0xe0, 0x00, 0x00, 0x00,
    0x00, 0x00, 0x00, 0x00, 0x00, 0x00, 0x00, 0x00, 0x00, 0x00, 0x00, 0x00, 0x00, 0x00, 0x00, 0x00,
    0x00, 0x00, 0x00, 0x19, 0x80, 0x3b, 0xc0, 0x19, 0x80, 0x00, 0x00, 0x70, 0xe0, 0x70, 0xe0, 0x70,
    0xe0, 0x70, 0xe0, 0x70, 0xe0, 0x70, 0xe0, 0x70, 0xe0, 0x70, 0xe0, 0x70, 0xe0, 0x7b, 0xe0, 0x3f,
    0xe0, 0x1e, 0xe0, 0x00, 0x00, 0x00, 0x00, 0x00, 0x00, 0x00, 0x00, 0x00, 0x00, 0x00, 0x00, 0x00,
    0x00, 0x00, 0x00, 0x06, 0x00, 0x03, 0x00, 0x00, 0x00, 0x07, 0x80, 0x07, 0x80, 0x07, 0xc0, 0x0f,
    0xc0, 0x0f, 0xc0, 0x0e, 0xc0, 0x1c, 0xe0, 0x1c, 0xe0, 0x1c, 0x60, 0x18, 0x70, 0x38, 0x70, 0x3f,
    0xf0, 0x3f, 0xf8, 0x70, 0x38, 0x70, 0x38, 0x70, 0x1c, 0x00, 0x00, 0x00, 0x00, 0x00, 0x00, 0x00,
    0x00, 0x00, 0x00, 0x00, 0x00, 0x00, 0x00, 0x07, 0x80, 0x07, 0x80, 0x0c, 0xc0, 0x00, 0x00, 0x07,
    0x80, 0x07, 0x80, 0x07, 0xc0, 0x0f, 0xc0, 0x0f, 0xc0, 0x0e, 0xc0, 0x1c, 0xe0, 0x1c, 0xe0, 0x1c,
    0x60, 0x18, 0x70, 0x38, 0x70, 0x3f, 0xf0, 0x3f, 0xf8, 0x70, 0x38, 0x70, 0x38, 0x70, 0x1c, 0x00,
    0x00, 0x00, 0x00, 0x00, 0x00, 0x00, 0x00, 0x00, 0x00, 0x00, 0x00, 0x00, 0x00, 0x00, 0x00, 0x00,
    0x00, 0x00, 0x00, 0x00, 0x00, 0x0f, 0x80, 0x1f, 0xe0, 0x3d, 0xf0, 0x70, 0x70, 0x70, 0x30, 0x70,
    0x00, 0x70, 0x00, 0x70, 0x00, 0x70, 0x00, 0x70, 0x00, 0x70, 0x00, 0x70, 0x30, 0x70, 0x70, 0x3c,
    0xf0, 0x1f, 0xe0, 0x0f, 0x80, 0x03, 0x00, 0x03, 0x00, 0x07, 0x00, 0x07, 0x00, 0x00, 0x00, 0x00,
    0x00, 0x00, 0x00, 0x00, 0x00, 0x03, 0x80, 0x03, 0x00, 0x00, 0x00, 0x3f, 0xf0, 0x3f, 0xf0, 0x30,
    0x00, 0x30, 0x00, 0x30, 0x00, 0x30, 0x00, 0x30, 0x00, 0x3f, 0xc0, 0x3f, 0xc0, 0x30, 0x00, 0x30,
    0x00, 0x30, 0x00, 0x30, 0x00, 0x30, 0x00, 0x3f, 0xf0, 0x3f, 0xf0, 0x00, 0x00, 0x00, 0x00, 0x00,
    0x00, 0x00, 0x00, 0x00, 0x00, 0x00, 0x00, 0x00, 0x00, 0x00, 0x00, 0x06, 0x00, 0x07, 0x00, 0x00,
    0x00, 0x3f, 0xf0, 0x3f, 0xf0, 0x30, 0x00, 0x30, 0x00, 0x30, 0x00, 0x30, 0x00, 0x30, 0x00, 0x3f,
    0xc0, 0x3f, 0xc0, 0x30, 0x00, 0x30, 0x00, 0x30, 0x00, 0x30, 0x00, 0x30, 0x00, 0x3f, 0xf0, 0x3f,
    0xf0, 0x00, 0x00, 0x00, 0x00, 0x00, 0x00, 0x00, 0x00, 0x00, 0x00, 0x00, 0x00, 0x00, 0x00, 0x07,
    0x00, 0x0f, 0x80, 0x0c, 0xc0, 0x00, 0x00, 0x3f, 0xf0, 0x3f, 0xf0, 0x30, 0x00, 0x30, 0x00, 0x30,
    0x00, 0x30, 0x00, 0x30, 0x00, 0x3f, 0xc0, 0x3f, 0xc0, 0x30, 0x00, 0x30, 0x00, 0x30, 0x00, 0x30,
    0x00, 0x30, 0x00, 0x3f, 0xf0, 0x3f, 0xf0, 0x00, 0x00, 0x00, 0x00, 0x00, 0x00, 0x00, 0x00, 0x00,
    0x00, 0x00, 0x00, 0x3c, 0x7c, 0x66, 0x00, 0x18, 0x18, 0x18, 0x18, 0x18, 0x18, 0x18, 0x18, 0x18,
    0x18, 0x18, 0x18, 0x18, 0x18, 0x18, 0x18, 0x00, 0x00, 0x00, 0x00, 0x00, 0x00, 0x00, 0x00, 0x00,
    0x07, 0x00, 0x0f, 0x80, 0x0c, 0xc0, 0x00, 0x00, 0x0f, 0x80, 0x1f, 0xe0, 0x3d, 0xf0, 0x30, 0x70,
    0x70, 0x30, 0x70, 0x30, 0x70, 0x38, 0x70, 0x38, 0x70, 0x38, 0x70, 0x38, 0x70, 0x30, 0x70, 0x30,
    0x30, 0x70, 0x3d, 0xf0, 0x1f, 0xe0, 0x0f, 0x80, 0x00, 0x00, 0x00, 0x00, 0x00, 0x00, 0x00, 0x00,
    0x00, 0x00, 0x00, 0x00, 0x00, 0x00, 0x00, 0x00, 0x06, 0x00, 0x03, 0x00, 0x00, 0x00, 0x70, 0x38,
    0x70, 0x38, 0x70, 0x38, 0x70, 0x38, 0x70, 0x38, 0x70, 0x38, 0x70, 0x38, 0x70, 0x38, 0x70, 0x38,
    0x70, 0x38, 0x70, 0x38, 0x70, 0x30, 0x38, 0x70, 0x3c, 0xf0, 0x1f, 0xe0, 0x0f, 0xc0, 0x00, 0x00,
    0x00, 0x00, 0x00, 0x00, 0x00, 0x00, 0x00, 0x00, 0x00, 0x00, 0x00, 0x00, 0x07, 0x80, 0x07, 0x80,
    0x0c, 0xc0, 0x00, 0x00, 0x70, 0x38, 0x70, 0x38, 0x70, 0x38, 0x70, 0x38, 0x70, 0x38, 0x70, 0x38,
    0x70, 0x38, 0x70, 0x38, 0x70, 0x38, 0x70, 0x38, 0x70, 0x38, 0x70, 0x30, 0x38, 0x70, 0x3c, 0xf0,
    0x1f, 0xe0, 0x0f, 0xc0, 0x00, 0x00, 0x00, 0x00, 0x00, 0x00, 0x00, 0x00, 0x00, 0x00, 0x00, 0x00,
    0x00, 0x3c, 0x7e, 0x77, 0xc3, 0xc3, 0x77, 0x7e, 0x3c, 0x00, 0x00, 0x00, 0x00, 0x00, 0x00, 0x00,
    0x00, 0x00, 0x00, 0x00, 0x00, 0x00, 0x00, 0x00, 0x00, 0x00, 0x00, 0x00, 0x38, 0x7c, 0x66, 0x46,
    0x0c, 0x18, 0x38, 0x30, 0x7e, 0x7e, 0x00, 0x00, 0x00, 0x00, 0x00, 0x00, 0x00, 0x00, 0x00, 0x00,
    0x00, 0x00, 0x00, 0x00, 0x00, 0x00, 0x00, 0x00, 0x00, 0x00, 0x00, 0x00, 0x00, 0x00, 0x00, 0x00,
    0x00, 0x00, 0x70, 0x70, 0x70, 0x00, 0x00, 0x00, 0x00, 0x00, 0x00, 0x00, 0x00, 0x00, 0x00, 0x00,
    0x00, 0x00, 0x00, 0x00, 0x00, 0x70, 0x60, 0x60, 0xe0, 0xc0, 0x00, 0x00, 0x00, 0x00, 0x00, 0x00,
    0x00, 0x00, 0x00, 0x00, 0x00, 0x00, 0x00, 0x00, 0x00, 0x00, 0x00, 0x00, 0x00, 0x00, 0x00, 0x00,
    0x00, 0x00, 0x00, 0x00, 0x00, 0x00, 0x00, 0x00, 0x00, 0x00, 0x00, 0x00, 0x00, 0x00, 0x00, 0x00,
    0x00, 0x00, 0x00, 0x00, 0x00, 0x00, 0x00, 0x00, 0x7f, 0xfc, 0x7f, 0xfc, 0x00, 0x00, 0x00, 0x00,
    0x00, 0x00, 0x00, 0x00, 0x00, 0x00, 0x00, 0x00, 0x00, 0x00, 0x00, 0x00, 0x00, 0x00, 0x00, 0x00,
};
static const ui_glyph_t font_title_glyphs[] = {
    {0x0020, 4, 4, 0, 0},
    {0x0021, 7, 7, 0, 27},
    {0x0022, 7, 7, 0, 54},
    {0x0023, 15, 15, 0, 81},
    {0x0024, 12, 12, 0, 135},
    {0x0025, 18, 18, 0, 189},
    {0x0026, 15, 15, 0, 270},
    {0x0027, 4, 3, 0, 324},
    {0x0028, 8, 7, -1, 351},
    {0x0029, 8, 7, 0, 378},
    {0x002a, 9, 9, 0, 405},
    {0x002b, 11, 11, 0, 459},
    {0x002c, 6, 6, 0, 513},
    {0x002d, 9, 9, 0, 540},
    {0x002e, 6, 6, 0, 594},
    {0x002f, 10, 10, 0, 621},
    {0x0030, 13, 13, 0, 675},
    {0x0031, 8, 8, 0, 729},
    {0x0032, 12, 12, 0, 756},
    {0x0033, 12, 12, 0, 810},
    {0x0034, 13, 13, 0, 864},
    {0x0035, 12, 12, 0, 918},
    {0x0036, 12, 12, 0, 972},
    {0x0037, 11, 11, 0, 1026},
    {0x0038, 12, 12, 0, 1080},
    {0x0039, 12, 12, 0, 1134},
    {0x003a, 8, 8, 0, 1188},
    {0x003b, 7, 7, 0, 1215},
    {0x003c, 11, 11, 0, 1242},
    {0x003d, 11, 11, 0, 1296},
    {0x003e, 11, 11, 0, 1350},
    {0x003f, 11, 11, 0, 1404},
    {0x0040, 18, 18, 0, 1458},
    {0x0041, 14, 14, 0, 1539},
    {0x0042, 14, 14, 0, 1593},
    {0x0043, 13, 13, 0, 1647},
    {0x0044, 14, 14, 0, 1701},
    {0x0045, 13, 13, 0, 1755},
    {0x0046, 13, 12, 0, 1809},
    {0x0047, 13, 13, 0, 1863},
    {0x0048, 14, 14, 0, 1917},
    {0x0049, 6, 6, 0, 1971},
    {0x004a, 13, 13, 0, 1998},
    {0x004b, 14, 14, 0, 2052},
    {0x004c, 13, 13, 0, 2106},
    {0x004d, 16, 16, 0, 2160},
    {0x004e, 15, 15, 0, 2214},
    {0x004f, 14, 14, 0, 2268},
    {0x0050, 13, 13, 0, 2322},
    {0x0051, 13, 13, 0, 2376},
    {0x0052, 13, 13, 0, 2430},
    {0x0053, 13, 13, 0, 2484},
    {0x0054, 13, 13, 0, 2538},
    {0x0055, 14, 14, 0, 2592},
    {0x0056, 13, 13, 0, 2646},
    {0x0057, 19, 19, 0, 2700},
    {0x0058, 14, 14, 0, 2781},
    {0x0059, 13, 13, 0, 2835},
    {0x005a, 12, 12, 0, 2889},
    {0x005b, 9, 9, 0, 2943},
    {0x005c, 10, 10, 0, 2997},
    {0x005d, 9, 9, 0, 3051},
    {0x005e, 10, 10, 0, 3105},
    {0x005f, 11, 11, 0, 3159},
    {0x0060, 5, 5, 0, 3213},
    {0x0061, 11, 11, 0, 3240},
    {0x0062, 12, 12, 0, 3294},
    {0x0063, 12, 12, 0, 3348},
    {0x0064, 12, 12, 0, 3402},
    {0x0065, 12, 12, 0, 3456},
    {0x0066, 8, 8, 0, 3510},
    {0x0067, 12, 12, 0, 3537},
    {0x0068, 12, 12, 0, 3591},
    {0x0069, 6, 6, 0, 3645},
    {0x006a, 8, 6, -2, 3672},
    {0x006b, 11, 11, 0, 3699},
    {0x006c, 5, 5, 0, 3753},
    {0x006d, 18, 18, 0, 3780},
    {0x006e, 12, 12, 0, 3861},
    {0x006f, 12, 12, 0, 3915},
    {0x0070, 12, 12, 0, 3969},
    {0x0071, 12, 12, 0, 4023},
    {0x0072, 9, 8, 0, 4077},
    {0x0073, 11, 11, 0, 4131},
    {0x0074, 8, 8, 0, 4185},
    {0x0075, 12, 12, 0, 4212},
    {0x0076, 11, 11, 0, 4266},
    {0x0077, 17, 17, 0, 4320},
    {0x0078, 11, 11, 0, 4401},
    {0x0079, 11, 11, 0, 4455},
    {0x007a, 10, 10, 0, 4509},
    {0x007b, 8, 8, 0, 4563},
    {0x007c, 4, 4, 0, 4590},
    {0x007d, 8, 8, 0, 4617},
    {0x007e, 11, 11, 0, 4644},
    {0x00e0, 11, 11, 0, 4698},
    {0x00e2, 11, 11, 0, 4752},
    {0x00e7, 12, 12, 0, 4806},
    {0x00e9, 12, 12, 0, 4860},
    {0x00e8, 12, 12, 0, 4914},
    {0x00ea, 12, 12, 0, 4968},
    {0x00eb, 12, 12, 0, 5022},
    {0x00ee, 7, 5, -1, 5076},
    {0x00ef, 9, 5, -2, 5103},
    {0x00f4, 12, 12, 0, 5157},
    {0x00f9, 12, 12, 0, 5211},
    {0x00fb, 12, 12, 0, 5265},
    {0x00fc, 12, 12, 0, 5319},
    {0x00c0, 14, 14, 0, 5373},
    {0x00c2, 14, 14, 0, 5427},
    {0x00c7, 13, 13, 0, 5481},
    {0x00c9, 13, 13, 0, 5535},
    {0x00c8, 13, 13, 0, 5589},
    {0x00ca, 13, 13, 0, 5643},
    {0x00ce, 8, 6, -1, 5697},
    {0x00d4, 14, 14, 0, 5724},
    {0x00d9, 14, 14, 0, 5778},
    {0x00db, 14, 14, 0, 5832},
    {0x00b0, 8, 8, 0, 5886},
    {0x00b2, 7, 7, 0, 5913},
    {0x00b7, 5, 5, 0, 5940},
    {0x2019, 4, 4, 0, 5967},
    {0x2014, 15, 15, 0, 5994},
};
const ui_font_t font_title = {27, 22, 6, 123, font_title_glyphs, font_title_bits};

static const uint8_t font_label_bits[] = {
    0x00, 0x00, 0x00, 0x00, 0x00, 0x00, 0x00, 0x00, 0x00, 0x00, 0x00, 0x00, 0x00, 0x00, 0x00, 0x00,
    0x00, 0x00, 0x00, 0x00, 0x00, 0x00, 0x20, 0x20, 0x20, 0x20, 0x20, 0x20, 0x20, 0x00, 0x00, 0x60,
    0x20, 0x00, 0x00, 0x00, 0x00, 0x00, 0x00, 0x00, 0xd8, 0xd8, 0xd8, 0x00, 0x00, 0x00, 0x00, 0x00,
    0x00, 0x00, 0x00, 0x00, 0x00, 0x00, 0x00, 0x00, 0x00, 0x00, 0x00, 0x00, 0x00, 0x00, 0x00, 0x00,
    0x19, 0x00, 0x1b, 0x00, 0x7f, 0x80, 0x3f, 0x80, 0x33, 0x00, 0x33, 0x00, 0x7f, 0x80, 0x7f, 0x00,
    0x36, 0x00, 0x26, 0x00, 0x00, 0x00, 0x00, 0x00, 0x00, 0x00, 0x00, 0x00, 0x00, 0x00, 0x18, 0x00,
    0x18, 0x00, 0x7e, 0x00, 0x67, 0x00, 0x63, 0x00, 0x60, 0x00, 0x38, 0x00, 0x1e, 0x00, 0x07, 0x00,
    0x43, 0x00, 0x63, 0x00, 0x7e, 0x00, 0x1c, 0x00, 0x18, 0x00, 0x00, 0x00, 0x00, 0x00, 0x00, 0x00,
    0x00, 0x00, 0x00, 0x00, 0x00, 0x00, 0x38, 0xc0, 0x7c, 0x80, 0x4d, 0x80, 0x7d, 0x00, 0x3a, 0x00,
    0x02, 0x00, 0x04, 0xe0, 0x0d, 0xe0, 0x09, 0x30, 0x19, 0xe0, 0x10, 0xe0, 0x00, 0x00, 0x00, 0x00,
    0x00, 0x00, 0x00, 0x00, 0x00, 0x00, 0x00, 0x00, 0x00, 0x00, 0x3c, 0x00, 0x3e, 0x00, 0x66, 0x00,
    0x36, 0x00, 0x3e, 0x00, 0x3c, 0x00, 0x7c, 0x80, 0x67, 0x80, 0x67, 0x00, 0x7f, 0x80, 0x3d, 0x80,
    0x00, 0x00, 0x00, 0x00, 0x00, 0x00, 0x00, 0x00, 0x00, 0x00, 0xc0, 0xc0, 0xc0, 0x00, 0x00, 0x00,
    0x00, 0x00, 0x00, 0x00, 0x00, 0x00, 0x00, 0x00, 0x00, 0x00, 0x00, 0x10, 0x30, 0x30, 0x60, 0x60,
    0x60, 0x60, 0x60, 0x60, 0x60, 0x30, 0x30, 0x10, 0x00, 0x00, 0x00, 0x00, 0x00, 0x60, 0x30, 0x30,
    0x30, 0x18, 0x18, 0x18, 0x18, 0x18, 0x30, 0x30, 0x30, 0x60, 0x00, 0x00, 0x00, 0x00, 0x00, 0x00,
    0x30, 0xf8, 0x78, 0x78, 0x30, 0x00, 0x00, 0x00, 0x00, 0x00, 0x00, 0x00, 0x00, 0x00, 0x00, 0x00,
    0x00, 0x00, 0x00, 0x00, 0x00, 0x10, 0x10, 0x10, 0xfe, 0x7e, 0x10, 0x10, 0x00, 0x00, 0x00, 0x00,
    0x00, 0x00, 0x00, 0x00, 0x00, 0x00, 0x00, 0x00, 0x00, 0x00, 0x00, 0x00, 0x60, 0x60, 0x40, 0x40,
    0x00, 0x00, 0x00, 0x00, 0x00, 0x00, 0x00, 0x00, 0x00, 0x00, 0x00, 0x78, 0xfc, 0x00, 0x00, 0x00,
    0x00, 0x00, 0x00, 0x00, 0x00, 0x00, 0x00, 0x00, 0x00, 0x00, 0x00, 0x00, 0x00, 0x00, 0x00, 0x00,
    0x00, 0x60, 0x60, 0x00, 0x00, 0x00, 0x00, 0x00, 0x00, 0x00, 0x0c, 0x08, 0x18, 0x18, 0x10, 0x30,
    0x30, 0x60, 0x60, 0x60, 0xc0, 0x00, 0x00, 0x00, 0x00, 0x00, 0x00, 0x00, 0x00, 0x00, 0x00, 0x00,
    0x3c, 0x00, 0x7e, 0x00, 0x63, 0x00, 0x63, 0x00, 0x63, 0x00, 0x63, 0x00, 0x63, 0x00, 0x63, 0x00,
    0x63, 0x00, 0x7e, 0x00, 0x3c, 0x00, 0x00, 0x00, 0x00, 0x00, 0x00, 0x00, 0x00, 0x00, 0x00, 0x00,
    0x70, 0x70, 0x30, 0x30, 0x30, 0x30, 0x30, 0x30, 0x30, 0x30, 0x30, 0x00, 0x00, 0x00, 0x00, 0x00,
    0x00, 0x00, 0x3c, 0x7e, 0x66, 0x46, 0x06, 0x0c, 0x1c, 0x38, 0x30, 0x7e, 0x7f, 0x00, 0x00, 0x00,
    0x00, 0x00, 0x00, 0x00, 0x7e, 0x7e, 0x0c, 0x18, 0x3c, 0x06, 0x06, 0x46, 0x66, 0x7e, 0x3c, 0x00,
    0x00, 0x00, 0x00, 0x00, 0x00, 0x00, 0x00, 0x00, 0x00, 0x00, 0x18, 0x00, 0x18, 0x00, 0x30, 0x00,
    0x30, 0x00, 0x66, 0x00, 0x66, 0x00, 0x7f, 0x00, 0x7f, 0x00, 0x06, 0x00, 0x06, 0x00, 0x06, 0x00,
    0x00, 0x00, 0x00, 0x00, 0x00, 0x00, 0x00, 0x00, 0x00, 0x00, 0x7e, 0x7e, 0x60, 0x60, 0x7c, 0x7e,
    0x46, 0x06, 0x66, 0x7e, 0x3c, 0x00, 0x00, 0x00, 0x00, 0x00, 0x00, 0x00, 0x3c, 0x7e, 0x66, 0x60,
    0x7c, 0x7e, 0x66, 0x66, 0x66, 0x7e, 0x3c, 0x00, 0x00, 0x00, 0x00, 0x00, 0x00, 0x00, 0xfe, 0xfe,
    0x06, 0x0c, 0x0c, 0x0c, 0x18, 0x18, 0x18, 0x30, 0x30, 0x00, 0x00, 0x00, 0x00, 0x00, 0x00, 0x00,
    0x3c, 0x7e, 0x66, 0x66, 0x7e, 0x3c, 0x66, 0x66, 0x66, 0x7e, 0x3c, 0x00, 0x00, 0x00, 0x00, 0x00,
    0x00, 0x00, 0x3c, 0x7e, 0x66, 0x46, 0x66, 0x7e, 0x3e, 0x06, 0x66, 0x7e, 0x3c, 0x00, 0x00, 0x00,
    0x00, 0x00, 0x00, 0x00, 0x00, 0x00, 0x00, 0x00, 0x30, 0x30, 0x00, 0x00, 0x00, 0x30, 0x30, 0x00,
    0x00, 0x00, 0x00, 0x00, 0x00, 0x00, 0x00, 0x00, 0x00, 0x60, 0x60, 0x00, 0x00, 0x00, 0x20, 0x60,
    0x60, 0x60, 0x00, 0x00, 0x00, 0x00, 0x00, 0x00, 0x00, 0x00, 0x00, 0x02, 0x0e, 0x3c, 0xe0, 0x70,
    0x3c, 0x0e, 0x00, 0x00, 0x00, 0x00, 0x00, 0x00, 0x00, 0x00, 0x00, 0x00, 0x00, 0x00, 0x7e, 0xfe,
    0x7e, 0xfe, 0x00, 0x00, 0x00, 0x00, 0x00, 0x00, 0x00, 0x00, 0x00, 0x00, 0x00, 0x00, 0x00, 0x00,
    0xe0, 0x3c, 0x0e, 0x0e, 0x78, 0xe0, 0x00, 0x00, 0x00, 0x00, 0x00, 0x00, 0x00, 0x00, 0x3c, 0x7e,
    0xc6, 0x46, 0x0e, 0x1c, 0x18, 0x10, 0x00, 0x10, 0x30, 0x00, 0x00, 0x00, 0x00, 0x00, 0x00, 0x00,
    0x00, 0x00, 0x00, 0x00, 0x03, 0x00, 0x1f, 0xc0, 0x38, 0x60, 0x22, 0x20, 0x6f, 0x30, 0x49, 0x30,
    0x49, 0x20, 0x4b, 0x20, 0x4f, 0xc0, 0x60, 0x00, 0x3f, 0x00, 0x1f, 0x00, 0x00, 0x00, 0x00, 0x00,
    0x00, 0x00, 0x00, 0x00, 0x00, 0x00, 0x00, 0x00, 0x0c, 0x00, 0x1c, 0x00, 0x1e, 0x00, 0x1e, 0x00,
    0x36, 0x00, 0x33, 0x00, 0x33, 0x00, 0x73, 0x00, 0x7f, 0x80, 0x61, 0x80, 0xc1, 0x80, 0x00, 0x00,
    0x00, 0x00, 0x00, 0x00, 0x00, 0x00, 0x00, 0x00, 0x00, 0x00, 0x00, 0x00, 0x7e, 0x00, 0x7f, 0x00,
    0x63, 0x00, 0x61, 0x00, 0x63, 0x00, 0x7e, 0x00, 0x7f, 0x00, 0x61, 0x80, 0x61, 0x00, 0x7f, 0x00,
    0x7e, 0x00, 0x00, 0x00, 0x00, 0x00, 0x00, 0x00, 0x00, 0x00, 0x00, 0x00, 0x00, 0x00, 0x00, 0x00,
    0x3e, 0x00, 0x7f, 0x00, 0x63, 0x00, 0x61, 0x00, 0x60, 0x00, 0x60, 0x00, 0x60, 0x00, 0x61, 0x00,
    0x63, 0x00, 0x7f, 0x00, 0x3e, 0x00, 0x00, 0x00, 0x00, 0x00, 0x00, 0x00, 0x00, 0x00, 0x00, 0x00,
    0x00, 0x00, 0x00, 0x00, 0x7e, 0x00, 0x7f, 0x00, 0x63, 0x00, 0x61, 0x80, 0x61, 0x80, 0x61, 0x80,
    0x61, 0x80, 0x61, 0x80, 0x63, 0x00, 0x7f, 0x00, 0x7e, 0x00, 0x00, 0x00, 0x00, 0x00, 0x00, 0x00,
    0x00, 0x00, 0x00, 0x00, 0x00, 0x00, 0x00, 0x00, 0x7f, 0x00, 0x7f, 0x00, 0x60, 0x00, 0x60, 0x00,
    0x60, 0x00, 0x7e, 0x00, 0x7c, 0x00, 0x60, 0x00, 0x60, 0x00, 0x7f, 0x00, 0x7f, 0x00, 0x00, 0x00,
    0x00, 0x00, 0x00, 0x00, 0x00, 0x00, 0x00, 0x00, 0x00, 0x00, 0x00, 0x00, 0x7f, 0x00, 0x7f, 0x00,
    0x60, 0x00, 0x60, 0x00, 0x60, 0x00, 0x7e, 0x00, 0x7c, 0x00, 0x60, 0x00, 0x60, 0x00, 0x60, 0x00,
    0x60, 0x00, 0x00, 0x00, 0x00, 0x00, 0x00, 0x00, 0x00, 0x00, 0x00, 0x00, 0x00, 0x00, 0x00, 0x00,
    0x3e, 0x00, 0x7f, 0x00, 0x63, 0x00, 0x61, 0x00, 0x60, 0x00, 0x6f, 0x00, 0x67, 0x00, 0x61, 0x00,
    0x63, 0x00, 0x7f, 0x00, 0x3e, 0x00, 0x00, 0x00, 0x00, 0x00, 0x00, 0x00, 0x00, 0x00, 0x00, 0x00,
    0x00, 0x00, 0x00, 0x00, 0x61, 0x80, 0x61, 0x80, 0x61, 0x80, 0x61, 0x80, 0x61, 0x80, 0x7f, 0x80,
    0x7f, 0x80, 0x61, 0x80, 0x61, 0x80, 0x61, 0x80, 0x61, 0x80, 0x00, 0x00, 0x00, 0x00, 0x00, 0x00,
    0x00, 0x00, 0x00, 0x00, 0x60, 0x60, 0x60, 0x60, 0x60, 0x60, 0x60, 0x60, 0x60, 0x60, 0x60, 0x00,
    0x00, 0x00, 0x00, 0x00, 0x00, 0x00, 0x00, 0x00, 0x00, 0x00, 0x03, 0x00, 0x03, 0x00, 0x03, 0x00,
    0x03, 0x00, 0x03, 0x00, 0x03, 0x00, 0x43, 0x00, 0xc3, 0x00, 0xc3, 0x00, 0x7e, 0x00, 0x3c, 0x00,
    0x00, 0x00, 0x00, 0x00, 0x00, 0x00, 0x00, 0x00, 0x00, 0x00, 0x00, 0x00, 0x00, 0x00, 0x63, 0x80,
    0x63, 0x00, 0x66, 0x00, 0x6c, 0x00, 0x7c, 0x00, 0x7c, 0x00, 0x7c, 0x00, 0x66, 0x00, 0x67, 0x00,
    0x63, 0x00, 0x61, 0x80, 0x00, 0x00, 0x00, 0x00, 0x00, 0x00, 0x00, 0x00, 0x00, 0x00, 0x00, 0x00,
    0x00, 0x00, 0x60, 0x00, 0x60, 0x00, 0x60, 0x00, 0x60, 0x00, 0x60, 0x00, 0x60, 0x00, 0x60, 0x00,
    0x60, 0x00, 0x60, 0x00, 0x7f, 0x00, 0x7f, 0x00, 0x00, 0x00, 0x00, 0x00, 0x00, 0x00, 0x00, 0x00,
    0x00, 0x00, 0x00, 0x00, 0x00, 0x00, 0x60, 0xc0, 0x71, 0xc0, 0x73, 0xc0, 0x7b, 0xc0, 0x6e, 0xc0,
    0x6e, 0xc0, 0x60, 0xc0, 0x60, 0xc0, 0x60, 0xc0, 0x60, 0xc0, 0x60, 0xc0, 0x00, 0x00, 0x00, 0x00,
    0x00, 0x00, 0x00, 0x00, 0x00, 0x00, 0x00, 0x00, 0x00, 0x00, 0x61, 0x80, 0x71, 0x80, 0x71, 0x80,
    0x79, 0x80, 0x79, 0x80, 0x6d, 0x80, 0x67, 0x80, 0x67, 0x80, 0x63, 0x80, 0x63, 0x80, 0x61, 0x80,
    0x00, 0x00, 0x00, 0x00, 0x00, 0x00, 0x00, 0x00, 0x00, 0x00, 0x00, 0x00, 0x00, 0x00, 0x1e, 0x00,
    0x7f, 0x00, 0x63, 0x00, 0x61, 0x80, 0x61, 0x80, 0x61, 0x80, 0x61, 0x80, 0x61, 0x80, 0x63, 0x00,
    0x7f, 0x00, 0x1e, 0x00, 0x00, 0x00, 0x00, 0x00, 0x00, 0x00, 0x00, 0x00, 0x00, 0x00, 0x00, 0x00,
    0x00, 0x00, 0x7e, 0x00, 0x7f, 0x00, 0x63, 0x00, 0x61, 0x80, 0x63, 0x00, 0x7f, 0x00, 0x7c, 0x00,
    0x60, 0x00, 0x60, 0x00, 0x60, 0x00, 0x60, 0x00, 0x00, 0x00, 0x00, 0x00, 0x00, 0x00, 0x00, 0x00,
    0x00, 0x00, 0x00, 0x00, 0x00, 0x00, 0x3c, 0x00, 0x7f, 0x00, 0x63, 0x00, 0x63, 0x00, 0x63, 0x00,
    0x63, 0x00, 0x63, 0x00, 0x63, 0x00, 0x63, 0x00, 0x3e, 0x00, 0x1c, 0x00, 0x18, 0x00, 0x00, 0x00,
    0x00, 0x00, 0x00, 0x00, 0x00, 0x00, 0x00, 0x00, 0x00, 0x00, 0x7e, 0x00, 0x7f, 0x00, 0x63, 0x00,
    0x61, 0x80, 0x63, 0x00, 0x7f, 0x00, 0x7e, 0x00, 0x66, 0x00, 0x63, 0x00, 0x63, 0x00, 0x61, 0x00,
    0x00, 0x00, 0x00, 0x00, 0x00, 0x00, 0x00, 0x00, 0x00, 0x00, 0x00, 0x00, 0x00, 0x00, 0x3e, 0x00,
    0x7f, 0x00, 0x63, 0x00, 0x61, 0x00, 0x70, 0x00, 0x3e, 0x00, 0x07, 0x00, 0x43, 0x00, 0x63, 0x00,
    0x7f, 0x00, 0x3e, 0x00, 0x00, 0x00, 0x00, 0x00, 0x00, 0x00, 0x00, 0x00, 0x00, 0x00, 0x00, 0x00,
    0x00, 0x00, 0xff, 0x00, 0x7f, 0x00, 0x18, 0x00, 0x18, 0x00, 0x18, 0x00, 0x18, 0x00, 0x18, 0x00,
    0x18, 0x00, 0x18, 0x00, 0x18, 0x00, 0x18, 0x00, 0x00, 0x00, 0x00, 0x00, 0x00, 0x00, 0x00, 0x00,
    0x00, 0x00, 0x00, 0x00, 0x00, 0x00, 0x61, 0x80, 0x61, 0x80, 0x61, 0x80, 0x61, 0x80, 0x61, 0x80,
    0x61, 0x80, 0x61, 0x80, 0x61, 0x80, 0x63, 0x00, 0x3f, 0x00, 0x1e, 0x00, 0x00, 0x00, 0x00, 0x00,
    0x00, 0x00, 0x00, 0x00, 0x00, 0x00, 0x00, 0x00, 0x00, 0x00, 0xc1, 0x80, 0x63, 0x00, 0x63, 0x00,
    0x63, 0x00, 0x32, 0x00, 0x36, 0x00, 0x36, 0x00, 0x16, 0x00, 0x1c, 0x00, 0x1c, 0x00, 0x1c, 0x00,
    0x00, 0x00, 0x00, 0x00, 0x00, 0x00, 0x00, 0x00, 0x00, 0x00, 0x00, 0x00, 0x00, 0x00, 0xc3, 0x18,
    0x67, 0x18, 0x67, 0x30, 0x67, 0x30, 0x67, 0xb0, 0x3d, 0xb0, 0x3d, 0xe0, 0x3d, 0xe0, 0x38, 0xe0,
    0x18, 0xe0, 0x18, 0xc0, 0x00, 0x00, 0x00, 0x00, 0x00, 0x00, 0x00, 0x00, 0x00, 0x00, 0x00, 0x00,
    0x00, 0x00, 0x61, 0x80, 0x63, 0x00, 0x36, 0x00, 0x3e, 0x00, 0x1c, 0x00, 0x1c, 0x00, 0x1c, 0x00,
    0x3e, 0x00, 0x36, 0x00, 0x63, 0x00, 0x61, 0x80, 0x00, 0x00, 0x00, 0x00, 0x00, 0x00, 0x00, 0x00,
    0x00, 0x00, 0x00, 0x00, 0x00, 0x00, 0x63, 0x00, 0x63, 0x00, 0x36, 0x00, 0x36, 0x00, 0x1c, 0x00,
    0x1c, 0x00, 0x1c, 0x00, 0x08, 0x00, 0x08, 0x00, 0x08, 0x00, 0x08, 0x00, 0x00, 0x00, 0x00, 0x00,
    0x00, 0x00, 0x00, 0x00, 0x00, 0x00, 0x7f, 0x7f, 0x06, 0x0c, 0x0c, 0x18, 0x38, 0x30, 0x60, 0x7e,
    0x7f, 0x00, 0x00, 0x00, 0x00, 0x00, 0x00, 0xf0, 0xf0, 0xc0, 0xc0, 0xc0, 0xc0, 0xc0, 0xc0, 0xc0,
    0xc0, 0xc0, 0xc0, 0xf0, 0xf0, 0x00, 0x00, 0x00, 0x00, 0x00, 0x60, 0x60, 0x20, 0x30, 0x30, 0x18,
    0x18, 0x18, 0x0c, 0x0c, 0x0c, 0x00, 0x00, 0x00, 0x00, 0x00, 0x00, 0x3c, 0x3c, 0x0c, 0x0c, 0x0c,
    0x0c, 0x0c, 0x0c, 0x0c, 0x0c, 0x0c, 0x0c, 0x3c, 0x3c, 0x00, 0x00, 0x00, 0x00, 0x00, 0x30, 0x38,
    0x38, 0x6c, 0x6c, 0x44, 0x00, 0x00, 0x00, 0x00, 0x00, 0x00, 0x00, 0x00, 0x00, 0x00, 0x00, 0x00,
    0x00, 0x00, 0x00, 0x00, 0x00, 0x00, 0x00, 0x00, 0x00, 0x7e, 0xfe, 0x00, 0x00, 0x00, 0x00, 0x00,
    0x00, 0x00, 0x40, 0x60, 0x00, 0x00, 0x00, 0x00, 0x00, 0x00, 0x00, 0x00, 0x00, 0x00, 0x00, 0x00,
    0x00, 0x00, 0x00, 0x00, 0x00, 0x00, 0x00, 0x3c, 0x7e, 0x06, 0x3e, 0x7e, 0xc6, 0x7e, 0x7e, 0x00,
    0x00, 0x00, 0x00, 0x00, 0x00, 0x00, 0x60, 0x60, 0x60, 0x7c, 0x7e, 0x67, 0x63, 0x63, 0x67, 0x7e,
    0x7c, 0x00, 0x00, 0x00, 0x00, 0x00, 0x00, 0x00, 0x00, 0x00, 0x00, 0x3c, 0x7e, 0x62, 0x60, 0x60,
    0x62, 0x7e, 0x3c, 0x00, 0x00, 0x00, 0x00, 0x00, 0x00, 0x00, 0x02, 0x02, 0x02, 0x3e, 0x7e, 0x66,
    0x62, 0x62, 0x66, 0x7e, 0x3e, 0x00, 0x00, 0x00, 0x00, 0x00, 0x00, 0x00, 0x00, 0x00, 0x00, 0x3c,
    0x7e, 0x66, 0x7e, 0x7e, 0x60, 0x7e, 0x3c, 0x00, 0x00, 0x00, 0x00, 0x00, 0x00, 0x00, 0x38, 0x38,
    0x20, 0xf8, 0x78, 0x20, 0x20, 0x20, 0x20, 0x20, 0x20, 0x00, 0x00, 0x00, 0x00, 0x00, 0x00, 0x00,
    0x00, 0x00, 0x00, 0x3e, 0x7e, 0x66, 0x62, 0x62, 0x66, 0x7e, 0x3e, 0x06, 0x1e, 0x3c, 0x00, 0x00,
    0x00, 0x00, 0x60, 0x60, 0x60, 0x7c, 0x7e, 0x66, 0x66, 0x66, 0x66, 0x66, 0x66, 0x00, 0x00, 0x00,
    0x00, 0x00, 0x00, 0x00, 0x60, 0x60, 0x00, 0x60, 0x60, 0x60, 0x60, 0x60, 0x60, 0x60, 0x60, 0x00,
    0x00, 0x00, 0x00, 0x00, 0x00, 0x00, 0x30, 0x30, 0x00, 0x30, 0x30, 0x30, 0x30, 0x30, 0x30, 0x30,
    0x30, 0x30, 0x70, 0xe0, 0x00, 0x00, 0x00, 0x00, 0x60, 0x60, 0x60, 0x66, 0x6c, 0x78, 0x7c, 0x6c,
    0x64, 0x66, 0x66, 0x00, 0x00, 0x00, 0x00, 0x00, 0x00, 0x00, 0x60, 0x60, 0x60, 0x60, 0x60, 0x60,
    0x60, 0x60, 0x60, 0x60, 0x60, 0x00, 0x00, 0x00, 0x00, 0x00, 0x00, 0x00, 0x00, 0x00, 0x00, 0x00,
    0x00, 0x00, 0x00, 0x00, 0x00, 0x00, 0x7d, 0xe0, 0x7f, 0xe0, 0x66, 0x30, 0x66, 0x30, 0x66, 0x30,
    0x66, 0x30, 0x66, 0x30, 0x66, 0x30, 0x00, 0x00, 0x00, 0x00, 0x00, 0x00, 0x00, 0x00, 0x00, 0x00,
    0x00, 0x00, 0x00, 0x7c, 0x7e, 0x66, 0x66, 0x66, 0x66, 0x66, 0x66, 0x00, 0x00, 0x00, 0x00, 0x00,
    0x00, 0x00, 0x00, 0x00, 0x00, 0x3c, 0x7e, 0x66, 0x63, 0x63, 0x66, 0x7e, 0x3c, 0x00, 0x00, 0x00,
    0x00, 0x00, 0x00, 0x00, 0x00, 0x00, 0x00, 0x7c, 0x7e, 0x63, 0x63, 0x63, 0x63, 0x7e, 0x7c, 0x60,
    0x60, 0x60, 0x00, 0x00, 0x00, 0x00, 0x00, 0x00, 0x00, 0x3e, 0x7e, 0x66, 0x62, 0x62, 0x66, 0x7e,
    0x3e, 0x02, 0x02, 0x02, 0x00, 0x00, 0x00, 0x00, 0x00, 0x00, 0x00, 0x78, 0x78, 0x60, 0x60, 0x60,
    0x60, 0x60, 0x60, 0x00, 0x00, 0x00, 0x00, 0x00, 0x00, 0x00, 0x00, 0x00, 0x00, 0x3c, 0x7e, 0x64,
    0x78, 0x1c, 0x46, 0x7e, 0x3c, 0x00, 0x00, 0x00, 0x00, 0x00, 0x00, 0x00, 0x00, 0x60, 0x60, 0xf8,
    0x78, 0x60, 0x60, 0x60, 0x60, 0x38, 0x38, 0x00, 0x00, 0x00, 0x00, 0x00, 0x00, 0x00, 0x00, 0x00,
    0x00, 0x66, 0x66, 0x66, 0x66, 0x66, 0x66, 0x7e, 0x3e, 0x00, 0x00, 0x00, 0x00, 0x00, 0x00, 0x00,
    0x00, 0x00, 0x00, 0xc6, 0x66, 0x66, 0x6c, 0x3c, 0x3c, 0x38, 0x18, 0x00, 0x00, 0x00, 0x00, 0x00,
    0x00, 0x00, 0x00, 0x00, 0x00, 0x00, 0x00, 0x00, 0x00, 0x00, 0x00, 0x00, 0xc6, 0x60, 0x6e, 0x60,
    0x6e, 0x40, 0x6e, 0xc0, 0x3b, 0xc0, 0x3b, 0xc0, 0x39, 0x80, 0x39, 0x80, 0x00, 0x00, 0x00, 0x00,
    0x00, 0x00, 0x00, 0x00, 0x00, 0x00, 0x00, 0x00, 0x00, 0x66, 0x6e, 0x3c, 0x38, 0x38, 0x3c, 0x66,
    0x66, 0x00, 0x00, 0x00, 0x00, 0x00, 0x00, 0x00, 0x00, 0x00, 0x00, 0xc6, 0x66, 0x64, 0x6c, 0x2c,
    0x38, 0x38, 0x18, 0x10, 0x70, 0x60, 0x00, 0x00, 0x00, 0x00, 0x00, 0x00, 0x00, 0xfc, 0x7c, 0x1c,
    0x18, 0x30, 0x60, 0xfc, 0xfc, 0x00, 0x00, 0x00, 0x00, 0x00, 0x00, 0x38, 0x30, 0x60, 0x60, 0x60,
    0x60, 0x60, 0x60, 0x60, 0x60, 0x60, 0x60, 0x30, 0x38, 0x00, 0x00, 0x00, 0x00, 0x40, 0xc0, 0xc0,
    0xc0, 0xc0, 0xc0, 0xc0, 0xc0, 0xc0, 0xc0, 0xc0, 0xc0, 0x40, 0x00, 0x00, 0x00, 0x00, 0x00, 0xe0,
    0x70, 0x30, 0x30, 0x30, 0x30, 0x38, 0x38, 0x30, 0x30, 0x30, 0x30, 0x70, 0xe0, 0x00, 0x00, 0x00,
    0x00, 0x00, 0x00, 0x00, 0x00, 0x00, 0x00, 0x20, 0x7e, 0x4e, 0x00, 0x00, 0x00, 0x00, 0x00, 0x00,
    0x00, 0x00, 0x00, 0x00, 0x10, 0x10, 0x00, 0x3c, 0x7e, 0x06, 0x3e, 0x7e, 0xc6, 0x7e, 0x7e, 0x00,
    0x00, 0x00, 0x00, 0x00, 0x00, 0x00, 0x18, 0x3c, 0x00, 0x3c, 0x7e, 0x06, 0x3e, 0x7e, 0xc6, 0x7e,
    0x7e, 0x00, 0x00, 0x00, 0x00, 0x00, 0x00, 0x00, 0x00, 0x00, 0x00, 0x3c, 0x7e, 0x66, 0x60, 0x60,
    0x62, 0x76, 0x3c, 0x08, 0x08, 0x18, 0x00, 0x00, 0x00, 0x00, 0x08, 0x18, 0x00, 0x3c, 0x7e, 0x66,
    0x7e, 0x7e, 0x60, 0x7e, 0x3c, 0x00, 0x00, 0x00, 0x00, 0x00, 0x00, 0x00, 0x10, 0x18, 0x00, 0x3c,
    0x7e, 0x66, 0x7e, 0x7e, 0x60, 0x7e, 0x3c, 0x00, 0x00, 0x00, 0x00, 0x00, 0x00, 0x00, 0x18, 0x3c,
    0x00, 0x3c, 0x7e, 0x66, 0x7e, 0x7e, 0x60, 0x7e, 0x3c, 0x00, 0x00, 0x00, 0x00, 0x00, 0x00, 0x00,
    0x3c, 0x34, 0x00, 0x3c, 0x7e, 0x66, 0x7e, 0x7e, 0x60, 0x7e, 0x3c, 0x00, 0x00, 0x00, 0x00, 0x00,
    0x00, 0x00, 0x30, 0x58, 0x00, 0x30, 0x30, 0x30, 0x30, 0x30, 0x30, 0x30, 0x30, 0x00, 0x00, 0x00,
    0x00, 0x00, 0x00, 0x00, 0xd8, 0xd8, 0x00, 0x30, 0x30, 0x30, 0x30, 0x30, 0x30, 0x30, 0x30, 0x00,
    0x00, 0x00, 0x00, 0x00, 0x00, 0x00, 0x18, 0x3c, 0x00, 0x3c, 0x7e, 0x66, 0x63, 0x63, 0x66, 0x7e,
    0x3c, 0x00, 0x00, 0x00, 0x00, 0x00, 0x00, 0x00, 0x10, 0x18, 0x00, 0x66, 0x66, 0x66, 0x66, 0x66,
    0x66, 0x7e, 0x3e, 0x00, 0x00, 0x00, 0x00, 0x00, 0x00, 0x00, 0x18, 0x3c, 0x00, 0x66, 0x66, 0x66,
    0x66, 0x66, 0x66, 0x7e, 0x3e, 0x00, 0x00, 0x00, 0x00, 0x00, 0x00, 0x00, 0x34, 0x34, 0x00, 0x66,
    0x66, 0x66, 0x66, 0x66, 0x66, 0x7e, 0x3e, 0x00, 0x00, 0x00, 0x00, 0x00, 0x00, 0x00, 0x08, 0x00,
    0x00, 0x00, 0x0c, 0x00, 0x1c, 0x00, 0x1e, 0x00, 0x1e, 0x00, 0x36, 0x00, 0x33, 0x00, 0x33, 0x00,
    0x73, 0x00, 0x7f, 0x80, 0x61, 0x80, 0xc1, 0x80, 0x00, 0x00, 0x00, 0x00, 0x00, 0x00, 0x00, 0x00,
    0x0c, 0x00, 0x1e, 0x00, 0x00, 0x00, 0x0c, 0x00, 0x1c, 0x00, 0x1e, 0x00, 0x1e, 0x00, 0x36, 0x00,
    0x33, 0x00, 0x33, 0x00, 0x73, 0x00, 0x7f, 0x80, 0x61, 0x80, 0xc1, 0x80, 0x00, 0x00, 0x00, 0x00,
    0x00, 0x00, 0x00, 0x00, 0x00, 0x00, 0x00, 0x00, 0x00, 0x00, 0x3e, 0x00, 0x7f, 0x00, 0x63, 0x00,
    0x61, 0x00, 0x60, 0x00, 0x60, 0x00, 0x60, 0x00, 0x61, 0x00, 0x63, 0x00, 0x77, 0x00, 0x3e, 0x00,
    0x08, 0x00, 0x0c, 0x00, 0x18, 0x00, 0x00, 0x00, 0x04, 0x00, 0x08, 0x00, 0x00, 0x00, 0x7f, 0x00,
    0x7f, 0x00, 0x60, 0x00, 0x60, 0x00, 0x60, 0x00, 0x7e, 0x00, 0x7c, 0x00, 0x60, 0x00, 0x60, 0x00,
    0x7f, 0x00, 0x7f, 0x00, 0x00, 0x00, 0x00, 0x00, 0x00, 0x00, 0x00, 0x00, 0x10, 0x00, 0x18, 0x00,
    0x00, 0x00, 0x7f, 0x00, 0x7f, 0x00, 0x60, 0x00, 0x60, 0x00, 0x60, 0x00, 0x7e, 0x00, 0x7c, 0x00,
    0x60, 0x00, 0x60, 0x00, 0x7f, 0x00, 0x7f, 0x00, 0x00, 0x00, 0x00, 0x00, 0x00, 0x00, 0x00, 0x00,
    0x08, 0x00, 0x14, 0x00, 0x00, 0x00, 0x7f, 0x00, 0x7f, 0x00, 0x60, 0x00, 0x60, 0x00, 0x60, 0x00,
    0x7e, 0x00, 0x7c, 0x00, 0x60, 0x00, 0x60, 0x00, 0x7f, 0x00, 0x7f, 0x00, 0x00, 0x00, 0x00, 0x00,
    0x00, 0x00, 0x00, 0x30, 0x78, 0x00, 0x30, 0x30, 0x30, 0x30, 0x30, 0x30, 0x30, 0x30, 0x30, 0x30,
    0x30, 0x00, 0x00, 0x00, 0x00, 0x00, 0x08, 0x00, 0x16, 0x00, 0x00, 0x00, 0x1e, 0x00, 0x7f, 0x00,
    0x63, 0x00, 0x61, 0x80, 0x61, 0x80, 0x61, 0x80, 0x61, 0x80, 0x61, 0x80, 0x63, 0x00, 0x7f, 0x00,
    0x1e, 0x00, 0x00, 0x00, 0x00, 0x00, 0x00, 0x00, 0x00, 0x00, 0x10, 0x00, 0x08, 0x00, 0x00, 0x00,
    0x61, 0x80, 0x61, 0x80, 0x61, 0x80, 0x61, 0x80, 0x61, 0x80, 0x61, 0x80, 0x61, 0x80, 0x61, 0x80,
    0x63, 0x00, 0x3f, 0x00, 0x1e, 0x00, 0x00, 0x00, 0x00, 0x00, 0x00, 0x00, 0x00, 0x00, 0x0c, 0x00,
    0x16, 0x00, 0x00, 0x00, 0x61, 0x80, 0x61, 0x80, 0x61, 0x80, 0x61, 0x80, 0x61, 0x80, 0x61, 0x80,
    0x61, 0x80, 0x61, 0x80, 0x63, 0x00, 0x3f, 0x00, 0x1e, 0x00, 0x00, 0x00, 0x00, 0x00, 0x00, 0x00,
    0x00, 0x00, 0x20, 0x78, 0xc8, 0xc8, 0x78, 0x70, 0x00, 0x00, 0x00, 0x00, 0x00, 0x00, 0x00, 0x00,
    0x00, 0x00, 0x00, 0x00, 0x70, 0xf8, 0x10, 0x10, 0x20, 0x70, 0xf8, 0x00, 0x00, 0x00, 0x00, 0x00,
    0x00, 0x00, 0x00, 0x00, 0x00, 0x00, 0x00, 0x00, 0x00, 0x00, 0x00, 0x00, 0x00, 0x00, 0x60, 0x60,
    0x00, 0x00, 0x00, 0x00, 0x00, 0x00, 0x00, 0x00, 0x00, 0x00, 0x60, 0xc0, 0xc0, 0x00, 0x00, 0x00,
    0x00, 0x00, 0x00, 0x00, 0x00, 0x00, 0x00, 0x00, 0x00, 0x00, 0x00, 0x00, 0x00, 0x00, 0x00, 0x00,
    0x00, 0x00, 0x00, 0x00, 0x00, 0x00, 0x00, 0x00, 0x00, 0x00, 0x7f, 0x80, 0xff, 0xc0, 0x00, 0x00,
    0x00, 0x00, 0x00, 0x00, 0x00, 0x00, 0x00, 0x00, 0x00, 0x00, 0x00, 0x00,
};
static const ui_glyph_t font_label_glyphs[] = {
    {0x0020, 3, 3, 0, 0},
    {0x0021, 5, 5, 0, 18},
    {0x0022, 5, 5, 0, 36},
    {0x0023, 10, 10, 0, 54},
    {0x0024, 9, 9, 0, 90},
    {0x0025, 13, 13, 0, 126},
    {0x0026, 10, 10, 0, 162},
    {0x0027, 3, 2, 0, 198},
    {0x0028, 6, 5, -1, 216},
    {0x0029, 5, 5, 0, 234},
    {0x002a, 6, 6, 0, 252},
    {0x002b, 7, 7, 0, 270},
    {0x002c, 4, 4, 0, 288},
    {0x002d, 6, 6, 0, 306},
    {0x002e, 4, 4, 0, 324},
    {0x002f, 7, 7, 0, 342},
    {0x0030, 9, 9, 0, 360},
    {0x0031, 5, 5, 0, 396},
    {0x0032, 8, 8, 0, 414},
    {0x0033, 8, 8, 0, 432},
    {0x0034, 9, 9, 0, 450},
    {0x0035, 8, 8, 0, 486},
    {0x0036, 8, 8, 0, 504},
    {0x0037, 8, 7, 0, 522},
    {0x0038, 8, 8, 0, 540},
    {0x0039, 8, 8, 0, 558},
    {0x003a, 5, 5, 0, 576},
    {0x003b, 5, 5, 0, 594},
    {0x003c, 7, 7, 0, 612},
    {0x003d, 7, 7, 0, 630},
    {0x003e, 7, 7, 0, 648},
    {0x003f, 8, 8, 0, 666},
    {0x0040, 12, 12, 0, 684},
    {0x0041, 10, 10, 0, 720},
    {0x0042, 9, 9, 0, 756},
    {0x0043, 9, 9, 0, 792},
    {0x0044, 9, 9, 0, 828},
    {0x0045, 9, 9, 0, 864},
    {0x0046, 9, 8, 0, 900},
    {0x0047, 9, 9, 0, 936},
    {0x0048, 10, 10, 0, 972},
    {0x0049, 4, 4, 0, 1008},
    {0x004a, 9, 9, 0, 1026},
    {0x004b, 9, 9, 0, 1062},
    {0x004c, 9, 9, 0, 1098},
    {0x004d, 11, 11, 0, 1134},
    {0x004e, 10, 10, 0, 1170},
    {0x004f, 9, 9, 0, 1206},
    {0x0050, 9, 9, 0, 1242},
    {0x0051, 9, 9, 0, 1278},
    {0x0052, 9, 9, 0, 1314},
    {0x0053, 9, 9, 0, 1350},
    {0x0054, 9, 9, 0, 1386},
    {0x0055, 10, 10, 0, 1422},
    {0x0056, 9, 9, 0, 1458},
    {0x0057, 13, 13, 0, 1494},
    {0x0058, 9, 9, 0, 1530},
    {0x0059, 9, 9, 0, 1566},
    {0x005a, 8, 8, 0, 1602},
    {0x005b, 6, 6, 0, 1620},
    {0x005c, 7, 7, 0, 1638},
    {0x005d, 6, 6, 0, 1656},
    {0x005e, 7, 7, 0, 1674},
    {0x005f, 8, 8, 0, 1692},
    {0x0060, 3, 3, 0, 1710},
    {0x0061, 8, 8, 0, 1728},
    {0x0062, 8, 8, 0, 1746},
    {0x0063, 8, 8, 0, 1764},
    {0x0064, 8, 8, 0, 1782},
    {0x0065, 8, 8, 0, 1800},
    {0x0066, 6, 6, 0, 1818},
    {0x0067, 8, 8, 0, 1836},
    {0x0068, 8, 8, 0, 1854},
    {0x0069, 4, 4, 0, 1872},
    {0x006a, 5, 4, -1, 1890},
    {0x006b, 8, 8, 0, 1908},
    {0x006c, 4, 4, 0, 1926},
    {0x006d, 12, 12, 0, 1944},
    {0x006e, 8, 8, 0, 1980},
    {0x006f, 8, 8, 0, 1998},
    {0x0070, 8, 8, 0, 2016},
    {0x0071, 8, 8, 0, 2034},
    {0x0072, 6, 6, 0, 2052},
    {0x0073, 7, 7, 0, 2070},
    {0x0074, 6, 6, 0, 2088},
    {0x0075, 8, 8, 0, 2106},
    {0x0076, 8, 8, 0, 2124},
    {0x0077, 12, 11, 0, 2142},
    {0x0078, 8, 8, 0, 2178},
    {0x0079, 8, 7, 0, 2196},
    {0x007a, 7, 7, 0, 2214},
    {0x007b, 5, 5, 0, 2232},
    {0x007c, 3, 3, 0, 2250},
    {0x007d, 5, 5, 0, 2268},
    {0x007e, 8, 8, 0, 2286},
    {0x00e0, 8, 8, 0, 2304},
    {0x00e2, 8, 8, 0, 2322},
    {0x00e7, 8, 8, 0, 2340},
    {0x00e9, 8, 8, 0, 2358},
    {0x00e8, 8, 8, 0, 2376},
    {0x00ea, 8, 8, 0, 2394},
    {0x00eb, 8, 8, 0, 2412},
    {0x00ee, 5, 3, -1, 2430},
    {0x00ef, 6, 3, -1, 2448},
    {0x00f4, 8, 8, 0, 2466},
    {0x00f9, 8, 8, 0, 2484},
    {0x00fb, 8, 8, 0, 2502},
    {0x00fc, 8, 8, 0, 2520},
    {0x00c0, 10, 10, 0, 2538},
    {0x00c2, 10, 10, 0, 2574},
    {0x00c7, 9, 9, 0, 2610},
    {0x00c9, 9, 9, 0, 2646},
    {0x00c8, 9, 9, 0, 2682},
    {0x00ca, 9, 9, 0, 2718},
    {0x00ce, 6, 4, -1, 2754},
    {0x00d4, 9, 9, 0, 2772},
    {0x00d9, 10, 10, 0, 2808},
    {0x00db, 10, 10, 0, 2844},
    {0x00b0, 6, 6, 0, 2880},
    {0x00b2, 5, 5, 0, 2898},
    {0x00b7, 3, 3, 0, 2916},
    {0x2019, 3, 3, 0, 2934},
    {0x2014, 10, 10, 0, 2952},
};
const ui_font_t font_label = {18, 15, 4, 123, font_label_glyphs, font_label_bits};

static const uint8_t font_body_bits[] = {
    0x00, 0x00, 0x00, 0x00, 0x00, 0x00, 0x00, 0x00, 0x00, 0x00, 0x00, 0x00, 0x00, 0x00, 0x00, 0x00,
    0x00, 0x00, 0x00, 0x00, 0x00, 0x00, 0x20, 0x20, 0x20, 0x20, 0x20, 0x20, 0x20, 0x00, 0x00, 0x20,
    0x20, 0x00, 0x00, 0x00, 0x00, 0x00, 0x00, 0x00, 0xd0, 0xd0, 0xd0, 0x00, 0x00, 0x00, 0x00, 0x00,
    0x00, 0x00, 0x00, 0x00, 0x00, 0x00, 0x00, 0x00, 0x00, 0x00, 0x00, 0x00, 0x00, 0x00, 0x00, 0x00,
    0x19, 0x00, 0x11, 0x00, 0x7f, 0x80, 0x33, 0x00, 0x33, 0x00, 0x33, 0x00, 0x7f, 0x80, 0x36, 0x00,
    0x26, 0x00, 0x26, 0x00, 0x00, 0x00, 0x00, 0x00, 0x00, 0x00, 0x00, 0x00, 0x08, 0x18, 0x3e, 0x66,
    0x43, 0x60, 0x38, 0x0e, 0x02, 0x43, 0x63, 0x7e, 0x18, 0x08, 0x00, 0x00, 0x00, 0x00, 0x00, 0x00,
    0x00, 0x00, 0x00, 0x00, 0x38, 0xc0, 0x6c, 0x80, 0x45, 0x00, 0x6d, 0x00, 0x3a, 0x00, 0x02, 0x00,
    0x04, 0xe0, 0x05, 0xa0, 0x09, 0x20, 0x09, 0xa0, 0x10, 0xc0, 0x00, 0x00, 0x00, 0x00, 0x00, 0x00,
    0x00, 0x00, 0x00, 0x00, 0x00, 0x00, 0x00, 0x00, 0x3c, 0x00, 0x36, 0x00, 0x66, 0x00, 0x26, 0x00,
    0x3c, 0x00, 0x38, 0x00, 0x7c, 0x00, 0x67, 0x80, 0x43, 0x00, 0x67, 0x00, 0x3d, 0x80, 0x00, 0x00,
    0x00, 0x00, 0x00, 0x00, 0x00, 0x00, 0x00, 0x00, 0xc0, 0xc0, 0xc0, 0x00, 0x00, 0x00, 0x00, 0x00,
    0x00, 0x00, 0x00, 0x00, 0x00, 0x00, 0x00, 0x00, 0x00, 0x00, 0x30, 0x30, 0x20, 0x60, 0x60, 0x60,
    0x60, 0x60, 0x60, 0x60, 0x20, 0x30, 0x30, 0x00, 0x00, 0x00, 0x00, 0x00, 0x60, 0x20, 0x30, 0x30,
    0x10, 0x10, 0x10, 0x10, 0x10, 0x30, 0x30, 0x20, 0x60, 0x00, 0x00, 0x00, 0x00, 0x00, 0x20, 0x78,
    0x30, 0x78, 0x20, 0x00, 0x00, 0x00, 0x00, 0x00, 0x00, 0x00, 0x00, 0x00, 0x00, 0x00, 0x00, 0x00,
    0x00, 0x00, 0x00, 0x10, 0x10, 0x10, 0xfe, 0x18, 0x10, 0x10, 0x00, 0x00, 0x00, 0x00, 0x00, 0x00,
    0x00, 0x00, 0x00, 0x00, 0x00, 0x00, 0x00, 0x00, 0x00, 0x00, 0x60, 0x60, 0x40, 0x40, 0x00, 0x00,
    0x00, 0x00, 0x00, 0x00, 0x00, 0x00, 0x00, 0x00, 0x00, 0x00, 0xfc, 0x00, 0x00, 0x00, 0x00, 0x00,
    0x00, 0x00, 0x00, 0x00, 0x00, 0x00, 0x00, 0x00, 0x00, 0x00, 0x00, 0x00, 0x00, 0x00, 0x00, 0x60,
    0x60, 0x00, 0x00, 0x00, 0x00, 0x00, 0x00, 0x00, 0x08, 0x18, 0x18, 0x10, 0x30, 0x30, 0x20, 0x60,
    0x60, 0x40, 0xc0, 0x00, 0x00, 0x00, 0x00, 0x00, 0x00, 0x00, 0x3c, 0x76, 0x63, 0x43, 0x43, 0x43,
    0x43, 0x43, 0x63, 0x76, 0x3c, 0x00, 0x00, 0x00, 0x00, 0x00, 0x00, 0x00, 0x30, 0x70, 0x10, 0x10,
    0x10, 0x10, 0x10, 0x10, 0x10, 0x10, 0x10, 0x00, 0x00, 0x00, 0x00, 0x00, 0x00, 0x00, 0x3c, 0x66,
    0x46, 0x46, 0x06, 0x0c, 0x18, 0x18, 0x30, 0x60, 0x7e, 0x00, 0x00, 0x00, 0x00, 0x00, 0x00, 0x00,
    0x7e, 0x0e, 0x0c, 0x18, 0x3c, 0x06, 0x06, 0x46, 0x46, 0x6e, 0x3c, 0x00, 0x00, 0x00, 0x00, 0x00,
    0x00, 0x00, 0x00, 0x00, 0x00, 0x00, 0x18, 0x00, 0x18, 0x00, 0x10, 0x00, 0x30, 0x00, 0x26, 0x00,
    0x66, 0x00, 0x66, 0x00, 0x7f, 0x00, 0x06, 0x00, 0x06, 0x00, 0x06, 0x00, 0x00, 0x00, 0x00, 0x00,
    0x00, 0x00, 0x00, 0x00, 0x00, 0x00, 0x7e, 0x60, 0x40, 0x40, 0x7c, 0x66, 0x02, 0x02, 0x66, 0x66,
    0x3c, 0x00, 0x00, 0x00, 0x00, 0x00, 0x00, 0x00, 0x3c, 0x66, 0x46, 0x40, 0x7c, 0x66, 0x62, 0x42,
    0x66, 0x66, 0x3c, 0x00, 0x00, 0x00, 0x00, 0x00, 0x00, 0x00, 0xfe, 0xc6, 0x06, 0x04, 0x0c, 0x08,
    0x18, 0x18, 0x10, 0x30, 0x30, 0x00, 0x00, 0x00, 0x00, 0x00, 0x00, 0x00, 0x3c, 0x6e, 0x66, 0x46,
    0x66, 0x3c, 0x66, 0x46, 0x42, 0x66, 0x3c, 0x00, 0x00, 0x00, 0x00, 0x00, 0x00, 0x00, 0x3c, 0x6e,
    0x46, 0x46, 0x46, 0x66, 0x3e, 0x02, 0x46, 0x66, 0x3c, 0x00, 0x00, 0x00, 0x00, 0x00, 0x00, 0x00,
    0x00, 0x00, 0x00, 0x00, 0x20, 0x20, 0x00, 0x00, 0x00, 0x20, 0x20, 0x00, 0x00, 0x00, 0x00, 0x00,
    0x00, 0x00, 0x00, 0x00, 0x00, 0x60, 0x60, 0x00, 0x00, 0x00, 0x20, 0x20, 0x60, 0x40, 0x00, 0x00,
    0x00, 0x00, 0x00, 0x00, 0x00, 0x00, 0x00, 0x00, 0x0e, 0x38, 0x60, 0x60, 0x3c, 0x06, 0x00, 0x00,
    0x00, 0x00, 0x00, 0x00, 0x00, 0x00, 0x00, 0x00, 0x00, 0x00, 0xfe, 0x00, 0x00, 0xfe, 0x00, 0x00,
    0x00, 0x00, 0x00, 0x00, 0x00, 0x00, 0x00, 0x00, 0x00, 0x00, 0x00, 0x00, 0x60, 0x38, 0x0e, 0x0e,
    0x38, 0xe0, 0x00, 0x00, 0x00, 0x00, 0x00, 0x00, 0x00, 0x00, 0x38, 0x6c, 0x46, 0x06, 0x0c, 0x18,
    0x10, 0x10, 0x00, 0x30, 0x30, 0x00, 0x00, 0x00, 0x00, 0x00, 0x00, 0x00, 0x00, 0x00, 0x00, 0x00,
    0x00, 0x00, 0x0f, 0x80, 0x18, 0xc0, 0x20, 0x20, 0x67, 0x20, 0x4d, 0x30, 0x49, 0x30, 0x49, 0x20,
    0x4b, 0x20, 0x6f, 0xc0, 0x30, 0x00, 0x1f, 0x00, 0x00, 0x00, 0x00, 0x00, 0x00, 0x00, 0x00, 0x00,
    0x00, 0x00, 0x00, 0x00, 0x0c, 0x00, 0x1c, 0x00, 0x1c, 0x00, 0x16, 0x00, 0x36, 0x00, 0x32, 0x00,
    0x23, 0x00, 0x63, 0x00, 0x7f, 0x00, 0x61, 0x80, 0x41, 0x80, 0x00, 0x00, 0x00, 0x00, 0x00, 0x00,
    0x00, 0x00, 0x00, 0x00, 0x00, 0x00, 0x00, 0x00, 0x7e, 0x00, 0x63, 0x00, 0x61, 0x00, 0x61, 0x00,
    0x63, 0x00, 0x7e, 0x00, 0x63, 0x00, 0x61, 0x00, 0x61, 0x00, 0x63, 0x00, 0x7e, 0x00, 0x00, 0x00,
    0x00, 0x00, 0x00, 0x00, 0x00, 0x00, 0x00, 0x00, 0x00, 0x00, 0x00, 0x00, 0x1e, 0x00, 0x77, 0x00,
    0x61, 0x00, 0x41, 0x00, 0x40, 0x00, 0x40, 0x00, 0x40, 0x00, 0x41, 0x00, 0x61, 0x00, 0x77, 0x00,
    0x1e, 0x00, 0x00, 0x00, 0x00, 0x00, 0x00, 0x00, 0x00, 0x00, 0x00, 0x00, 0x00, 0x00, 0x00, 0x00,
    0x7e, 0x00, 0x63, 0x00, 0x61, 0x00, 0x61, 0x80, 0x61, 0x80, 0x61, 0x80, 0x61, 0x80, 0x61, 0x80,
    0x61, 0x00, 0x63, 0x00, 0x7e, 0x00, 0x00, 0x00, 0x00, 0x00, 0x00, 0x00, 0x00, 0x00, 0x00, 0x00,
    0x00, 0x00, 0x00, 0x00, 0x7f, 0x00, 0x60, 0x00, 0x60, 0x00, 0x60, 0x00, 0x60, 0x00, 0x7e, 0x00,
    0x60, 0x00, 0x60, 0x00, 0x60, 0x00, 0x60, 0x00, 0x7f, 0x00, 0x00, 0x00, 0x00, 0x00, 0x00, 0x00,
    0x00, 0x00, 0x00, 0x00, 0x00, 0x00, 0x00, 0x00, 0x7f, 0x00, 0x60, 0x00, 0x60, 0x00, 0x60, 0x00,
    0x60, 0x00, 0x7e, 0x00, 0x60, 0x00, 0x60, 0x00, 0x60, 0x00, 0x60, 0x00, 0x60, 0x00, 0x00, 0x00,
    0x00, 0x00, 0x00, 0x00, 0x00, 0x00, 0x00, 0x00, 0x00, 0x00, 0x00, 0x00, 0x1e, 0x00, 0x77, 0x00,
    0x61, 0x00, 0x41, 0x00, 0x40, 0x00, 0x47, 0x00, 0x41, 0x00, 0x41, 0x00, 0x61, 0x00, 0x77, 0x00,
    0x1e, 0x00, 0x00, 0x00, 0x00, 0x00, 0x00, 0x00, 0x00, 0x00, 0x00, 0x00, 0x00, 0x00, 0x00, 0x00,
    0x61, 0x80, 0x61, 0x80, 0x61, 0x80, 0x61, 0x80, 0x61, 0x80, 0x7f, 0x80, 0x61, 0x80, 0x61, 0x80,
    0x61, 0x80, 0x61, 0x80, 0x61, 0x80, 0x00, 0x00, 0x00, 0x00, 0x00, 0x00, 0x00, 0x00, 0x00, 0x00,
    0x60, 0x60, 0x60, 0x60, 0x60, 0x60, 0x60, 0x60, 0x60, 0x60, 0x60, 0x00, 0x00, 0x00, 0x00, 0x00,
    0x00, 0x00, 0x00, 0x00, 0x00, 0x00, 0x03, 0x00, 0x03, 0x00, 0x03, 0x00, 0x03, 0x00, 0x03, 0x00,
    0x03, 0x00, 0x43, 0x00, 0xc3, 0x00, 0xc2, 0x00, 0x66, 0x00, 0x3c, 0x00, 0x00, 0x00, 0x00, 0x00,
    0x00, 0x00, 0x00, 0x00, 0x00, 0x00, 0x00, 0x00, 0x00, 0x00, 0x61, 0x00, 0x63, 0x00, 0x66, 0x00,
    0x6c, 0x00, 0x78, 0x00, 0x7c, 0x00, 0x6c, 0x00, 0x66, 0x00, 0x62, 0x00, 0x63, 0x00, 0x61, 0x80,
    0x00, 0x00, 0x00, 0x00, 0x00, 0x00, 0x00, 0x00, 0x00, 0x00, 0x00, 0x00, 0x00, 0x00, 0x60, 0x00,
    0x60, 0x00, 0x60, 0x00, 0x60, 0x00, 0x60, 0x00, 0x60, 0x00, 0x60, 0x00, 0x60, 0x00, 0x60, 0x00,
    0x60, 0x00, 0x7f, 0x00, 0x00, 0x00, 0x00, 0x00, 0x00, 0x00, 0x00, 0x00, 0x00, 0x00, 0x00, 0x00,
    0x00, 0x00, 0x60, 0xc0, 0x71, 0xc0, 0x73, 0xc0, 0x7b, 0xc0, 0x6e, 0xc0, 0x6c, 0xc0, 0x60, 0xc0,
    0x60, 0xc0, 0x60, 0xc0, 0x60, 0xc0, 0x60, 0xc0, 0x00, 0x00, 0x00, 0x00, 0x00, 0x00, 0x00, 0x00,
    0x00, 0x00, 0x00, 0x00, 0x00, 0x00, 0x61, 0x80, 0x71, 0x80, 0x71, 0x80, 0x79, 0x80, 0x69, 0x80,
    0x6d, 0x80, 0x65, 0x80, 0x67, 0x80, 0x63, 0x80, 0x61, 0x80, 0x61, 0x80, 0x00, 0x00, 0x00, 0x00,
    0x00, 0x00, 0x00, 0x00, 0x00, 0x00, 0x00, 0x00, 0x00, 0x00, 0x1e, 0x00, 0x37, 0x00, 0x61, 0x00,
    0x41, 0x00, 0x41, 0x00, 0x41, 0x00, 0x41, 0x00, 0x41, 0x00, 0x61, 0x00, 0x37, 0x00, 0x1e, 0x00,
    0x00, 0x00, 0x00, 0x00, 0x00, 0x00, 0x00, 0x00, 0x00, 0x00, 0x00, 0x00, 0x00, 0x00, 0x7e, 0x00,
    0x63, 0x00, 0x61, 0x00, 0x61, 0x00, 0x63, 0x00, 0x7e, 0x00, 0x60, 0x00, 0x60, 0x00, 0x60, 0x00,
    0x60, 0x00, 0x60, 0x00, 0x00, 0x00, 0x00, 0x00, 0x00, 0x00, 0x00, 0x00, 0x00, 0x00, 0x00, 0x00,
    0x00, 0x00, 0x3c, 0x00, 0x76, 0x00, 0x63, 0x00, 0x43, 0x00, 0x43, 0x00, 0x43, 0x00, 0x43, 0x00,
    0x43, 0x00, 0x43, 0x00, 0x63, 0x00, 0x3e, 0x00, 0x18, 0x00, 0x08, 0x00, 0x00, 0x00, 0x00, 0x00,
    0x00, 0x00, 0x00, 0x00, 0x00, 0x00, 0x7e, 0x00, 0x63, 0x00, 0x61, 0x00, 0x61, 0x00, 0x63, 0x00,
    0x7e, 0x00, 0x66, 0x00, 0x66, 0x00, 0x62, 0x00, 0x63, 0x00, 0x61, 0x00, 0x00, 0x00, 0x00, 0x00,
    0x00, 0x00, 0x00, 0x00, 0x00, 0x00, 0x00, 0x00, 0x00, 0x00, 0x3e, 0x00, 0x67, 0x00, 0x43, 0x00,
    0x61, 0x00, 0x70, 0x00, 0x1c, 0x00, 0x07, 0x00, 0x43, 0x00, 0x43, 0x00, 0x77, 0x00, 0x3e, 0x00,
    0x00, 0x00, 0x00, 0x00, 0x00, 0x00, 0x00, 0x00, 0x00, 0x00, 0x00, 0x00, 0x00, 0x00, 0x7f, 0x00,
    0x18, 0x00, 0x18, 0x00, 0x18, 0x00, 0x18, 0x00, 0x18, 0x00, 0x18, 0x00, 0x18, 0x00, 0x18, 0x00,
    0x18, 0x00, 0x18, 0x00, 0x00, 0x00, 0x00, 0x00, 0x00, 0x00, 0x00, 0x00, 0x00, 0x00, 0x00, 0x00,
    0x00, 0x00, 0x61, 0x80, 0x61, 0x80, 0x61, 0x80, 0x61, 0x80, 0x61, 0x80, 0x61, 0x80, 0x61, 0x80,
    0x61, 0x80, 0x61, 0x00, 0x33, 0x00, 0x1e, 0x00, 0x00, 0x00, 0x00, 0x00, 0x00, 0x00, 0x00, 0x00,
    0x00, 0x00, 0x00, 0x00, 0x00, 0x00, 0x41, 0x00, 0x41, 0x00, 0x63, 0x00, 0x63, 0x00, 0x22, 0x00,
    0x36, 0x00, 0x36, 0x00, 0x14, 0x00, 0x1c, 0x00, 0x1c, 0x00, 0x08, 0x00, 0x00, 0x00, 0x00, 0x00,
    0x00, 0x00, 0x00, 0x00, 0x00, 0x00, 0x00, 0x00, 0x00, 0x00, 0xc2, 0x18, 0x47, 0x10, 0x67, 0x10,
    0x67, 0x30, 0x65, 0x30, 0x2d, 0xa0, 0x3d, 0xa0, 0x3c, 0xe0, 0x18, 0xe0, 0x18, 0xc0, 0x18, 0xc0,
    0x00, 0x00, 0x00, 0x00, 0x00, 0x00, 0x00, 0x00, 0x00, 0x00, 0x00, 0x00, 0x00, 0x00, 0x41, 0x00,
    0x63, 0x00, 0x32, 0x00, 0x36, 0x00, 0x1c, 0x00, 0x1c, 0x00, 0x1c, 0x00, 0x36, 0x00, 0x32, 0x00,
    0x63, 0x00, 0x41, 0x00, 0x00, 0x00, 0x00, 0x00, 0x00, 0x00, 0x00, 0x00, 0x00, 0x00, 0x00, 0x00,
    0x00, 0x00, 0x43, 0x00, 0x63, 0x00, 0x26, 0x00, 0x36, 0x00, 0x1c, 0x00, 0x1c, 0x00, 0x08, 0x00,
    0x08, 0x00, 0x08, 0x00, 0x08, 0x00, 0x08, 0x00, 0x00, 0x00, 0x00, 0x00, 0x00, 0x00, 0x00, 0x00,
    0x00, 0x00, 0x7f, 0x06, 0x06, 0x0c, 0x0c, 0x18, 0x10, 0x30, 0x60, 0x60, 0x7f, 0x00, 0x00, 0x00,
    0x00, 0x00, 0x00, 0xf0, 0xc0, 0xc0, 0xc0, 0xc0, 0xc0, 0xc0, 0xc0, 0xc0, 0xc0, 0xc0, 0xc0, 0xc0,
    0xf0, 0x00, 0x00, 0x00, 0x00, 0x00, 0x60, 0x60, 0x20, 0x30, 0x30, 0x10, 0x18, 0x18, 0x08, 0x0c,
    0x0c, 0x00, 0x00, 0x00, 0x00, 0x00, 0x00, 0x38, 0x08, 0x08, 0x08, 0x08, 0x08, 0x08, 0x08, 0x08,
    0x08, 0x08, 0x08, 0x08, 0x38, 0x00, 0x00, 0x00, 0x00, 0x00, 0x10, 0x38, 0x28, 0x68, 0x4c, 0x44,
    0x00, 0x00, 0x00, 0x00, 0x00, 0x00, 0x00, 0x00, 0x00, 0x00, 0x00, 0x00, 0x00, 0x00, 0x00, 0x00,
    0x00, 0x00, 0x00, 0x00, 0x00, 0x00, 0xfe, 0x00, 0x00, 0x00, 0x00, 0x00, 0x00, 0x00, 0x40, 0x60,
    0x00, 0x00, 0x00, 0x00, 0x00, 0x00, 0x00, 0x00, 0x00, 0x00, 0x00, 0x00, 0x00, 0x00, 0x00, 0x00,
    0x00, 0x00, 0x00, 0x3c, 0x66, 0x06, 0x3e, 0x66, 0x46, 0x6e, 0x7e, 0x00, 0x00, 0x00, 0x00, 0x00,
    0x00, 0x00, 0x60, 0x60, 0x60, 0x7c, 0x76, 0x62, 0x62, 0x62, 0x62, 0x76, 0x7c, 0x00, 0x00, 0x00,
    0x00, 0x00, 0x00, 0x00, 0x00, 0x00, 0x00, 0x3c, 0x66, 0x62, 0x40, 0x40, 0x62, 0x66, 0x3c, 0x00,
    0x00, 0x00, 0x00, 0x00, 0x00, 0x00, 0x02, 0x02, 0x02, 0x3e, 0x76, 0x66, 0x42, 0x42, 0x66, 0x76,
    0x3e, 0x00, 0x00, 0x00, 0x00, 0x00, 0x00, 0x00, 0x00, 0x00, 0x00, 0x3c, 0x66, 0x42, 0x7e, 0x60,
    0x60, 0x76, 0x3c, 0x00, 0x00, 0x00, 0x00, 0x00, 0x00, 0x00, 0x38, 0x30, 0x20, 0xf8, 0x60, 0x20,
    0x20, 0x20, 0x20, 0x20, 0x20, 0x00, 0x00, 0x00, 0x00, 0x00, 0x00, 0x00, 0x00, 0x00, 0x00, 0x3e,
    0x66, 0x62, 0x42, 0x42, 0x62, 0x66, 0x3e, 0x06, 0x0e, 0x3c, 0x00, 0x00, 0x00, 0x00, 0x60, 0x60,
    0x60, 0x7c, 0x76, 0x62, 0x62, 0x62, 0x62, 0x62, 0x62, 0x00, 0x00, 0x00, 0x00, 0x00, 0x00, 0x00,
    0x60, 0x60, 0x00, 0x60, 0x60, 0x60, 0x60, 0x60, 0x60, 0x60, 0x60, 0x00, 0x00, 0x00, 0x00, 0x00,
    0x00, 0x00, 0x30, 0x30, 0x00, 0x30, 0x30, 0x30, 0x30, 0x30, 0x30, 0x30, 0x30, 0x30, 0x60, 0xe0,
    0x00, 0x00, 0x00, 0x00, 0x60, 0x60, 0x60, 0x66, 0x6c, 0x78, 0x78, 0x6c, 0x64, 0x66, 0x62, 0x00,
    0x00, 0x00, 0x00, 0x00, 0x00, 0x00, 0x60, 0x60, 0x60, 0x60, 0x60, 0x60, 0x60, 0x60, 0x60, 0x60,
    0x60, 0x00, 0x00, 0x00, 0x00, 0x00, 0x00, 0x00, 0x00, 0x00, 0x00, 0x00, 0x00, 0x00, 0x00, 0x00,
    0x00, 0x00, 0x7d, 0xe0, 0x67, 0x60, 0x66, 0x20, 0x66, 0x30, 0x66, 0x30, 0x66, 0x30, 0x66, 0x30,
    0x66, 0x20, 0x00, 0x00, 0x00, 0x00, 0x00, 0x00, 0x00, 0x00, 0x00, 0x00, 0x00, 0x00, 0x00, 0x7c,
    0x76, 0x62, 0x62, 0x62, 0x62, 0x62, 0x62, 0x00, 0x00, 0x00, 0x00, 0x00, 0x00, 0x00, 0x00, 0x00,
    0x00, 0x3c, 0x76, 0x62, 0x43, 0x43, 0x62, 0x76, 0x3c, 0x00, 0x00, 0x00, 0x00, 0x00, 0x00, 0x00,
    0x00, 0x00, 0x00, 0x7c, 0x76, 0x62, 0x63, 0x63, 0x62, 0x76, 0x7c, 0x60, 0x60, 0x60, 0x00, 0x00,
    0x00, 0x00, 0x00, 0x00, 0x00, 0x3e, 0x76, 0x66, 0x42, 0x42, 0x66, 0x76, 0x3e, 0x02, 0x02, 0x02,
    0x00, 0x00, 0x00, 0x00, 0x00, 0x00, 0x00, 0x78, 0x70, 0x60, 0x60, 0x60, 0x60, 0x60, 0x60, 0x00,
    0x00, 0x00, 0x00, 0x00, 0x00, 0x00, 0x00, 0x00, 0x00, 0x3c, 0x6c, 0x40, 0x70, 0x1c, 0x46, 0x6e,
    0x3c, 0x00, 0x00, 0x00, 0x00, 0x00, 0x00, 0x00, 0x00, 0x20, 0x20, 0xf8, 0x60, 0x20, 0x20, 0x20,
    0x20, 0x30, 0x38, 0x00, 0x00, 0x00, 0x00, 0x00, 0x00, 0x00, 0x00, 0x00, 0x00, 0x42, 0x42, 0x42,
    0x42, 0x42, 0x66, 0x66, 0x3e, 0x00, 0x00, 0x00, 0x00, 0x00, 0x00, 0x00, 0x00, 0x00, 0x00, 0xc6,
    0x46, 0x64, 0x6c, 0x2c, 0x38, 0x38, 0x18, 0x00, 0x00, 0x00, 0x00, 0x00, 0x00, 0x00, 0x00, 0x00,
    0x00, 0x00, 0x00, 0x00, 0x00, 0x00, 0x00, 0x00, 0xc4, 0x60, 0x4e, 0x40, 0x6e, 0x40, 0x6a, 0xc0,
    0x2a, 0xc0, 0x3b, 0x80, 0x39, 0x80, 0x31, 0x80, 0x00, 0x00, 0x00, 0x00, 0x00, 0x00, 0x00, 0x00,
    0x00, 0x00, 0x00, 0x00, 0x00, 0x46, 0x64, 0x3c, 0x18, 0x18, 0x3c, 0x64, 0x46, 0x00, 0x00, 0x00,
    0x00, 0x00, 0x00, 0x00, 0x00, 0x00, 0x00, 0xc6, 0x44, 0x64, 0x6c, 0x28, 0x38, 0x38, 0x10, 0x10,
    0x30, 0x60, 0x00, 0x00, 0x00, 0x00, 0x00, 0x00, 0x00, 0xfc, 0x0c, 0x08, 0x18, 0x30, 0x60, 0x60,
    0xfc, 0x00, 0x00, 0x00, 0x00, 0x00, 0x00, 0x30, 0x60, 0x60, 0x60, 0x60, 0x60, 0x60, 0x60, 0x60,
    0x60, 0x60, 0x60, 0x60, 0x30, 0x00, 0x00, 0x00, 0x00, 0x40, 0x40, 0x40, 0x40, 0x40, 0x40, 0x40,
    0x40, 0x40, 0x40, 0x40, 0x40, 0x40, 0x00, 0x00, 0x00, 0x00, 0x00, 0xe0, 0x20, 0x30, 0x30, 0x30,
    0x30, 0x30, 0x30, 0x30, 0x30, 0x30, 0x30, 0x30, 0xe0, 0x00, 0x00, 0x00, 0x00, 0x00, 0x00, 0x00,
    0x00, 0x00, 0x00, 0x72, 0x5e, 0x00, 0x00, 0x00, 0x00, 0x00, 0x00, 0x00, 0x00, 0x00, 0x00, 0x00,
    0x30, 0x10, 0x00, 0x3c, 0x66, 0x06, 0x3e, 0x66, 0x46, 0x6e, 0x7e, 0x00, 0x00, 0x00, 0x00, 0x00,
    0x00, 0x00, 0x18, 0x2c, 0x00, 0x3c, 0x66, 0x06, 0x3e, 0x66, 0x46, 0x6e, 0x7e, 0x00, 0x00, 0x00,
    0x00, 0x00, 0x00, 0x00, 0x00, 0x00, 0x00, 0x3c, 0x66, 0x62, 0x40, 0x40, 0x42, 0x66, 0x3c, 0x08,
    0x08, 0x18, 0x00, 0x00, 0x00, 0x00, 0x08, 0x18, 0x00, 0x3c, 0x66, 0x42, 0x7e, 0x60, 0x60, 0x76,
    0x3c, 0x00, 0x00, 0x00, 0x00, 0x00, 0x00, 0x00, 0x10, 0x10, 0x00, 0x3c, 0x66, 0x42, 0x7e, 0x60,
    0x60, 0x76, 0x3c, 0x00, 0x00, 0x00, 0x00, 0x00, 0x00, 0x00, 0x18, 0x34, 0x00, 0x3c, 0x66, 0x42,
    0x7e, 0x60, 0x60, 0x76, 0x3c, 0x00, 0x00, 0x00, 0x00, 0x00, 0x00, 0x00, 0x24, 0x24, 0x00, 0x3c,
    0x66, 0x42, 0x7e, 0x60, 0x60, 0x76, 0x3c, 0x00, 0x00, 0x00, 0x00, 0x00, 0x00, 0x00, 0x70, 0x58,
    0x00, 0x20, 0x20, 0x20, 0x20, 0x20, 0x20, 0x20, 0x20, 0x00, 0x00, 0x00, 0x00, 0x00, 0x00, 0x00,
    0xd8, 0xd8, 0x00, 0x20, 0x20, 0x20, 0x20, 0x20, 0x20, 0x20, 0x20, 0x00, 0x00, 0x00, 0x00, 0x00,
    0x00, 0x00, 0x18, 0x34, 0x00, 0x3c, 0x76, 0x62, 0x43, 0x43, 0x62, 0x76, 0x3c, 0x00, 0x00, 0x00,
    0x00, 0x00, 0x00, 0x00, 0x10, 0x18, 0x00, 0x42, 0x42, 0x42, 0x42, 0x42, 0x66, 0x66, 0x3e, 0x00,
    0x00, 0x00, 0x00, 0x00, 0x00, 0x00, 0x18, 0x34, 0x00, 0x42, 0x42, 0x42, 0x42, 0x42, 0x66, 0x66,
    0x3e, 0x00, 0x00, 0x00, 0x00, 0x00, 0x00, 0x00, 0x34, 0x34, 0x00, 0x42, 0x42, 0x42, 0x42, 0x42,
    0x66, 0x66, 0x3e, 0x00, 0x00, 0x00, 0x00, 0x00, 0x18, 0x00, 0x08, 0x00, 0x00, 0x00, 0x0c, 0x00,
    0x1c, 0x00, 0x1c, 0x00, 0x16, 0x00, 0x36, 0x00, 0x32, 0x00, 0x23, 0x00, 0x63, 0x00, 0x7f, 0x00,
    0x61, 0x80, 0x41, 0x80, 0x00, 0x00, 0x00, 0x00, 0x00, 0x00, 0x00, 0x00, 0x0c, 0x00, 0x16, 0x00,
    0x00, 0x00, 0x0c, 0x00, 0x1c, 0x00, 0x1c, 0x00, 0x16, 0x00, 0x36, 0x00, 0x32, 0x00, 0x23, 0x00,
    0x63, 0x00, 0x7f, 0x00, 0x61, 0x80, 0x41, 0x80, 0x00, 0x00, 0x00, 0x00, 0x00, 0x00, 0x00, 0x00,
    0x00, 0x00, 0x00, 0x00, 0x00, 0x00, 0x1e, 0x00, 0x77, 0x00, 0x61, 0x00, 0x41, 0x00, 0x40, 0x00,
    0x40, 0x00, 0x40, 0x00, 0x41, 0x00, 0x61, 0x00, 0x37, 0x00, 0x1e, 0x00, 0x08, 0x00, 0x0c, 0x00,
    0x18, 0x00, 0x00, 0x00, 0x04, 0x00, 0x08, 0x00, 0x00, 0x00, 0x7f, 0x00, 0x60, 0x00, 0x60, 0x00,
    0x60, 0x00, 0x60, 0x00, 0x7e, 0x00, 0x60, 0x00, 0x60, 0x00, 0x60, 0x00, 0x60, 0x00, 0x7f, 0x00,
    0x00, 0x00, 0x00, 0x00, 0x00, 0x00, 0x00, 0x00, 0x18, 0x00, 0x08, 0x00, 0x00, 0x00, 0x7f, 0x00,
    0x60, 0x00, 0x60, 0x00, 0x60, 0x00, 0x60, 0x00, 0x7e, 0x00, 0x60, 0x00, 0x60, 0x00, 0x60, 0x00,
    0x60, 0x00, 0x7f, 0x00, 0x00, 0x00, 0x00, 0x00, 0x00, 0x00, 0x00, 0x00, 0x1c, 0x00, 0x16, 0x00,
    0x00, 0x00, 0x7f, 0x00, 0x60, 0x00, 0x60, 0x00, 0x60, 0x00, 0x60, 0x00, 0x7e, 0x00, 0x60, 0x00,
    0x60, 0x00, 0x60, 0x00, 0x60, 0x00, 0x7f, 0x00, 0x00, 0x00, 0x00, 0x00, 0x00, 0x00, 0x00, 0x30,
    0x58, 0x00, 0x30, 0x30, 0x30, 0x30, 0x30, 0x30, 0x30, 0x30, 0x30, 0x30, 0x30, 0x00, 0x00, 0x00,
    0x00, 0x00, 0x1c, 0x00, 0x16, 0x00, 0x00, 0x00, 0x1e, 0x00, 0x37, 0x00, 0x61, 0x00, 0x41, 0x00,
    0x41, 0x00, 0x41, 0x00, 0x41, 0x00, 0x41, 0x00, 0x61, 0x00, 0x37, 0x00, 0x1e, 0x00, 0x00, 0x00,
    0x00, 0x00, 0x00, 0x00, 0x00, 0x00, 0x18, 0x00, 0x08, 0x00, 0x00, 0x00, 0x61, 0x80, 0x61, 0x80,
    0x61, 0x80, 0x61, 0x80, 0x61, 0x80, 0x61, 0x80, 0x61, 0x80, 0x61, 0x80, 0x61, 0x00, 0x33, 0x00,
    0x1e, 0x00, 0x00, 0x00, 0x00, 0x00, 0x00, 0x00, 0x00, 0x00, 0x0c, 0x00, 0x16, 0x00, 0x00, 0x00,
    0x61, 0x80, 0x61, 0x80, 0x61, 0x80, 0x61, 0x80, 0x61, 0x80, 0x61, 0x80, 0x61, 0x80, 0x61, 0x80,
    0x61, 0x00, 0x33, 0x00, 0x1e, 0x00, 0x00, 0x00, 0x00, 0x00, 0x00, 0x00, 0x00, 0x00, 0x70, 0x58,
    0x88, 0xc8, 0x78, 0x00, 0x00, 0x00, 0x00, 0x00, 0x00, 0x00, 0x00, 0x00, 0x00, 0x00, 0x00, 0x70,
    0xd0, 0x10, 0x10, 0x20, 0x40, 0xf8, 0x00, 0x00, 0x00, 0x00, 0x00, 0x00, 0x00, 0x00, 0x00, 0x00,
    0x00, 0x00, 0x00, 0x00, 0x00, 0x00, 0x00, 0x00, 0x00, 0x00, 0x40, 0x40, 0x00, 0x00, 0x00, 0x00,
    0x00, 0x00, 0x00, 0x00, 0x00, 0x00, 0x40, 0xc0, 0x80, 0x00, 0x00, 0x00, 0x00, 0x00, 0x00, 0x00,
    0x00, 0x00, 0x00, 0x00, 0x00, 0x00, 0x00, 0x00, 0x00, 0x00, 0x00, 0x00, 0x00, 0x00, 0x00, 0x00,
    0x00, 0x00, 0x00, 0x00, 0x00, 0x00, 0x00, 0x00, 0xff, 0xc0, 0x00, 0x00, 0x00, 0x00, 0x00, 0x00,
    0x00, 0x00, 0x00, 0x00, 0x00, 0x00, 0x00, 0x00,
};
static const ui_glyph_t font_body_glyphs[] = {
    {0x0020, 3, 3, 0, 0},
    {0x0021, 5, 5, 0, 18},
    {0x0022, 5, 4, 0, 36},
    {0x0023, 10, 10, 0, 54},
    {0x0024, 8, 8, 0, 90},
    {0x0025, 13, 13, 0, 108},
    {0x0026, 10, 10, 0, 144},
    {0x0027, 2, 2, 0, 180},
    {0x0028, 5, 4, -1, 198},
    {0x0029, 5, 4, 0, 216},
    {0x002a, 6, 6, 0, 234},
    {0x002b, 7, 7, 0, 252},
    {0x002c, 4, 4, 0, 270},
    {0x002d, 6, 6, 0, 288},
    {0x002e, 4, 4, 0, 306},
    {0x002f, 6, 6, 0, 324},
    {0x0030, 8, 8, 0, 342},
    {0x0031, 5, 5, 0, 360},
    {0x0032, 8, 8, 0, 378},
    {0x0033, 8, 8, 0, 396},
    {0x0034, 9, 9, 0, 414},
    {0x0035, 8, 8, 0, 450},
    {0x0036, 8, 8, 0, 468},
    {0x0037, 7, 7, 0, 486},
    {0x0038, 8, 8, 0, 504},
    {0x0039, 8, 8, 0, 522},
    {0x003a, 5, 5, 0, 540},
    {0x003b, 5, 5, 0, 558},
    {0x003c, 7, 7, 0, 576},
    {0x003d, 7, 7, 0, 594},
    {0x003e, 7, 7, 0, 612},
    {0x003f, 7, 7, 0, 630},
    {0x0040, 12, 12, 0, 648},
    {0x0041, 9, 9, 0, 684},
    {0x0042, 9, 9, 0, 720},
    {0x0043, 9, 9, 0, 756},
    {0x0044, 9, 9, 0, 792},
    {0x0045, 9, 9, 0, 828},
    {0x0046, 9, 8, 0, 864},
    {0x0047, 9, 9, 0, 900},
    {0x0048, 10, 10, 0, 936},
    {0x0049, 4, 4, 0, 972},
    {0x004a, 9, 9, 0, 990},
    {0x004b, 9, 9, 0, 1026},
    {0x004c, 9, 9, 0, 1062},
    {0x004d, 11, 11, 0, 1098},
    {0x004e, 10, 10, 0, 1134},
    {0x004f, 9, 9, 0, 1170},
    {0x0050, 9, 9, 0, 1206},
    {0x0051, 9, 9, 0, 1242},
    {0x0052, 9, 9, 0, 1278},
    {0x0053, 9, 9, 0, 1314},
    {0x0054, 9, 9, 0, 1350},
    {0x0055, 10, 10, 0, 1386},
    {0x0056, 9, 9, 0, 1422},
    {0x0057, 13, 13, 0, 1458},
    {0x0058, 9, 9, 0, 1494},
    {0x0059, 9, 9, 0, 1530},
    {0x005a, 8, 8, 0, 1566},
    {0x005b, 6, 6, 0, 1584},
    {0x005c, 6, 6, 0, 1602},
    {0x005d, 6, 6, 0, 1620},
    {0x005e, 7, 7, 0, 1638},
    {0x005f, 8, 7, 0, 1656},
    {0x0060, 3, 3, 0, 1674},
    {0x0061, 8, 8, 0, 1692},
    {0x0062, 8, 8, 0, 1710},
    {0x0063, 8, 8, 0, 1728},
    {0x0064, 8, 8, 0, 1746},
    {0x0065, 8, 8, 0, 1764},
    {0x0066, 6, 6, 0, 1782},
    {0x0067, 8, 8, 0, 1800},
    {0x0068, 8, 8, 0, 1818},
    {0x0069, 4, 4, 0, 1836},
    {0x006a, 5, 4, -1, 1854},
    {0x006b, 8, 8, 0, 1872},
    {0x006c, 4, 4, 0, 1890},
    {0x006d, 12, 12, 0, 1908},
    {0x006e, 8, 8, 0, 1944},
    {0x006f, 8, 8, 0, 1962},
    {0x0070, 8, 8, 0, 1980},
    {0x0071, 8, 8, 0, 1998},
    {0x0072, 6, 6, 0, 2016},
    {0x0073, 7, 7, 0, 2034},
    {0x0074, 6, 6, 0, 2052},
    {0x0075, 8, 8, 0, 2070},
    {0x0076, 7, 7, 0, 2088},
    {0x0077, 11, 11, 0, 2106},
    {0x0078, 8, 7, 0, 2142},
    {0x0079, 7, 7, 0, 2160},
    {0x007a, 7, 7, 0, 2178},
    {0x007b, 5, 5, 0, 2196},
    {0x007c, 3, 3, 0, 2214},
    {0x007d, 5, 5, 0, 2232},
    {0x007e, 8, 8, 0, 2250},
    {0x00e0, 8, 8, 0, 2268},
    {0x00e2, 8, 8, 0, 2286},
    {0x00e7, 8, 8, 0, 2304},
    {0x00e9, 8, 8, 0, 2322},
    {0x00e8, 8, 8, 0, 2340},
    {0x00ea, 8, 8, 0, 2358},
    {0x00eb, 8, 8, 0, 2376},
    {0x00ee, 5, 3, -1, 2394},
    {0x00ef, 5, 3, -1, 2412},
    {0x00f4, 8, 8, 0, 2430},
    {0x00f9, 8, 8, 0, 2448},
    {0x00fb, 8, 8, 0, 2466},
    {0x00fc, 8, 8, 0, 2484},
    {0x00c0, 9, 9, 0, 2502},
    {0x00c2, 9, 9, 0, 2538},
    {0x00c7, 9, 9, 0, 2574},
    {0x00c9, 9, 9, 0, 2610},
    {0x00c8, 9, 9, 0, 2646},
    {0x00ca, 9, 9, 0, 2682},
    {0x00ce, 5, 4, -1, 2718},
    {0x00d4, 9, 9, 0, 2736},
    {0x00d9, 10, 10, 0, 2772},
    {0x00db, 10, 10, 0, 2808},
    {0x00b0, 6, 6, 0, 2844},
    {0x00b2, 5, 5, 0, 2862},
    {0x00b7, 3, 3, 0, 2880},
    {0x2019, 3, 2, 0, 2898},
    {0x2014, 10, 10, 0, 2916},
};
const ui_font_t font_body = {18, 15, 4, 123, font_body_glyphs, font_body_bits};

static const uint8_t font_small_bits[] = {
    0x00, 0x00, 0x00, 0x00, 0x00, 0x00, 0x00, 0x00, 0x00, 0x00, 0x00, 0x00, 0x00, 0x00, 0x00, 0x00,
    0x00, 0x00, 0x00, 0x00, 0x60, 0x60, 0x60, 0x20, 0x20, 0x20, 0x00, 0x20, 0x60, 0x00, 0x00, 0x00,
    0x00, 0x00, 0x00, 0x00, 0xf0, 0xf0, 0xa0, 0x00, 0x00, 0x00, 0x00, 0x00, 0x00, 0x00, 0x00, 0x00,
    0x00, 0x00, 0x00, 0x00, 0x00, 0x00, 0x00, 0x00, 0x12, 0x00, 0x32, 0x00, 0x7f, 0x00, 0x36, 0x00,
    0x26, 0x00, 0x26, 0x00, 0x7e, 0x00, 0x24, 0x00, 0x24, 0x00, 0x00, 0x00, 0x00, 0x00, 0x00, 0x00,
    0x00, 0x00, 0x10, 0x38, 0x64, 0x46, 0x60, 0x30, 0x1c, 0x06, 0x46, 0x64, 0x3c, 0x10, 0x00, 0x00,
    0x00, 0x00, 0x00, 0x00, 0x00, 0x00, 0x00, 0x00, 0x31, 0x00, 0x49, 0x00, 0x7a, 0x00, 0x06, 0x00,
    0x04, 0x00, 0x09, 0x80, 0x0a, 0x40, 0x12, 0x40, 0x11, 0x80, 0x00, 0x00, 0x00, 0x00, 0x00, 0x00,
    0x00, 0x00, 0x00, 0x00, 0x00, 0x00, 0x00, 0x00, 0x38, 0x00, 0x6c, 0x00, 0x64, 0x00, 0x3c, 0x00,
    0x38, 0x00, 0x69, 0x00, 0x46, 0x00, 0x4e, 0x00, 0x7b, 0x00, 0x00, 0x00, 0x00, 0x00, 0x00, 0x00,
    0x00, 0x00, 0x00, 0x00, 0xc0, 0xc0, 0x80, 0x00, 0x00, 0x00, 0x00, 0x00, 0x00, 0x00, 0x00, 0x00,
    0x00, 0x00, 0x30, 0x20, 0x60, 0x60, 0x60, 0x40, 0x40, 0x60, 0x60, 0x60, 0x20, 0x30, 0x00, 0x00,
    0x00, 0x00, 0x60, 0x20, 0x20, 0x30, 0x30, 0x30, 0x30, 0x30, 0x30, 0x20, 0x20, 0x60, 0x00, 0x00,
    0x00, 0x00, 0x00, 0x20, 0x78, 0x70, 0x78, 0x20, 0x00, 0x00, 0x00, 0x00, 0x00, 0x00, 0x00, 0x00,
    0x00, 0x00, 0x00, 0x00, 0x00, 0x00, 0x10, 0x10, 0x10, 0xfc, 0x10, 0x10, 0x00, 0x00, 0x00, 0x00,
    0x00, 0x00, 0x00, 0x00, 0x00, 0x00, 0x00, 0x00, 0x00, 0x00, 0x00, 0x40, 0x40, 0x40, 0x00, 0x00,
    0x00, 0x00, 0x00, 0x00, 0x00, 0x00, 0x00, 0x00, 0xf8, 0x00, 0x00, 0x00, 0x00, 0x00, 0x00, 0x00,
    0x00, 0x00, 0x00, 0x00, 0x00, 0x00, 0x00, 0x00, 0x00, 0x00, 0x00, 0x40, 0x40, 0x00, 0x00, 0x00,
    0x00, 0x00, 0x00, 0x00, 0x18, 0x10, 0x10, 0x30, 0x20, 0x60, 0x60, 0x40, 0xc0, 0x00, 0x00, 0x00,
    0x00, 0x00, 0x00, 0x00, 0x38, 0x64, 0x46, 0x46, 0x46, 0x46, 0x46, 0x64, 0x38, 0x00, 0x00, 0x00,
    0x00, 0x00, 0x00, 0x00, 0x70, 0x70, 0x30, 0x30, 0x30, 0x30, 0x30, 0x30, 0x30, 0x00, 0x00, 0x00,
    0x00, 0x00, 0x00, 0x00, 0x38, 0x4c, 0x44, 0x0c, 0x08, 0x18, 0x30, 0x60, 0x7c, 0x00, 0x00, 0x00,
    0x00, 0x00, 0x00, 0x00, 0x7c, 0x0c, 0x18, 0x38, 0x0c, 0x04, 0x44, 0x6c, 0x38, 0x00, 0x00, 0x00,
    0x00, 0x00, 0x00, 0x00, 0x10, 0x30, 0x20, 0x64, 0x44, 0x7e, 0x0c, 0x04, 0x04, 0x00, 0x00, 0x00,
    0x00, 0x00, 0x00, 0x00, 0x7c, 0x40, 0x40, 0x78, 0x6c, 0x04, 0x44, 0x6c, 0x38, 0x00, 0x00, 0x00,
    0x00, 0x00, 0x00, 0x00, 0x38, 0x6c, 0x40, 0x78, 0x6c, 0x44, 0x44, 0x6c, 0x38, 0x00, 0x00, 0x00,
    0x00, 0x00, 0x00, 0x00, 0xfc, 0xcc, 0x0c, 0x08, 0x18, 0x10, 0x10, 0x30, 0x20, 0x00, 0x00, 0x00,
    0x00, 0x00, 0x00, 0x00, 0x38, 0x6c, 0x4c, 0x78, 0x6c, 0x44, 0x44, 0x6c, 0x38, 0x00, 0x00, 0x00,
    0x00, 0x00, 0x00, 0x00, 0x38, 0x4c, 0x44, 0x4c, 0x7c, 0x04, 0x44, 0x6c, 0x38, 0x00, 0x00, 0x00,
    0x00, 0x00, 0x00, 0x00, 0x00, 0x00, 0x20, 0x20, 0x00, 0x00, 0x00, 0x20, 0x20, 0x00, 0x00, 0x00,
    0x00, 0x00, 0x00, 0x00, 0x00, 0x00, 0x60, 0x60, 0x00, 0x00, 0x00, 0x60, 0x40, 0x40, 0x00, 0x00,
    0x00, 0x00, 0x00, 0x00, 0x00, 0x00, 0x00, 0x1c, 0x70, 0xc0, 0x70, 0x0c, 0x00, 0x00, 0x00, 0x00,
    0x00, 0x00, 0x00, 0x00, 0x00, 0x00, 0x00, 0xfc, 0x00, 0xfc, 0x00, 0x00, 0x00, 0x00, 0x00, 0x00,
    0x00, 0x00, 0x00, 0x00, 0x00, 0x00, 0x00, 0x60, 0x38, 0x0c, 0x38, 0x60, 0x00, 0x00, 0x00, 0x00,
    0x00, 0x00, 0x00, 0x00, 0x78, 0x4c, 0xcc, 0x0c, 0x18, 0x30, 0x20, 0x00, 0x30, 0x00, 0x00, 0x00,
    0x00, 0x00, 0x00, 0x00, 0x00, 0x00, 0x00, 0x00, 0x0f, 0x00, 0x31, 0x80, 0x60, 0xc0, 0x4e, 0x40,
    0x5a, 0x40, 0x52, 0x40, 0x52, 0xc0, 0x5f, 0x80, 0x60, 0x00, 0x3e, 0x00, 0x00, 0x00, 0x00, 0x00,
    0x00, 0x00, 0x00, 0x00, 0x18, 0x18, 0x3c, 0x24, 0x24, 0x66, 0x7e, 0x42, 0xc3, 0x00, 0x00, 0x00,
    0x00, 0x00, 0x00, 0x00, 0x7c, 0x46, 0x42, 0x46, 0x7c, 0x46, 0x42, 0x46, 0x7c, 0x00, 0x00, 0x00,
    0x00, 0x00, 0x00, 0x00, 0x3c, 0x66, 0x42, 0x40, 0x40, 0x40, 0x42, 0x66, 0x3c, 0x00, 0x00, 0x00,
    0x00, 0x00, 0x00, 0x00, 0x7c, 0x46, 0x42, 0x42, 0x42, 0x42, 0x42, 0x46, 0x7c, 0x00, 0x00, 0x00,
    0x00, 0x00, 0x00, 0x00, 0x7e, 0x40, 0x40, 0x40, 0x7c, 0x40, 0x40, 0x40, 0x7e, 0x00, 0x00, 0x00,
    0x00, 0x00, 0x00, 0x00, 0x7e, 0x40, 0x40, 0x40, 0x7c, 0x40, 0x40, 0x40, 0x40, 0x00, 0x00, 0x00,
    0x00, 0x00, 0x00, 0x00, 0x3c, 0x66, 0x42, 0x40, 0x4e, 0x42, 0x42, 0x66, 0x3c, 0x00, 0x00, 0x00,
    0x00, 0x00, 0x00, 0x00, 0x42, 0x42, 0x42, 0x42, 0x7e, 0x42, 0x42, 0x42, 0x42, 0x00, 0x00, 0x00,
    0x00, 0x00, 0x00, 0x00, 0x40, 0x40, 0x40, 0x40, 0x40, 0x40, 0x40, 0x40, 0x40, 0x00, 0x00, 0x00,
    0x00, 0x00, 0x00, 0x00, 0x06, 0x06, 0x06, 0x06, 0x06, 0xc6, 0xc6, 0x4c, 0x78, 0x00, 0x00, 0x00,
    0x00, 0x00, 0x00, 0x00, 0x42, 0x44, 0x4c, 0x58, 0x78, 0x6c, 0x44, 0x46, 0x43, 0x00, 0x00, 0x00,
    0x00, 0x00, 0x00, 0x00, 0x40, 0x40, 0x40, 0x40, 0x40, 0x40, 0x40, 0x40, 0x7e, 0x00, 0x00, 0x00,
    0x00, 0x00, 0x00, 0x00, 0x00, 0x00, 0x00, 0x00, 0x61, 0x00, 0x63, 0x00, 0x77, 0x00, 0x5d, 0x00,
    0x4d, 0x00, 0x41, 0x00, 0x41, 0x00, 0x41, 0x00, 0x41, 0x00, 0x00, 0x00, 0x00, 0x00, 0x00, 0x00,
    0x00, 0x00, 0x00, 0x00, 0x00, 0x00, 0x00, 0x00, 0x63, 0x00, 0x63, 0x00, 0x73, 0x00, 0x53, 0x00,
    0x4b, 0x00, 0x4f, 0x00, 0x47, 0x00, 0x47, 0x00, 0x43, 0x00, 0x00, 0x00, 0x00, 0x00, 0x00, 0x00,
    0x00, 0x00, 0x00, 0x00, 0x3c, 0x66, 0x42, 0x42, 0x42, 0x42, 0x42, 0x66, 0x3c, 0x00, 0x00, 0x00,
    0x00, 0x00, 0x00, 0x00, 0x7c, 0x46, 0x42, 0x42, 0x7c, 0x40, 0x40, 0x40, 0x40, 0x00, 0x00, 0x00,
    0x00, 0x00, 0x00, 0x00, 0x3c, 0x66, 0x46, 0x42, 0x42, 0x42, 0x42, 0x46, 0x64, 0x38, 0x10, 0x00,
    0x00, 0x00, 0x00, 0x00, 0x7c, 0x46, 0x42, 0x42, 0x7e, 0x4c, 0x44, 0x46, 0x42, 0x00, 0x00, 0x00,
    0x00, 0x00, 0x00, 0x00, 0x3c, 0x66, 0x42, 0x60, 0x38, 0x06, 0x42, 0x66, 0x3c, 0x00, 0x00, 0x00,
    0x00, 0x00, 0x00, 0x00, 0xfe, 0x10, 0x10, 0x10, 0x10, 0x10, 0x10, 0x10, 0x10, 0x00, 0x00, 0x00,
    0x00, 0x00, 0x00, 0x00, 0x42, 0x42, 0x42, 0x42, 0x42, 0x42, 0x42, 0x66, 0x3c, 0x00, 0x00, 0x00,
    0x00, 0x00, 0x00, 0x00, 0xc2, 0x42, 0x66, 0x64, 0x24, 0x2c, 0x38, 0x18, 0x18, 0x00, 0x00, 0x00,
    0x00, 0x00, 0x00, 0x00, 0x00, 0x00, 0x00, 0x00, 0xc6, 0x20, 0x46, 0x60, 0x4e, 0x40, 0x6a, 0x40,
    0x6b, 0x40, 0x2b, 0xc0, 0x39, 0x80, 0x31, 0x80, 0x11, 0x80, 0x00, 0x00, 0x00, 0x00, 0x00, 0x00,
    0x00, 0x00, 0x00, 0x00, 0x42, 0x66, 0x24, 0x38, 0x18, 0x38, 0x2c, 0x66, 0x42, 0x00, 0x00, 0x00,
    0x00, 0x00, 0x00, 0x00, 0x42, 0x66, 0x24, 0x38, 0x18, 0x18, 0x10, 0x10, 0x10, 0x00, 0x00, 0x00,
    0x00, 0x00, 0x00, 0x00, 0xfe, 0x04, 0x0c, 0x18, 0x10, 0x30, 0x60, 0x40, 0xfe, 0x00, 0x00, 0x00,
    0x00, 0x00, 0x00, 0xe0, 0xc0, 0xc0, 0xc0, 0xc0, 0xc0, 0xc0, 0xc0, 0xc0, 0xc0, 0xc0, 0xe0, 0x00,
    0x00, 0x00, 0x00, 0x00, 0x40, 0x60, 0x20, 0x20, 0x30, 0x10, 0x10, 0x18, 0x08, 0x00, 0x00, 0x00,
    0x00, 0x00, 0x00, 0x38, 0x18, 0x18, 0x18, 0x18, 0x18, 0x18, 0x18, 0x18, 0x18, 0x18, 0x38, 0x00,
    0x00, 0x00, 0x00, 0x00, 0x30, 0x30, 0x58, 0x48, 0x48, 0x00, 0x00, 0x00, 0x00, 0x00, 0x00, 0x00,
    0x00, 0x00, 0x00, 0x00, 0x00, 0x00, 0x00, 0x00, 0x00, 0x00, 0x00, 0x00, 0xfc, 0x00, 0x00, 0x00,
    0x00, 0x00, 0x00, 0x00, 0x40, 0x00, 0x00, 0x00, 0x00, 0x00, 0x00, 0x00, 0x00, 0x00, 0x00, 0x00,
    0x00, 0x00, 0x00, 0x00, 0x00, 0x00, 0x38, 0x4c, 0x04, 0x7c, 0x44, 0x4c, 0x7c, 0x00, 0x00, 0x00,
    0x00, 0x00, 0x00, 0x00, 0x40, 0x40, 0x78, 0x6c, 0x44, 0x46, 0x44, 0x6c, 0x78, 0x00, 0x00, 0x00,
    0x00, 0x00, 0x00, 0x00, 0x00, 0x00, 0x38, 0x6c, 0x44, 0x40, 0x40, 0x6c, 0x38, 0x00, 0x00, 0x00,
    0x00, 0x00, 0x00, 0x00, 0x04, 0x04, 0x3c, 0x6c, 0x44, 0x44, 0x44, 0x6c, 0x3c, 0x00, 0x00, 0x00,
    0x00, 0x00, 0x00, 0x00, 0x00, 0x00, 0x38, 0x6c, 0x44, 0x7c, 0x40, 0x64, 0x38, 0x00, 0x00, 0x00,
    0x00, 0x00, 0x00, 0x00, 0x30, 0x60, 0xf0, 0x60, 0x60, 0x60, 0x60, 0x60, 0x60, 0x00, 0x00, 0x00,
    0x00, 0x00, 0x00, 0x00, 0x00, 0x00, 0x3c, 0x6c, 0x44, 0x44, 0x44, 0x6c, 0x3c, 0x04, 0x0c, 0x38,
    0x00, 0x00, 0x00, 0x00, 0x40, 0x40, 0x78, 0x6c, 0x44, 0x44, 0x44, 0x44, 0x44, 0x00, 0x00, 0x00,
    0x00, 0x00, 0x00, 0x00, 0x40, 0x40, 0x40, 0x40, 0x40, 0x40, 0x40, 0x40, 0x40, 0x00, 0x00, 0x00,
    0x00, 0x00, 0x00, 0x00, 0x20, 0x20, 0x20, 0x20, 0x20, 0x20, 0x20, 0x20, 0x20, 0x20, 0x60, 0xe0,
    0x00, 0x00, 0x00, 0x00, 0x40, 0x40, 0x4c, 0x58, 0x78, 0x78, 0x48, 0x4c, 0x44, 0x00, 0x00, 0x00,
    0x00, 0x00, 0x00, 0x00, 0x40, 0x40, 0x40, 0x40, 0x40, 0x40, 0x40, 0x40, 0x40, 0x00, 0x00, 0x00,
    0x00, 0x00, 0x00, 0x00, 0x00, 0x00, 0x00, 0x00, 0x00, 0x00, 0x00, 0x00, 0x7b, 0x80, 0x6e, 0xc0,
    0x44, 0x40, 0x44, 0x40, 0x44, 0x40, 0x44, 0x40, 0x44, 0x40, 0x00, 0x00, 0x00, 0x00, 0x00, 0x00,
    0x00, 0x00, 0x00, 0x00, 0x00, 0x00, 0x78, 0x6c, 0x44, 0x44, 0x44, 0x44, 0x44, 0x00, 0x00, 0x00,
    0x00, 0x00, 0x00, 0x00, 0x00, 0x00, 0x38, 0x6c, 0x44, 0x46, 0x44, 0x6c, 0x38, 0x00, 0x00, 0x00,
    0x00, 0x00, 0x00, 0x00, 0x00, 0x00, 0x78, 0x6c, 0x46, 0x46, 0x44, 0x6c, 0x78, 0x40, 0x40, 0x40,
    0x00, 0x00, 0x00, 0x00, 0x00, 0x00, 0x3c, 0x6c, 0x44, 0x44, 0x44, 0x6c, 0x3c, 0x04, 0x04, 0x04,
    0x00, 0x00, 0x00, 0x00, 0x00, 0x00, 0x78, 0x60, 0x40, 0x40, 0x40, 0x40, 0x40, 0x00, 0x00, 0x00,
    0x00, 0x00, 0x00, 0x00, 0x00, 0x00, 0x78, 0x4c, 0x40, 0x38, 0x0c, 0x4c, 0x78, 0x00, 0x00, 0x00,
    0x00, 0x00, 0x00, 0x00, 0x00, 0x60, 0xf0, 0x60, 0x60, 0x60, 0x60, 0x60, 0x30, 0x00, 0x00, 0x00,
    0x00, 0x00, 0x00, 0x00, 0x00, 0x00, 0x44, 0x44, 0x44, 0x44, 0x44, 0x6c, 0x3c, 0x00, 0x00, 0x00,
    0x00, 0x00, 0x00, 0x00, 0x00, 0x00, 0xcc, 0x4c, 0x48, 0x68, 0x38, 0x30, 0x30, 0x00, 0x00, 0x00,
    0x00, 0x00, 0x00, 0x00, 0x00, 0x00, 0x00, 0x00, 0x00, 0x00, 0x00, 0x00, 0xcc, 0x80, 0x4c, 0x80,
    0x4d, 0x80, 0x7d, 0x00, 0x77, 0x00, 0x33, 0x00, 0x33, 0x00, 0x00, 0x00, 0x00, 0x00, 0x00, 0x00,
    0x00, 0x00, 0x00, 0x00, 0x00, 0x00, 0xcc, 0x68, 0x38, 0x30, 0x38, 0x68, 0x4c, 0x00, 0x00, 0x00,
    0x00, 0x00, 0x00, 0x00, 0x00, 0x00, 0xcc, 0x4c, 0x48, 0x68, 0x38, 0x30, 0x30, 0x30, 0x20, 0x60,
    0x00, 0x00, 0x00, 0x00, 0x00, 0x00, 0xf8, 0x18, 0x10, 0x30, 0x60, 0x40, 0xf8, 0x00, 0x00, 0x00,
    0x00, 0x00, 0x00, 0x30, 0x60, 0x60, 0x60, 0x60, 0x40, 0x40, 0x60, 0x60, 0x60, 0x60, 0x70, 0x00,
    0x00, 0x00, 0x00, 0xc0, 0xc0, 0xc0, 0xc0, 0xc0, 0xc0, 0xc0, 0xc0, 0xc0, 0xc0, 0xc0, 0x00, 0x00,
    0x00, 0x00, 0x00, 0xe0, 0x60, 0x20, 0x20, 0x20, 0x30, 0x30, 0x20, 0x20, 0x20, 0x20, 0xe0, 0x00,
    0x00, 0x00, 0x00, 0x00, 0x00, 0x00, 0x00, 0x00, 0x60, 0x5c, 0x00, 0x00, 0x00, 0x00, 0x00, 0x00,
    0x00, 0x00, 0x00, 0x20, 0x10, 0x00, 0x38, 0x4c, 0x04, 0x7c, 0x44, 0x4c, 0x7c, 0x00, 0x00, 0x00,
    0x00, 0x00, 0x00, 0x10, 0x28, 0x00, 0x38, 0x4c, 0x04, 0x7c, 0x44, 0x4c, 0x7c, 0x00, 0x00, 0x00,
    0x00, 0x00, 0x00, 0x00, 0x00, 0x00, 0x38, 0x6c, 0x44, 0x40, 0x40, 0x44, 0x7c, 0x10, 0x08, 0x10,
    0x00, 0x00, 0x00, 0x00, 0x10, 0x00, 0x38, 0x6c, 0x44, 0x7c, 0x40, 0x64, 0x38, 0x00, 0x00, 0x00,
    0x00, 0x00, 0x00, 0x00, 0x10, 0x00, 0x38, 0x6c, 0x44, 0x7c, 0x40, 0x64, 0x38, 0x00, 0x00, 0x00,
    0x00, 0x00, 0x00, 0x10, 0x28, 0x00, 0x38, 0x6c, 0x44, 0x7c, 0x40, 0x64, 0x38, 0x00, 0x00, 0x00,
    0x00, 0x00, 0x00, 0x28, 0x28, 0x00, 0x38, 0x6c, 0x44, 0x7c, 0x40, 0x64, 0x38, 0x00, 0x00, 0x00,
    0x00, 0x00, 0x00, 0x20, 0x50, 0x00, 0x20, 0x20, 0x20, 0x20, 0x20, 0x20, 0x20, 0x00, 0x00, 0x00,
    0x00, 0x00, 0x00, 0x50, 0x50, 0x00, 0x20, 0x20, 0x20, 0x20, 0x20, 0x20, 0x20, 0x00, 0x00, 0x00,
    0x00, 0x00, 0x00, 0x10, 0x28, 0x00, 0x38, 0x6c, 0x44, 0x46, 0x44, 0x6c, 0x38, 0x00, 0x00, 0x00,
    0x00, 0x00, 0x00, 0x00, 0x10, 0x00, 0x44, 0x44, 0x44, 0x44, 0x44, 0x6c, 0x3c, 0x00, 0x00, 0x00,
    0x00, 0x00, 0x00, 0x10, 0x28, 0x00, 0x44, 0x44, 0x44, 0x44, 0x44, 0x6c, 0x3c, 0x00, 0x00, 0x00,
    0x00, 0x00, 0x00, 0x28, 0x28, 0x00, 0x44, 0x44, 0x44, 0x44, 0x44, 0x6c, 0x3c, 0x00, 0x00, 0x00,
    0x00, 0x10, 0x10, 0x00, 0x18, 0x18, 0x3c, 0x24, 0x24, 0x66, 0x7e, 0x42, 0xc3, 0x00, 0x00, 0x00,
    0x00, 0x08, 0x1c, 0x00, 0x18, 0x18, 0x3c, 0x24, 0x24, 0x66, 0x7e, 0x42, 0xc3, 0x00, 0x00, 0x00,
    0x00, 0x00, 0x00, 0x00, 0x3c, 0x66, 0x42, 0x40, 0x40, 0x40, 0x42, 0x66, 0x3c, 0x10, 0x08, 0x18,
    0x00, 0x00, 0x08, 0x00, 0x7e, 0x40, 0x40, 0x40, 0x7c, 0x40, 0x40, 0x40, 0x7e, 0x00, 0x00, 0x00,
    0x00, 0x00, 0x10, 0x00, 0x7e, 0x40, 0x40, 0x40, 0x7c, 0x40, 0x40, 0x40, 0x7e, 0x00, 0x00, 0x00,
    0x00, 0x08, 0x1c, 0x00, 0x7e, 0x40, 0x40, 0x40, 0x7c, 0x40, 0x40, 0x40, 0x7e, 0x00, 0x00, 0x00,
    0x00, 0x20, 0x50, 0x00, 0x20, 0x20, 0x20, 0x20, 0x20, 0x20, 0x20, 0x20, 0x20, 0x00, 0x00, 0x00,
    0x00, 0x08, 0x1c, 0x00, 0x3c, 0x66, 0x42, 0x42, 0x42, 0x42, 0x42, 0x66, 0x3c, 0x00, 0x00, 0x00,
    0x00, 0x10, 0x18, 0x00, 0x42, 0x42, 0x42, 0x42, 0x42, 0x42, 0x42, 0x66, 0x3c, 0x00, 0x00, 0x00,
    0x00, 0x08, 0x1c, 0x00, 0x42, 0x42, 0x42, 0x42, 0x42, 0x42, 0x42, 0x66, 0x3c, 0x00, 0x00, 0x00,
    0x00, 0x00, 0x70, 0xd8, 0x98, 0x70, 0x00, 0x00, 0x00, 0x00, 0x00, 0x00, 0x00, 0x00, 0x00, 0x00,
    0x00, 0x60, 0xd0, 0x10, 0x20, 0x40, 0xf0, 0x00, 0x00, 0x00, 0x00, 0x00, 0x00, 0x00, 0x00, 0x00,
    0x00, 0x00, 0x00, 0x00, 0x00, 0x00, 0x00, 0x00, 0x40, 0x40, 0x00, 0x00, 0x00, 0x00, 0x00, 0x00,
    0x00, 0x00, 0x00, 0x00, 0x40, 0xc0, 0x80, 0x00, 0x00, 0x00, 0x00, 0x00, 0x00, 0x00, 0x00, 0x00,
    0x00, 0x00, 0x00, 0x00, 0x00, 0x00, 0x00, 0x00, 0x00, 0x00, 0x00, 0x00, 0x00, 0x00, 0x00, 0x00,
    0x00, 0x00, 0xff, 0x00, 0x00, 0x00, 0x00, 0x00, 0x00, 0x00, 0x00, 0x00, 0x00, 0x00, 0x00, 0x00,
};
static const ui_glyph_t font_small_glyphs[] = {
    {0x0020, 3, 3, 0, 0},
    {0x0021, 4, 4, 0, 16},
    {0x0022, 4, 4, 0, 32},
    {0x0023, 9, 9, 0, 48},
    {0x0024, 7, 7, 0, 80},
    {0x0025, 11, 11, 0, 96},
    {0x0026, 9, 9, 0, 128},
    {0x0027, 2, 2, 0, 160},
    {0x0028, 5, 4, -1, 176},
    {0x0029, 4, 4, 0, 192},
    {0x002a, 5, 5, 0, 208},
    {0x002b, 6, 6, 0, 224},
    {0x002c, 3, 3, 0, 240},
    {0x002d, 5, 5, 0, 256},
    {0x002e, 4, 4, 0, 272},
    {0x002f, 6, 6, 0, 288},
    {0x0030, 7, 7, 0, 304},
    {0x0031, 5, 5, 0, 320},
    {0x0032, 7, 7, 0, 336},
    {0x0033, 7, 7, 0, 352},
    {0x0034, 7, 7, 0, 368},
    {0x0035, 7, 7, 0, 384},
    {0x0036, 7, 7, 0, 400},
    {0x0037, 6, 6, 0, 416},
    {0x0038, 7, 7, 0, 432},
    {0x0039, 7, 7, 0, 448},
    {0x003a, 5, 5, 0, 464},
    {0x003b, 4, 4, 0, 480},
    {0x003c, 6, 6, 0, 496},
    {0x003d, 6, 6, 0, 512},
    {0x003e, 6, 6, 0, 528},
    {0x003f, 6, 6, 0, 544},
    {0x0040, 11, 11, 0, 560},
    {0x0041, 8, 8, 0, 592},
    {0x0042, 8, 8, 0, 608},
    {0x0043, 8, 8, 0, 624},
    {0x0044, 8, 8, 0, 640},
    {0x0045, 8, 8, 0, 656},
    {0x0046, 8, 7, 0, 672},
    {0x0047, 8, 8, 0, 688},
    {0x0048, 8, 8, 0, 704},
    {0x0049, 3, 3, 0, 720},
    {0x004a, 8, 8, 0, 736},
    {0x004b, 8, 8, 0, 752},
    {0x004c, 7, 7, 0, 768},
    {0x004d, 9, 9, 0, 784},
    {0x004e, 9, 9, 0, 816},
    {0x004f, 8, 8, 0, 848},
    {0x0050, 8, 8, 0, 864},
    {0x0051, 8, 8, 0, 880},
    {0x0052, 8, 8, 0, 896},
    {0x0053, 8, 8, 0, 912},
    {0x0054, 7, 7, 0, 928},
    {0x0055, 8, 8, 0, 944},
    {0x0056, 8, 8, 0, 960},
    {0x0057, 12, 11, 0, 976},
    {0x0058, 8, 8, 0, 1008},
    {0x0059, 8, 8, 0, 1024},
    {0x005a, 7, 7, 0, 1040},
    {0x005b, 5, 5, 0, 1056},
    {0x005c, 6, 6, 0, 1072},
    {0x005d, 5, 5, 0, 1088},
    {0x005e, 6, 6, 0, 1104},
    {0x005f, 7, 6, 0, 1120},
    {0x0060, 3, 3, 0, 1136},
    {0x0061, 7, 7, 0, 1152},
    {0x0062, 7, 7, 0, 1168},
    {0x0063, 7, 7, 0, 1184},
    {0x0064, 7, 7, 0, 1200},
    {0x0065, 7, 7, 0, 1216},
    {0x0066, 5, 5, 0, 1232},
    {0x0067, 7, 7, 0, 1248},
    {0x0068, 7, 7, 0, 1264},
    {0x0069, 3, 3, 0, 1280},
    {0x006a, 4, 3, -1, 1296},
    {0x006b, 7, 7, 0, 1312},
    {0x006c, 3, 3, 0, 1328},
    {0x006d, 11, 11, 0, 1344},
    {0x006e, 7, 7, 0, 1376},
    {0x006f, 7, 7, 0, 1392},
    {0x0070, 7, 7, 0, 1408},
    {0x0071, 7, 7, 0, 1424},
    {0x0072, 5, 5, 0, 1440},
    {0x0073, 6, 6, 0, 1456},
    {0x0074, 5, 5, 0, 1472},
    {0x0075, 7, 7, 0, 1488},
    {0x0076, 7, 6, 0, 1504},
    {0x0077, 10, 10, 0, 1520},
    {0x0078, 7, 6, 0, 1552},
    {0x0079, 6, 6, 0, 1568},
    {0x007a, 6, 6, 0, 1584},
    {0x007b, 4, 4, 0, 1600},
    {0x007c, 2, 2, 0, 1616},
    {0x007d, 4, 4, 0, 1632},
    {0x007e, 7, 7, 0, 1648},
    {0x00e0, 7, 7, 0, 1664},
    {0x00e2, 7, 7, 0, 1680},
    {0x00e7, 7, 7, 0, 1696},
    {0x00e9, 7, 7, 0, 1712},
    {0x00e8, 7, 7, 0, 1728},
    {0x00ea, 7, 7, 0, 1744},
    {0x00eb, 7, 7, 0, 1760},
    {0x00ee, 5, 3, -1, 1776},
    {0x00ef, 5, 3, -1, 1792},
    {0x00f4, 7, 7, 0, 1808},
    {0x00f9, 7, 7, 0, 1824},
    {0x00fb, 7, 7, 0, 1840},
    {0x00fc, 7, 7, 0, 1856},
    {0x00c0, 8, 8, 0, 1872},
    {0x00c2, 8, 8, 0, 1888},
    {0x00c7, 8, 8, 0, 1904},
    {0x00c9, 8, 8, 0, 1920},
    {0x00c8, 8, 8, 0, 1936},
    {0x00ca, 8, 8, 0, 1952},
    {0x00ce, 5, 3, -1, 1968},
    {0x00d4, 8, 8, 0, 1984},
    {0x00d9, 8, 8, 0, 2000},
    {0x00db, 8, 8, 0, 2016},
    {0x00b0, 5, 5, 0, 2032},
    {0x00b2, 4, 4, 0, 2048},
    {0x00b7, 3, 3, 0, 2064},
    {0x2019, 3, 2, 0, 2080},
    {0x2014, 9, 9, 0, 2096},
};
const ui_font_t font_small = {16, 13, 4, 123, font_small_glyphs, font_small_bits};

static const uint8_t font_unit_bits[] = {
    0x00, 0x00, 0x00, 0x00, 0x00, 0x00, 0x00, 0x00, 0x00, 0x00, 0x00, 0x00, 0x00, 0x00, 0x00, 0x00,
    0x00, 0x00, 0x00, 0x00, 0x60, 0x60, 0x60, 0x60, 0x60, 0x20, 0x00, 0x00, 0x60, 0x00, 0x00, 0x00,
    0x00, 0x00, 0x00, 0x00, 0xd0, 0xd0, 0xd0, 0x00, 0x00, 0x00, 0x00, 0x00, 0x00, 0x00, 0x00, 0x00,
    0x00, 0x00, 0x00, 0x00, 0x00, 0x00, 0x00, 0x00, 0x12, 0x00, 0x32, 0x00, 0x7f, 0x00, 0x36, 0x00,
    0x36, 0x00, 0x36, 0x00, 0x7f, 0x00, 0x66, 0x00, 0x64, 0x00, 0x00, 0x00, 0x00, 0x00, 0x00, 0x00,
    0x00, 0x00, 0x10, 0x38, 0x7c, 0x46, 0x46, 0x70, 0x3c, 0x06, 0x46, 0x66, 0x3c, 0x10, 0x00, 0x00,
    0x00, 0x00, 0x00, 0x00, 0x00, 0x00, 0x00, 0x00, 0x31, 0x00, 0x7b, 0x00, 0x7a, 0x00, 0x06, 0x00,
    0x04, 0x00, 0x09, 0x80, 0x0a, 0xc0, 0x13, 0xc0, 0x11, 0x80, 0x00, 0x00, 0x00, 0x00, 0x00, 0x00,
    0x00, 0x00, 0x00, 0x00, 0x00, 0x00, 0x00, 0x00, 0x38, 0x00, 0x7c, 0x00, 0x64, 0x00, 0x3c, 0x00,
    0x38, 0x00, 0x79, 0x00, 0x4f, 0x00, 0x6e, 0x00, 0x7b, 0x00, 0x00, 0x00, 0x00, 0x00, 0x00, 0x00,
    0x00, 0x00, 0x00, 0x00, 0xc0, 0xc0, 0xc0, 0x00, 0x00, 0x00, 0x00, 0x00, 0x00, 0x00, 0x00, 0x00,
    0x00, 0x00, 0x30, 0x30, 0x60, 0x60, 0x60, 0x60, 0x60, 0x60, 0x60, 0x60, 0x30, 0x30, 0x00, 0x00,
    0x00, 0x00, 0x60, 0x20, 0x30, 0x30, 0x30, 0x30, 0x30, 0x30, 0x30, 0x30, 0x20, 0x60, 0x00, 0x00,
    0x00, 0x00, 0x00, 0x00, 0x20, 0x78, 0x70, 0x20, 0x00, 0x00, 0x00, 0x00, 0x00, 0x00, 0x00, 0x00,
    0x00, 0x00, 0x00, 0x00, 0x00, 0x00, 0x30, 0x30, 0x30, 0xfc, 0x30, 0x30, 0x00, 0x00, 0x00, 0x00,
    0x00, 0x00, 0x00, 0x00, 0x00, 0x00, 0x00, 0x00, 0x00, 0x00, 0x00, 0x40, 0x40, 0x40, 0x00, 0x00,
    0x00, 0x00, 0x00, 0x00, 0x00, 0x00, 0x00, 0x00, 0xf8, 0x00, 0x00, 0x00, 0x00, 0x00, 0x00, 0x00,
    0x00, 0x00, 0x00, 0x00, 0x00, 0x00, 0x00, 0x00, 0x00, 0x00, 0x00, 0x00, 0x60, 0x00, 0x00, 0x00,
    0x00, 0x00, 0x00, 0x00, 0x18, 0x18, 0x10, 0x30, 0x30, 0x60, 0x60, 0x40, 0xc0, 0x00, 0x00, 0x00,
    0x00, 0x00, 0x00, 0x00, 0x3c, 0x6c, 0x46, 0x46, 0x46, 0x46, 0x46, 0x6c, 0x3c, 0x00, 0x00, 0x00,
    0x00, 0x00, 0x00, 0x00, 0x70, 0x70, 0x30, 0x30, 0x30, 0x30, 0x30, 0x30, 0x30, 0x00, 0x00, 0x00,
    0x00, 0x00, 0x00, 0x00, 0x38, 0x6c, 0x44, 0x0c, 0x0c, 0x18, 0x30, 0x60, 0x7e, 0x00, 0x00, 0x00,
    0x00, 0x00, 0x00, 0x00, 0x7c, 0x1c, 0x18, 0x38, 0x0c, 0x04, 0x44, 0x6c, 0x38, 0x00, 0x00, 0x00,
    0x00, 0x00, 0x00, 0x00, 0x10, 0x30, 0x20, 0x64, 0x64, 0xfe, 0x0c, 0x04, 0x04, 0x00, 0x00, 0x00,
    0x00, 0x00, 0x00, 0x00, 0x7c, 0x60, 0x40, 0x78, 0x6c, 0x04, 0x44, 0x6c, 0x38, 0x00, 0x00, 0x00,
    0x00, 0x00, 0x00, 0x00, 0x38, 0x6c, 0x40, 0x78, 0x6c, 0x44, 0x44, 0x6c, 0x38, 0x00, 0x00, 0x00,
    0x00, 0x00, 0x00, 0x00, 0xfc, 0xcc, 0x0c, 0x08, 0x18, 0x18, 0x30, 0x30, 0x20, 0x00, 0x00, 0x00,
    0x00, 0x00, 0x00, 0x00, 0x38, 0x6c, 0x6c, 0x7c, 0x6c, 0x44, 0x44, 0x6c, 0x38, 0x00, 0x00, 0x00,
    0x00, 0x00, 0x00, 0x00, 0x78, 0x6c, 0xc4, 0x4c, 0x7c, 0x04, 0x44, 0x6c, 0x38, 0x00, 0x00, 0x00,
    0x00, 0x00, 0x00, 0x00, 0x00, 0x00, 0x00, 0x60, 0x00, 0x00, 0x00, 0x60, 0x00, 0x00, 0x00, 0x00,
    0x00, 0x00, 0x00, 0x00, 0x00, 0x00, 0x60, 0x60, 0x00, 0x00, 0x00, 0x60, 0x60, 0x40, 0x00, 0x00,
    0x00, 0x00, 0x00, 0x00, 0x00, 0x00, 0x04, 0x1c, 0x70, 0xe0, 0x78, 0x1c, 0x00, 0x00, 0x00, 0x00,
    0x00, 0x00, 0x00, 0x00, 0x00, 0x00, 0x00, 0xfc, 0x00, 0xfc, 0x00, 0x00, 0x00, 0x00, 0x00, 0x00,
    0x00, 0x00, 0x00, 0x00, 0x00, 0x00, 0x00, 0xe0, 0x38, 0x0c, 0x38, 0xe0, 0x00, 0x00, 0x00, 0x00,
    0x00, 0x00, 0x00, 0x00, 0x78, 0x6c, 0xcc, 0x0c, 0x18, 0x30, 0x30, 0x00, 0x30, 0x00, 0x00, 0x00,
    0x00, 0x00, 0x00, 0x00, 0x00, 0x00, 0x00, 0x00, 0x1f, 0x00, 0x39, 0x80, 0x60, 0xc0, 0x4e, 0x40,
    0x5a, 0x40, 0x52, 0x40, 0x52, 0xc0, 0x4f, 0x80, 0x60, 0x00, 0x3e, 0x00, 0x00, 0x00, 0x00, 0x00,
    0x00, 0x00, 0x00, 0x00, 0x00, 0x00, 0x00, 0x00, 0x18, 0x00, 0x1c, 0x00, 0x3c, 0x00, 0x34, 0x00,
    0x26, 0x00, 0x66, 0x00, 0x7e, 0x00, 0x63, 0x00, 0xc3, 0x00, 0x00, 0x00, 0x00, 0x00, 0x00, 0x00,
    0x00, 0x00, 0x00, 0x00, 0x7c, 0x66, 0x62, 0x66, 0x7c, 0x66, 0x62, 0x66, 0x7c, 0x00, 0x00, 0x00,
    0x00, 0x00, 0x00, 0x00, 0x3c, 0x7e, 0x42, 0x40, 0x40, 0x40, 0x42, 0x7e, 0x3c, 0x00, 0x00, 0x00,
    0x00, 0x00, 0x00, 0x00, 0x7c, 0x66, 0x62, 0x62, 0x62, 0x62, 0x62, 0x66, 0x7c, 0x00, 0x00, 0x00,
    0x00, 0x00, 0x00, 0x00, 0x7e, 0x60, 0x60, 0x60, 0x7c, 0x60, 0x60, 0x60, 0x7e, 0x00, 0x00, 0x00,
    0x00, 0x00, 0x00, 0x00, 0x7e, 0x60, 0x60, 0x60, 0x7c, 0x60, 0x60, 0x60, 0x60, 0x00, 0x00, 0x00,
    0x00, 0x00, 0x00, 0x00, 0x3c, 0x7e, 0x42, 0x40, 0x4e, 0x46, 0x42, 0x76, 0x3c, 0x00, 0x00, 0x00,
    0x00, 0x00, 0x00, 0x00, 0x62, 0x62, 0x62, 0x62, 0x7e, 0x62, 0x62, 0x62, 0x62, 0x00, 0x00, 0x00,
    0x00, 0x00, 0x00, 0x00, 0x60, 0x60, 0x60, 0x60, 0x60, 0x60, 0x60, 0x60, 0x60, 0x00, 0x00, 0x00,
    0x00, 0x00, 0x00, 0x00, 0x06, 0x06, 0x06, 0x06, 0x06, 0xc6, 0xc6, 0x6c, 0x78, 0x00, 0x00, 0x00,
    0x00, 0x00, 0x00, 0x00, 0x62, 0x66, 0x6c, 0x78, 0x78, 0x6c, 0x6c, 0x66, 0x63, 0x00, 0x00, 0x00,
    0x00, 0x00, 0x00, 0x00, 0x60, 0x60, 0x60, 0x60, 0x60, 0x60, 0x60, 0x60, 0x7e, 0x00, 0x00, 0x00,
    0x00, 0x00, 0x00, 0x00, 0x00, 0x00, 0x00, 0x00, 0x63, 0x00, 0x63, 0x00, 0x77, 0x00, 0x7d, 0x00,
    0x6d, 0x00, 0x61, 0x00, 0x61, 0x00, 0x61, 0x00, 0x61, 0x00, 0x00, 0x00, 0x00, 0x00, 0x00, 0x00,
    0x00, 0x00, 0x00, 0x00, 0x00, 0x00, 0x00, 0x00, 0x63, 0x00, 0x63, 0x00, 0x73, 0x00, 0x7b, 0x00,
    0x7b, 0x00, 0x6f, 0x00, 0x67, 0x00, 0x67, 0x00, 0x63, 0x00, 0x00, 0x00, 0x00, 0x00, 0x00, 0x00,
    0x00, 0x00, 0x00, 0x00, 0x3c, 0x7e, 0x42, 0x42, 0x42, 0x42, 0x42, 0x7e, 0x3c, 0x00, 0x00, 0x00,
    0x00, 0x00, 0x00, 0x00, 0x7c, 0x66, 0x42, 0x46, 0x7e, 0x60, 0x40, 0x40, 0x40, 0x00, 0x00, 0x00,
    0x00, 0x00, 0x00, 0x00, 0x3c, 0x6e, 0x46, 0x46, 0x46, 0x46, 0x46, 0x66, 0x7c, 0x18, 0x18, 0x00,
    0x00, 0x00, 0x00, 0x00, 0x7c, 0x66, 0x62, 0x66, 0x7e, 0x6c, 0x64, 0x66, 0x62, 0x00, 0x00, 0x00,
    0x00, 0x00, 0x00, 0x00, 0x3c, 0x6e, 0x46, 0x60, 0x3c, 0x06, 0x46, 0x66, 0x3c, 0x00, 0x00, 0x00,
    0x00, 0x00, 0x00, 0x00, 0xfe, 0x18, 0x18, 0x18, 0x18, 0x18, 0x18, 0x18, 0x18, 0x00, 0x00, 0x00,
    0x00, 0x00, 0x00, 0x00, 0x42, 0x42, 0x42, 0x42, 0x42, 0x42, 0x62, 0x76, 0x3c, 0x00, 0x00, 0x00,
    0x00, 0x00, 0x00, 0x00, 0xc3, 0x46, 0x66, 0x66, 0x24, 0x3c, 0x3c, 0x18, 0x18, 0x00, 0x00, 0x00,
    0x00, 0x00, 0x00, 0x00, 0x00, 0x00, 0x00, 0x00, 0xc6, 0x60, 0x4e, 0x60, 0x6e, 0x60, 0x6e, 0x40,
    0x6b, 0xc0, 0x3b, 0xc0, 0x39, 0xc0, 0x39, 0x80, 0x11, 0x80, 0x00, 0x00, 0x00, 0x00, 0x00, 0x00,
    0x00, 0x00, 0x00, 0x00, 0x42, 0x66, 0x3c, 0x3c, 0x18, 0x3c, 0x3c, 0x66, 0x42, 0x00, 0x00, 0x00,
    0x00, 0x00, 0x00, 0x00, 0x42, 0x66, 0x2c, 0x3c, 0x18, 0x18, 0x18, 0x18, 0x18, 0x00, 0x00, 0x00,
    0x00, 0x00, 0x00, 0x00, 0xfe, 0x0e, 0x0c, 0x18, 0x10, 0x30, 0x60, 0x60, 0xfe, 0x00, 0x00, 0x00,
    0x00, 0x00, 0x00, 0xf0, 0xc0, 0xc0, 0xc0, 0xc0, 0xc0, 0xc0, 0xc0, 0xc0, 0xc0, 0xc0, 0xf0, 0x00,
    0x00, 0x00, 0x00, 0x00, 0x40, 0x60, 0x20, 0x30, 0x30, 0x10, 0x18, 0x18, 0x08, 0x00, 0x00, 0x00,
    0x00, 0x00, 0x00, 0x38, 0x18, 0x18, 0x18, 0x18, 0x18, 0x18, 0x18, 0x18, 0x18, 0x18, 0x38, 0x00,
    0x00, 0x00, 0x00, 0x00, 0x30, 0x30, 0x78, 0x48, 0x48, 0x00, 0x00, 0x00, 0x00, 0x00, 0x00, 0x00,
    0x00, 0x00, 0x00, 0x00, 0x00, 0x00, 0x00, 0x00, 0x00, 0x00, 0x00, 0x00, 0xfc, 0x00, 0x00, 0x00,
    0x00, 0x00, 0x00, 0x00, 0x40, 0x00, 0x00, 0x00, 0x00, 0x00, 0x00, 0x00, 0x00, 0x00, 0x00, 0x00,
    0x00, 0x00, 0x00, 0x00, 0x00, 0x00, 0x78, 0x6c, 0x0c, 0x7c, 0xec, 0xfc, 0x7c, 0x00, 0x00, 0x00,
    0x00, 0x00, 0x00, 0x00, 0x40, 0x40, 0x78, 0x6c, 0x66, 0x46, 0x66, 0x6c, 0x78, 0x00, 0x00, 0x00,
    0x00, 0x00, 0x00, 0x00, 0x00, 0x00, 0x38, 0x6c, 0x44, 0x40, 0x44, 0x6c, 0x38, 0x00, 0x00, 0x00,
    0x00, 0x00, 0x00, 0x00, 0x06, 0x06, 0x3e, 0x6e, 0x46, 0x46, 0x46, 0x6e, 0x3e, 0x00, 0x00, 0x00,
    0x00, 0x00, 0x00, 0x00, 0x00, 0x00, 0x38, 0x6c, 0x44, 0x7e, 0x60, 0x6c, 0x3c, 0x00, 0x00, 0x00,
    0x00, 0x00, 0x00, 0x00, 0x30, 0x60, 0xf0, 0x60, 0x60, 0x60, 0x60, 0x60, 0x60, 0x00, 0x00, 0x00,
    0x00, 0x00, 0x00, 0x00, 0x00, 0x00, 0x3c, 0x6c, 0x44, 0x44, 0x44, 0x6c, 0x3c, 0x04, 0x0c, 0x38,
    0x00, 0x00, 0x00, 0x00, 0x40, 0x40, 0x78, 0x6c, 0x44, 0x44, 0x44, 0x44, 0x44, 0x00, 0x00, 0x00,
    0x00, 0x00, 0x00, 0x00, 0x60, 0x00, 0x40, 0x40, 0x40, 0x40, 0x40, 0x40, 0x40, 0x00, 0x00, 0x00,
    0x00, 0x00, 0x00, 0x00, 0x20, 0x00, 0x20, 0x20, 0x20, 0x20, 0x20, 0x20, 0x20, 0x20, 0x60, 0xe0,
    0x00, 0x00, 0x00, 0x00, 0x40, 0x40, 0x4c, 0x58, 0x78, 0x78, 0x6c, 0x4c, 0x44, 0x00, 0x00, 0x00,
    0x00, 0x00, 0x00, 0x00, 0x40, 0x40, 0x40, 0x40, 0x40, 0x40, 0x40, 0x40, 0x40, 0x00, 0x00, 0x00,
    0x00, 0x00, 0x00, 0x00, 0x00, 0x00, 0x00, 0x00, 0x00, 0x00, 0x00, 0x00, 0x7b, 0x80, 0x6e, 0xc0,
    0x44, 0xc0, 0x44, 0xc0, 0x44, 0xc0, 0x44, 0xc0, 0x44, 0xc0, 0x00, 0x00, 0x00, 0x00, 0x00, 0x00,
    0x00, 0x00, 0x00, 0x00, 0x00, 0x00, 0x78, 0x6c, 0x44, 0x44, 0x44, 0x44, 0x44, 0x00, 0x00, 0x00,
    0x00, 0x00, 0x00, 0x00, 0x00, 0x00, 0x38, 0x6c, 0x46, 0x46, 0x46, 0x6c, 0x38, 0x00, 0x00, 0x00,
    0x00, 0x00, 0x00, 0x00, 0x00, 0x00, 0x7c, 0x6c, 0x66, 0x46, 0x66, 0x6c, 0x7c, 0x40, 0x40, 0x40,
    0x00, 0x00, 0x00, 0x00, 0x00, 0x00, 0x3e, 0x6e, 0x46, 0x46, 0x46, 0x6e, 0x3e, 0x06, 0x06, 0x06,
    0x00, 0x00, 0x00, 0x00, 0x00, 0x00, 0x78, 0x60, 0x40, 0x40, 0x40, 0x40, 0x40, 0x00, 0x00, 0x00,
    0x00, 0x00, 0x00, 0x00, 0x00, 0x00, 0x78, 0x6c, 0x60, 0x38, 0x0c, 0x6c, 0x78, 0x00, 0x00, 0x00,
    0x00, 0x00, 0x00, 0x00, 0x00, 0x60, 0xf0, 0x60, 0x60, 0x60, 0x60, 0x60, 0x30, 0x00, 0x00, 0x00,
    0x00, 0x00, 0x00, 0x00, 0x00, 0x00, 0x44, 0x44, 0x44, 0x44, 0x44, 0x6c, 0x3c, 0x00, 0x00, 0x00,
    0x00, 0x00, 0x00, 0x00, 0x00, 0x00, 0xcc, 0x4c, 0x6c, 0x68, 0x38, 0x38, 0x30, 0x00, 0x00, 0x00,
    0x00, 0x00, 0x00, 0x00, 0x00, 0x00, 0x00, 0x00, 0x00, 0x00, 0x00, 0x00, 0xcc, 0xc0, 0x4c, 0x80,
    0x6d, 0x80, 0x7f, 0x80, 0x77, 0x00, 0x33, 0x00, 0x33, 0x00, 0x00, 0x00, 0x00, 0x00, 0x00, 0x00,
    0x00, 0x00, 0x00, 0x00, 0x00, 0x00, 0xcc, 0x6c, 0x38, 0x30, 0x38, 0x6c, 0xcc, 0x00, 0x00, 0x00,
    0x00, 0x00, 0x00, 0x00, 0x00, 0x00, 0xcc, 0x4c, 0x68, 0x68, 0x38, 0x38, 0x30, 0x30, 0x60, 0x60,
    0x00, 0x00, 0x00, 0x00, 0x00, 0x00, 0xfc, 0x18, 0x18, 0x30, 0x60, 0xe0, 0xfc, 0x00, 0x00, 0x00,
    0x00, 0x00, 0x00, 0x30, 0x60, 0x60, 0x60, 0x60, 0x60, 0x60, 0x60, 0x60, 0x60, 0x60, 0x70, 0x00,
    0x00, 0x00, 0x00, 0xc0, 0xc0, 0xc0, 0xc0, 0xc0, 0xc0, 0xc0, 0xc0, 0xc0, 0xc0, 0xc0, 0x00, 0x00,
    0x00, 0x00, 0x00, 0xe0, 0x60, 0x20, 0x20, 0x20, 0x30, 0x30, 0x20, 0x20, 0x20, 0x60, 0xe0, 0x00,
    0x00, 0x00, 0x00, 0x00, 0x00, 0x00, 0x00, 0x00, 0x74, 0x5c, 0x00, 0x00, 0x00, 0x00, 0x00, 0x00,
    0x00, 0x00, 0x00, 0x00, 0x30, 0x00, 0x78, 0x6c, 0x0c, 0x7c, 0xec, 0xfc, 0x7c, 0x00, 0x00, 0x00,
    0x00, 0x00, 0x00, 0x00, 0x38, 0x00, 0x78, 0x6c, 0x0c, 0x7c, 0xec, 0xfc, 0x7c, 0x00, 0x00, 0x00,
    0x00, 0x00, 0x00, 0x00, 0x00, 0x00, 0x38, 0x6c, 0x44, 0x40, 0x40, 0x64, 0x7c, 0x18, 0x08, 0x10,
    0x00, 0x00, 0x00, 0x00, 0x18, 0x00, 0x38, 0x6c, 0x44, 0x7e, 0x60, 0x6c, 0x3c, 0x00, 0x00, 0x00,
    0x00, 0x00, 0x00, 0x00, 0x30, 0x00, 0x38, 0x6c, 0x44, 0x7e, 0x60, 0x6c, 0x3c, 0x00, 0x00, 0x00,
    0x00, 0x00, 0x00, 0x00, 0x38, 0x00, 0x38, 0x6c, 0x44, 0x7e, 0x60, 0x6c, 0x3c, 0x00, 0x00, 0x00,
    0x00, 0x00, 0x00, 0x00, 0x6c, 0x00, 0x38, 0x6c, 0x44, 0x7e, 0x60, 0x6c, 0x3c, 0x00, 0x00, 0x00,
    0x00, 0x00, 0x00, 0x00, 0x70, 0x00, 0x20, 0x20, 0x20, 0x20, 0x20, 0x20, 0x20, 0x00, 0x00, 0x00,
    0x00, 0x00, 0x00, 0x00, 0xd8, 0x00, 0x20, 0x20, 0x20, 0x20, 0x20, 0x20, 0x20, 0x00, 0x00, 0x00,
    0x00, 0x00, 0x00, 0x00, 0x38, 0x00, 0x38, 0x6c, 0x46, 0x46, 0x46, 0x6c, 0x38, 0x00, 0x00, 0x00,
    0x00, 0x00, 0x00, 0x00, 0x30, 0x00, 0x44, 0x44, 0x44, 0x44, 0x44, 0x6c, 0x3c, 0x00, 0x00, 0x00,
    0x00, 0x00, 0x00, 0x00, 0x38, 0x00, 0x44, 0x44, 0x44, 0x44, 0x44, 0x6c, 0x3c, 0x00, 0x00, 0x00,
    0x00, 0x00, 0x00, 0x00, 0x6c, 0x00, 0x44, 0x44, 0x44, 0x44, 0x44, 0x6c, 0x3c, 0x00, 0x00, 0x00,
    0x00, 0x00, 0x00, 0x00, 0x10, 0x00, 0x00, 0x00, 0x18, 0x00, 0x1c, 0x00, 0x3c, 0x00, 0x34, 0x00,
    0x26, 0x00, 0x66, 0x00, 0x7e, 0x00, 0x63, 0x00, 0xc3, 0x00, 0x00, 0x00, 0x00, 0x00, 0x00, 0x00,
    0x00, 0x00, 0x00, 0x00, 0x1c, 0x00, 0x00, 0x00, 0x18, 0x00, 0x1c, 0x00, 0x3c, 0x00, 0x34, 0x00,
    0x26, 0x00, 0x66, 0x00, 0x7e, 0x00, 0x63, 0x00, 0xc3, 0x00, 0x00, 0x00, 0x00, 0x00, 0x00, 0x00,
    0x00, 0x00, 0x00, 0x00, 0x3c, 0x7e, 0x42, 0x40, 0x40, 0x40, 0x42, 0x66, 0x7e, 0x18, 0x08, 0x18,
    0x00, 0x00, 0x08, 0x00, 0x7e, 0x60, 0x60, 0x60, 0x7c, 0x60, 0x60, 0x60, 0x7e, 0x00, 0x00, 0x00,
    0x00, 0x00, 0x10, 0x00, 0x7e, 0x60, 0x60, 0x60, 0x7c, 0x60, 0x60, 0x60, 0x7e, 0x00, 0x00, 0x00,
    0x00, 0x00, 0x18, 0x00, 0x7e, 0x60, 0x60, 0x60, 0x7c, 0x60, 0x60, 0x60, 0x7e, 0x00, 0x00, 0x00,
    0x00, 0x00, 0x70, 0x00, 0x30, 0x30, 0x30, 0x30, 0x30, 0x30, 0x30, 0x30, 0x30, 0x00, 0x00, 0x00,
    0x00, 0x00, 0x18, 0x00, 0x3c, 0x7e, 0x42, 0x42, 0x42, 0x42, 0x42, 0x7e, 0x3c, 0x00, 0x00, 0x00,
    0x00, 0x00, 0x10, 0x00, 0x42, 0x42, 0x42, 0x42, 0x42, 0x42, 0x62, 0x76, 0x3c, 0x00, 0x00, 0x00,
    0x00, 0x00, 0x18, 0x00, 0x42, 0x42, 0x42, 0x42, 0x42, 0x42, 0x62, 0x76, 0x3c, 0x00, 0x00, 0x00,
    0x00, 0x00, 0x70, 0xd8, 0xd8, 0x70, 0x00, 0x00, 0x00, 0x00, 0x00, 0x00, 0x00, 0x00, 0x00, 0x00,
    0x00, 0x70, 0xf0, 0x10, 0x20, 0x40, 0xf0, 0x00, 0x00, 0x00, 0x00, 0x00, 0x00, 0x00, 0x00, 0x00,
    0x00, 0x00, 0x00, 0x00, 0x00, 0x00, 0x00, 0x00, 0x00, 0x40, 0x00, 0x00, 0x00, 0x00, 0x00, 0x00,
    0x00, 0x00, 0x00, 0x00, 0x40, 0xc0, 0x80, 0x00, 0x00, 0x00, 0x00, 0x00, 0x00, 0x00, 0x00, 0x00,
    0x00, 0x00, 0x00, 0x00, 0x00, 0x00, 0x00, 0x00, 0x00, 0x00, 0x00, 0x00, 0x00, 0x00, 0x00, 0x00,
    0x00, 0x00, 0xff, 0x00, 0x00, 0x00, 0x00, 0x00, 0x00, 0x00, 0x00, 0x00, 0x00, 0x00, 0x00, 0x00,
};
static const ui_glyph_t font_unit_glyphs[] = {
    {0x0020, 3, 3, 0, 0},
    {0x0021, 4, 4, 0, 16},
    {0x0022, 4, 4, 0, 32},
    {0x0023, 9, 9, 0, 48},
    {0x0024, 7, 7, 0, 80},
    {0x0025, 11, 11, 0, 96},
    {0x0026, 9, 9, 0, 128},
    {0x0027, 2, 2, 0, 160},
    {0x0028, 5, 4, -1, 176},
    {0x0029, 5, 4, 0, 192},
    {0x002a, 5, 5, 0, 208},
    {0x002b, 6, 6, 0, 224},
    {0x002c, 3, 3, 0, 240},
    {0x002d, 5, 5, 0, 256},
    {0x002e, 4, 4, 0, 272},
    {0x002f, 6, 6, 0, 288},
    {0x0030, 7, 7, 0, 304},
    {0x0031, 5, 5, 0, 320},
    {0x0032, 7, 7, 0, 336},
    {0x0033, 7, 7, 0, 352},
    {0x0034, 8, 8, 0, 368},
    {0x0035, 7, 7, 0, 384},
    {0x0036, 7, 7, 0, 400},
    {0x0037, 7, 6, 0, 416},
    {0x0038, 7, 7, 0, 432},
    {0x0039, 7, 7, 0, 448},
    {0x003a, 5, 5, 0, 464},
    {0x003b, 4, 4, 0, 480},
    {0x003c, 6, 6, 0, 496},
    {0x003d, 6, 6, 0, 512},
    {0x003e, 6, 6, 0, 528},
    {0x003f, 7, 7, 0, 544},
    {0x0040, 11, 11, 0, 560},
    {0x0041, 9, 8, 0, 592},
    {0x0042, 8, 8, 0, 624},
    {0x0043, 8, 8, 0, 640},
    {0x0044, 8, 8, 0, 656},
    {0x0045, 8, 8, 0, 672},
    {0x0046, 8, 7, 0, 688},
    {0x0047, 8, 8, 0, 704},
    {0x0048, 8, 8, 0, 720},
    {0x0049, 3, 3, 0, 736},
    {0x004a, 8, 8, 0, 752},
    {0x004b, 8, 8, 0, 768},
    {0x004c, 8, 7, 0, 784},
    {0x004d, 9, 9, 0, 800},
    {0x004e, 9, 9, 0, 832},
    {0x004f, 8, 8, 0, 864},
    {0x0050, 8, 8, 0, 880},
    {0x0051, 8, 8, 0, 896},
    {0x0052, 8, 8, 0, 912},
    {0x0053, 8, 8, 0, 928},
    {0x0054, 8, 8, 0, 944},
    {0x0055, 8, 8, 0, 960},
    {0x0056, 8, 8, 0, 976},
    {0x0057, 12, 11, 0, 992},
    {0x0058, 8, 8, 0, 1024},
    {0x0059, 8, 8, 0, 1040},
    {0x005a, 7, 7, 0, 1056},
    {0x005b, 5, 5, 0, 1072},
    {0x005c, 6, 6, 0, 1088},
    {0x005d, 5, 5, 0, 1104},
    {0x005e, 6, 6, 0, 1120},
    {0x005f, 7, 7, 0, 1136},
    {0x0060, 3, 3, 0, 1152},
    {0x0061, 7, 7, 0, 1168},
    {0x0062, 7, 7, 0, 1184},
    {0x0063, 7, 7, 0, 1200},
    {0x0064, 7, 7, 0, 1216},
    {0x0065, 7, 7, 0, 1232},
    {0x0066, 5, 5, 0, 1248},
    {0x0067, 7, 7, 0, 1264},
    {0x0068, 7, 7, 0, 1280},
    {0x0069, 3, 3, 0, 1296},
    {0x006a, 4, 3, -1, 1312},
    {0x006b, 7, 7, 0, 1328},
    {0x006c, 3, 3, 0, 1344},
    {0x006d, 11, 11, 0, 1360},
    {0x006e, 7, 7, 0, 1392},
    {0x006f, 7, 7, 0, 1408},
    {0x0070, 7, 7, 0, 1424},
    {0x0071, 7, 7, 0, 1440},
    {0x0072, 5, 5, 0, 1456},
    {0x0073, 6, 6, 0, 1472},
    {0x0074, 5, 5, 0, 1488},
    {0x0075, 7, 7, 0, 1504},
    {0x0076, 7, 7, 0, 1520},
    {0x0077, 10, 10, 0, 1536},
    {0x0078, 7, 7, 0, 1568},
    {0x0079, 7, 6, 0, 1584},
    {0x007a, 6, 6, 0, 1600},
    {0x007b, 5, 5, 0, 1616},
    {0x007c, 2, 2, 0, 1632},
    {0x007d, 5, 5, 0, 1648},
    {0x007e, 7, 7, 0, 1664},
    {0x00e0, 7, 7, 0, 1680},
    {0x00e2, 7, 7, 0, 1696},
    {0x00e7, 7, 7, 0, 1712},
    {0x00e9, 7, 7, 0, 1728},
    {0x00e8, 7, 7, 0, 1744},
    {0x00ea, 7, 7, 0, 1760},
    {0x00eb, 7, 7, 0, 1776},
    {0x00ee, 5, 3, -1, 1792},
    {0x00ef, 5, 3, -1, 1808},
    {0x00f4, 7, 7, 0, 1824},
    {0x00f9, 7, 7, 0, 1840},
    {0x00fb, 7, 7, 0, 1856},
    {0x00fc, 7, 7, 0, 1872},
    {0x00c0, 9, 8, 0, 1888},
    {0x00c2, 9, 8, 0, 1920},
    {0x00c7, 8, 8, 0, 1952},
    {0x00c9, 8, 8, 0, 1968},
    {0x00c8, 8, 8, 0, 1984},
    {0x00ca, 8, 8, 0, 2000},
    {0x00ce, 5, 3, -1, 2016},
    {0x00d4, 8, 8, 0, 2032},
    {0x00d9, 8, 8, 0, 2048},
    {0x00db, 8, 8, 0, 2064},
    {0x00b0, 5, 5, 0, 2080},
    {0x00b2, 5, 4, 0, 2096},
    {0x00b7, 3, 3, 0, 2112},
    {0x2019, 3, 2, 0, 2128},
    {0x2014, 9, 9, 0, 2144},
};
const ui_font_t font_unit = {16, 13, 4, 123, font_unit_glyphs, font_unit_bits};

static const uint8_t font_val_bits[] = {
    0x00, 0x00, 0x00, 0x00, 0x00, 0x00, 0x00, 0x00, 0x00, 0x00, 0x00, 0x00, 0x00, 0x00, 0x00, 0x00,
    0x00, 0x00, 0x00, 0x00, 0x00, 0x00, 0x00, 0x00, 0x00, 0x00, 0x00, 0x00, 0x00, 0x00, 0x00, 0x00,
    0x00, 0x00, 0x00, 0x00, 0x00, 0x00, 0x00, 0x00, 0x00, 0x00, 0x00, 0x00, 0x00, 0x00, 0x00, 0x00,
    0x00, 0x00, 0x00, 0x00, 0x00, 0x00, 0x00, 0x00, 0x00, 0x0f, 0xc0, 0x1f, 0xf0, 0x3f, 0xf0, 0x7f,
    0xf8, 0x7c, 0xf8, 0x7c, 0x78, 0x7c, 0x7c, 0x7c, 0x7c, 0x7c, 0x7c, 0x7c, 0x7c, 0x7c, 0x7c, 0x7c,
    0x7c, 0x7c, 0x7c, 0x7c, 0x7c, 0x7c, 0x7c, 0x7c, 0x7c, 0x7c, 0x7c, 0x7c, 0x78, 0x7c, 0xf8, 0x7f,
    0xf8, 0x3f, 0xf0, 0x1f, 0xf0, 0x0f, 0xc0, 0x00, 0x00, 0x00, 0x00, 0x00, 0x00, 0x00, 0x00, 0x00,
    0x00, 0x00, 0x00, 0x00, 0x00, 0x00, 0x00, 0x00, 0x00, 0x00, 0x00, 0x00, 0x00, 0x00, 0x00, 0x00,
    0x00, 0x00, 0x00, 0x00, 0x00, 0x00, 0x00, 0x3f, 0x00, 0xff, 0x00, 0xff, 0x00, 0xff, 0x00, 0xff,
    0x00, 0x1f, 0x00, 0x1f, 0x00, 0x1f, 0x00, 0x1f, 0x00, 0x1f, 0x00, 0x1f, 0x00, 0x1f, 0x00, 0x1f,
    0x00, 0x1f, 0x00, 0x1f, 0x00, 0x1f, 0x00, 0x1f, 0x00, 0x1f, 0x00, 0x1f, 0x00, 0x1f, 0x00, 0x1f,
    0x00, 0x1f, 0x00, 0x1f, 0x00, 0x00, 0x00, 0x00, 0x00, 0x00, 0x00, 0x00, 0x00, 0x00, 0x00, 0x00,
    0x00, 0x00, 0x00, 0x00, 0x00, 0x00, 0x00, 0x00, 0x00, 0x00, 0x00, 0x00, 0x00, 0x00, 0x00, 0x00,
    0x00, 0x00, 0x00, 0x00, 0x00, 0x0f, 0xc0, 0x1f, 0xe0, 0x3f, 0xf0, 0x7f, 0xf8, 0x7c, 0xf8, 0x78,
    0xf8, 0x78, 0xf8, 0x78, 0xf8, 0x00, 0xf8, 0x00, 0xf8, 0x01, 0xf0, 0x03, 0xf0, 0x03, 0xe0, 0x07,
    0xc0, 0x0f, 0xc0, 0x1f, 0x80, 0x1f, 0x00, 0x3e, 0x00, 0x7e, 0x00, 0x7f, 0xf8, 0x7f, 0xfc, 0x7f,
    0xfc, 0x7f, 0xf8, 0x00, 0x00, 0x00, 0x00, 0x00, 0x00, 0x00, 0x00, 0x00, 0x00, 0x00, 0x00, 0x00,
    0x00, 0x00, 0x00, 0x00, 0x00, 0x00, 0x00, 0x00, 0x00, 0x00, 0x00, 0x00, 0x00, 0x00, 0x00, 0x00,
    0x00, 0x00, 0x00, 0x7f, 0xf8, 0x7f, 0xf8, 0x7f, 0xf8, 0x7f, 0xf8, 0x01, 0xf8, 0x03, 0xf0, 0x07,
    0xe0, 0x07, 0xc0, 0x0f, 0x80, 0x0f, 0xe0, 0x0f, 0xf0, 0x00, 0xf0, 0x00, 0xf8, 0x00, 0x78, 0x00,
    0x78, 0x78, 0x78, 0x78, 0x78, 0x78, 0xf8, 0x7c, 0xf8, 0x7f, 0xf8, 0x3f, 0xf0, 0x3f, 0xe0, 0x0f,
    0xc0, 0x00, 0x00, 0x00, 0x00, 0x00, 0x00, 0x00, 0x00, 0x00, 0x00, 0x00, 0x00, 0x00, 0x00, 0x00,
    0x00, 0x00, 0x00, 0x00, 0x00, 0x00, 0x00, 0x00, 0x00, 0x00, 0x00, 0x00, 0x00, 0x00, 0x00, 0x00,
    0x00, 0x07, 0xc0, 0x0f, 0x80, 0x0f, 0x80, 0x0f, 0x80, 0x1f, 0x00, 0x1f, 0x00, 0x1f, 0x00, 0x3e,
    0x00, 0x3e, 0x00, 0x3e, 0x7c, 0x7e, 0x7c, 0x7c, 0x7c, 0x7c, 0x7c, 0xff, 0xfe, 0xff, 0xfe, 0xff,
    0xfe, 0xff, 0xfe, 0x00, 0x7c, 0x00, 0x7c, 0x00, 0x7c, 0x00, 0x7c, 0x00, 0x7c, 0x00, 0x7c, 0x00,
    0x00, 0x00, 0x00, 0x00, 0x00, 0x00, 0x00, 0x00, 0x00, 0x00, 0x00, 0x00, 0x00, 0x00, 0x00, 0x00,
    0x00, 0x00, 0x00, 0x00, 0x00, 0x00, 0x00, 0x00, 0x00, 0x00, 0x00, 0x00, 0x00, 0x00, 0x00, 0x7f,
    0xf8, 0x7f, 0xf8, 0x7f, 0xf8, 0x7f, 0xf8, 0x7c, 0x00, 0x7c, 0x00, 0x7c, 0x00, 0x7c, 0x00, 0x7c,
    0x80, 0x7f, 0xf0, 0x7f, 0xf0, 0x7f, 0xf8, 0x7f, 0xf8, 0x7c, 0xf8, 0x00, 0x78, 0x00, 0x78, 0x38,
    0x78, 0x7c, 0x78, 0x7c, 0xf8, 0x7f, 0xf8, 0x3f, 0xf0, 0x1f, 0xf0, 0x0f, 0xc0, 0x00, 0x00, 0x00,
    0x00, 0x00, 0x00, 0x00, 0x00, 0x00, 0x00, 0x00, 0x00, 0x00, 0x00, 0x00, 0x00, 0x00, 0x00, 0x00,
    0x00, 0x00, 0x00, 0x00, 0x00, 0x00, 0x00, 0x00, 0x00, 0x00, 0x00, 0x00, 0x00, 0x0f, 0xc0, 0x1f,
    0xe0, 0x3f, 0xf0, 0x7f, 0xf8, 0x7c, 0xf8, 0x7c, 0xf8, 0x7c, 0x78, 0x7c, 0x00, 0x7f, 0xc0, 0x7f,
    0xf0, 0x7f, 0xf0, 0x7f, 0xf8, 0x7c, 0xf8, 0x7c, 0x78, 0x7c, 0x78, 0x7c, 0x78, 0x7c, 0x78, 0x7c,
    0x78, 0x7c, 0xf8, 0x7f, 0xf8, 0x3f, 0xf8, 0x1f, 0xf0, 0x0f, 0xc0, 0x00, 0x00, 0x00, 0x00, 0x00,
    0x00, 0x00, 0x00, 0x00, 0x00, 0x00, 0x00, 0x00, 0x00, 0x00, 0x00, 0x00, 0x00, 0x00, 0x00, 0x00,
    0x00, 0x00, 0x00, 0x00, 0x00, 0x00, 0x00, 0x00, 0x00, 0x00, 0x00, 0xff, 0xf8, 0xff, 0xf8, 0xff,
    0xf8, 0xff, 0xf8, 0xf0, 0xf8, 0x71, 0xf0, 0x01, 0xf0, 0x01, 0xf0, 0x01, 0xe0, 0x03, 0xe0, 0x03,
    0xe0, 0x03, 0xe0, 0x07, 0xc0, 0x07, 0xc0, 0x07, 0xc0, 0x07, 0x80, 0x0f, 0x80, 0x0f, 0x80, 0x0f,
    0x80, 0x1f, 0x00, 0x1f, 0x00, 0x1f, 0x00, 0x1e, 0x00, 0x00, 0x00, 0x00, 0x00, 0x00, 0x00, 0x00,
    0x00, 0x00, 0x00, 0x00, 0x00, 0x00, 0x00, 0x00, 0x00, 0x00, 0x00, 0x00, 0x00, 0x00, 0x00, 0x00,
    0x00, 0x00, 0x00, 0x00, 0x00, 0x00, 0x00, 0x00, 0x00, 0x0f, 0xc0, 0x1f, 0xe0, 0x3f, 0xf0, 0x7f,
    0xf8, 0x7c, 0xf8, 0x7c, 0xf8, 0x7c, 0x78, 0x7c, 0xf8, 0x7c, 0xf8, 0x3f, 0xf0, 0x1f, 0xe0, 0x1f,
    0xf0, 0x3f, 0xf0, 0x7c, 0xf8, 0x7c, 0xf8, 0x7c, 0x78, 0x7c, 0x78, 0x7c, 0xf8, 0x7c, 0xf8, 0x3f,
    0xf0, 0x3f, 0xf0, 0x1f, 0xe0, 0x0f, 0xc0, 0x00, 0x00, 0x00, 0x00, 0x00, 0x00, 0x00, 0x00, 0x00,
    0x00, 0x00, 0x00, 0x00, 0x00, 0x00, 0x00, 0x00, 0x00, 0x00, 0x00, 0x00, 0x00, 0x00, 0x00, 0x00,
    0x00, 0x00, 0x00, 0x00, 0x00, 0x00, 0x00, 0x0f, 0xc0, 0x3f, 0xe0, 0x7f, 0xf0, 0x7f, 0xf0, 0x7c,
    0xf8, 0x78, 0xf8, 0x78, 0xf8, 0x78, 0xf8, 0x78, 0xf8, 0x78, 0xf8, 0x7c, 0xf8, 0x7f, 0xf8, 0x3f,
    0xf8, 0x3f, 0xf8, 0x0e, 0xf8, 0x00, 0xf8, 0x78, 0xf8, 0x7c, 0xf8, 0x7c, 0xf8, 0x7f, 0xf8, 0x3f,
    0xf0, 0x3f, 0xe0, 0x0f, 0xc0, 0x00, 0x00, 0x00, 0x00, 0x00, 0x00, 0x00, 0x00, 0x00, 0x00, 0x00,
    0x00, 0x00, 0x00, 0x00, 0x00, 0x00, 0x00, 0x00, 0x00, 0x00, 0x00, 0x00, 0x00, 0x00, 0x00, 0x00,
    0x00, 0x00, 0x00, 0x00, 0x00, 0x00, 0x00, 0x00, 0x00, 0x00, 0x00, 0x00, 0x00, 0x00, 0x3c, 0x78,
    0x78, 0x78, 0x78, 0x78, 0x70, 0x70, 0x00, 0x00, 0x00, 0x00, 0x00, 0x00, 0x00, 0x00, 0x00, 0x00,
    0x00, 0x00, 0x00, 0x00, 0x00, 0x00, 0x00, 0x00, 0x00, 0x00, 0x00, 0x00, 0x00, 0x00, 0x00, 0x00,
    0x00, 0x00, 0x00, 0x00, 0x38, 0x7c, 0x7c, 0x7c, 0x38, 0x00, 0x00, 0x00, 0x00, 0x00, 0x00, 0x00,
    0x00, 0x00, 0x00, 0x00, 0x00, 0x00, 0x00, 0x00, 0x00, 0x00, 0x00, 0x00, 0x00, 0x00, 0x00, 0x00,
    0x00, 0x00, 0x00, 0x00, 0x00, 0x00, 0x00, 0x00, 0x00, 0x00, 0x00, 0x00, 0x00, 0x00, 0x00, 0x00,
    0x00, 0x00, 0x00, 0x00, 0x00, 0x00, 0x00, 0x00, 0x00, 0x7f, 0xc0, 0x7f, 0xc0, 0x7f, 0xc0, 0x7f,
    0xc0, 0x00, 0x00, 0x00, 0x00, 0x00, 0x00, 0x00, 0x00, 0x00, 0x00, 0x00, 0x00, 0x00, 0x00, 0x00,
    0x00, 0x00, 0x00, 0x00, 0x00, 0x00, 0x00, 0x00, 0x00, 0x00, 0x00, 0x00, 0x00, 0x00, 0x00, 0x00,
    0x00, 0x00, 0x00, 0x00, 0x00, 0x00, 0x00, 0x00, 0x00, 0x00, 0x00, 0x0f, 0x00, 0x3f, 0x80, 0x7f,
    0xc0, 0x71, 0xe0, 0x70, 0xe0, 0xe0, 0xe0, 0xf0, 0xe0, 0x71, 0xe0, 0x7f, 0xc0, 0x3f, 0x80, 0x1f,
    0x00, 0x00, 0x00, 0x00, 0x00, 0x00, 0x00, 0x00, 0x00, 0x00, 0x00, 0x00, 0x00, 0x00, 0x00, 0x00,
    0x00, 0x00, 0x00, 0x00, 0x00, 0x00, 0x00, 0x00, 0x00, 0x00, 0x00, 0x00, 0x00, 0x00, 0x00, 0x00,
    0x00, 0x00, 0x00, 0x00, 0x00, 0x00, 0x00, 0x00, 0x00, 0x00, 0x00, 0x00, 0x00,
};
static const ui_glyph_t font_val_glyphs[] = {
    {0x0020, 6, 6, 0, 0},
    {0x0030, 15, 15, 0, 39},
    {0x0031, 9, 9, 0, 117},
    {0x0032, 14, 14, 0, 195},
    {0x0033, 14, 14, 0, 273},
    {0x0034, 16, 15, 0, 351},
    {0x0035, 14, 14, 0, 429},
    {0x0036, 14, 14, 0, 507},
    {0x0037, 13, 13, 0, 585},
    {0x0038, 14, 14, 0, 663},
    {0x0039, 14, 14, 0, 741},
    {0x002c, 7, 7, 0, 819},
    {0x002e, 7, 7, 0, 858},
    {0x002d, 11, 11, 0, 897},
    {0x00b0, 12, 11, 0, 975},
};
const ui_font_t font_val = {39, 32, 9, 15, font_val_glyphs, font_val_bits};

static const uint8_t font_mid_bits[] = {
    0x00, 0x00, 0x00, 0x00, 0x00, 0x00, 0x00, 0x00, 0x00, 0x00, 0x00, 0x00, 0x00, 0x00, 0x00, 0x00,
    0x00, 0x00, 0x00, 0x00, 0x00, 0x00, 0x00, 0x00, 0x00, 0x00, 0x00, 0x00, 0x00, 0x00, 0x00, 0x00,
    0x00, 0x00, 0x00, 0x00, 0x00, 0x00, 0x00, 0x00, 0x00, 0x00, 0x00, 0x00, 0x00, 0x00, 0x00, 0x00,
    0x00, 0x00, 0x00, 0x00, 0x00, 0x00, 0x00, 0x00, 0x00, 0x00, 0x00, 0x00, 0x00, 0x00, 0x00, 0x00,
    0x00, 0x00, 0x00, 0x00, 0x00, 0x00, 0x00, 0x00, 0x00, 0x00, 0x00, 0x00, 0x00, 0x00, 0x00, 0x00,
    0x00, 0x00, 0x00, 0x00, 0x00, 0x00, 0x00, 0x00, 0x00, 0x00, 0x00, 0x00, 0x00, 0x00, 0x00, 0x00,
    0x00, 0x00, 0x00, 0x00, 0x00, 0x00, 0x00, 0x00, 0x00, 0x00, 0x00, 0x00, 0x00, 0x00, 0x00, 0x00,
    0x00, 0x00, 0x00, 0x00, 0x00, 0x00, 0x00, 0x00, 0x00, 0x00, 0x00, 0x00, 0x00, 0x00, 0x00, 0x00,
    0x00, 0x00, 0x00, 0x00, 0x00, 0x00, 0x00, 0x00, 0x00, 0x00, 0x00, 0x00, 0x00, 0x00, 0x00, 0x00,
    0x00, 0x00, 0x00, 0x00, 0x00, 0x00, 0x00, 0x00, 0x00, 0x00, 0x00, 0x00, 0x00, 0x00, 0x00, 0x00,
    0x00, 0x00, 0x00, 0x00, 0x00, 0x00, 0x00, 0x00, 0x00, 0x00, 0x00, 0x00, 0x00, 0x00, 0x00, 0x00,
    0x00, 0x00, 0x00, 0x00, 0x00, 0x00, 0x00, 0x00, 0x00, 0x00, 0x00, 0x00, 0x00, 0x00, 0x00, 0x00,
    0x00, 0x00, 0x00, 0x00, 0x00, 0x00, 0x00, 0x00, 0x00, 0x00, 0x00, 0x00, 0x00, 0x00, 0x00, 0x00,
    0x00, 0x00, 0x00, 0x00, 0x00, 0x00, 0x00, 0x00, 0x00, 0x00, 0x00, 0x00, 0x00, 0x00, 0x00, 0x00,
    0x00, 0x00, 0x00, 0x00, 0x00, 0x00, 0x00, 0x00, 0x00, 0x00, 0x00, 0x00, 0x00, 0x00, 0x00, 0x00,
    0x00, 0x00, 0x00, 0x00, 0x00, 0x00, 0x00, 0x00, 0x00, 0x00, 0x00, 0x00, 0x00, 0x00, 0x00, 0x00,
    0x00, 0x00, 0x00, 0x00, 0x00, 0x00, 0x00, 0x00, 0x00, 0x00, 0x00, 0x00, 0x00, 0x00, 0x00, 0x00,
    0x00, 0x00, 0x00, 0x00, 0x00, 0x00, 0x00, 0x00, 0x00, 0x00, 0x00, 0x00, 0x00, 0x00, 0x00, 0x00,
    0x00, 0x00, 0x00, 0x00, 0x00, 0x00, 0x00, 0x00, 0x00, 0x00, 0x00, 0x00, 0x00, 0x00, 0x00, 0x00,
    0x00, 0x00, 0x00, 0x00, 0x00, 0x00, 0x00, 0x00, 0x00, 0x00, 0x00, 0x00, 0x00, 0x00, 0x00, 0x00,
    0x00, 0x00, 0x00, 0x00, 0x00, 0x00, 0x00, 0x00, 0x00, 0x00, 0x00, 0x00, 0x00, 0x00, 0x00, 0x00,
    0x00, 0x00, 0x00, 0x00, 0x00, 0x00, 0x00, 0x00, 0x00, 0x00, 0x00, 0x00, 0x00, 0x00, 0x00, 0x00,
    0x00, 0x00, 0x00, 0x00, 0x00, 0x00, 0x00, 0x00, 0x00, 0x00, 0x00, 0x00, 0x00, 0x00, 0x00, 0x00,
    0x00, 0x00, 0x00, 0x00, 0x00, 0x00, 0x00, 0x00, 0x00, 0x00, 0x00, 0x00, 0x00, 0x00, 0x00, 0x00,
    0x00, 0x00, 0x00, 0x00, 0x00, 0x00, 0x00, 0x00, 0x00, 0x00, 0x00, 0x00, 0x00, 0x00, 0x00, 0x00,
    0x00, 0x00, 0x00, 0x00, 0x00, 0x00, 0x00, 0x00, 0x00, 0x00, 0x00, 0x00, 0x00, 0x00, 0x00, 0x00,
    0x00, 0x00, 0x00, 0x00, 0x00, 0x00, 0x00, 0x00, 0x00, 0x00, 0x00, 0x00, 0x00, 0x00, 0x00, 0x00,
    0x00, 0x00, 0x00, 0x00, 0x00, 0x00, 0x00, 0x00, 0x00, 0x00, 0x00, 0x00, 0x00, 0x00, 0x00, 0x00,
    0x00, 0x00, 0x00, 0x00, 0x00, 0x00, 0x00, 0x00, 0x00, 0x00, 0x00, 0x00, 0x00, 0x00, 0x00, 0x00,
    0x00, 0x00, 0x00, 0x00, 0x00, 0x00, 0x00, 0x00, 0x00, 0x00, 0x00, 0x00, 0x00, 0x00, 0x00, 0x00,
    0x00, 0x00, 0x00, 0x00, 0x00, 0x00, 0x00, 0x00, 0x00, 0x00, 0x00, 0x00, 0x00, 0x00, 0x00, 0x00,
    0x00, 0x00, 0x00, 0x00, 0x00, 0x00, 0x00, 0x00, 0x00, 0x00, 0x00, 0x00, 0x00, 0x00, 0x00, 0x00,
    0x00, 0x00, 0x00, 0x00, 0x00, 0x00, 0x7f, 0xe0, 0x00, 0x00, 0x00, 0x03, 0xff, 0xfc, 0x00, 0x00,
    0x00, 0x0f, 0xff, 0xff, 0x00, 0x00, 0x00, 0x3f, 0xff, 0xff, 0x80, 0x00, 0x00, 0x7f, 0xff, 0xff,
    0xe0, 0x00, 0x00, 0xff, 0xff, 0xff, 0xf0, 0x00, 0x01, 0xff, 0xff, 0xff, 0xf8, 0x00, 0x03, 0xff,
    0xff, 0xff, 0xf8, 0x00, 0x03, 0xff, 0xff, 0xff, 0xfc, 0x00, 0x07, 0xff, 0xff, 0xff, 0xfc, 0x00,
    0x07, 0xff, 0xff, 0xff, 0xfe, 0x00, 0x0f, 0xff, 0xff, 0xff, 0xfe, 0x00, 0x0f, 0xff, 0xe0, 0xff,
    0xff, 0x00, 0x1f, 0xff, 0xc0, 0x7f, 0xff, 0x00, 0x1f, 0xff, 0x80, 0x3f, 0xff, 0x00, 0x1f, 0xff,
    0x80, 0x1f, 0xff, 0x00, 0x1f, 0xff, 0x80, 0x1f, 0xff, 0x80, 0x1f, 0xff, 0x80, 0x1f, 0xff, 0x80,
    0x1f, 0xff, 0x80, 0x1f, 0xff, 0x80, 0x1f, 0xff, 0x00, 0x1f, 0xff, 0x80, 0x1f, 0xff, 0x00, 0x1f,
    0xff, 0x80, 0x1f, 0xff, 0x00, 0x1f, 0xff, 0x80, 0x1f, 0xff, 0x00, 0x1f, 0xff, 0x80, 0x1f, 0xff,
    0x00, 0x1f, 0xff, 0x80, 0x1f, 0xff, 0x00, 0x1f, 0xff, 0x80, 0x1f, 0xff, 0x00, 0x1f, 0xff, 0x80,
    0x1f, 0xff, 0x00, 0x1f, 0xff, 0x80, 0x1f, 0xff, 0x00, 0x1f, 0xff, 0x80, 0x1f, 0xff, 0x00, 0x1f,
    0xff, 0x80, 0x1f, 0xff, 0x00, 0x1f, 0xff, 0x80, 0x1f, 0xff, 0x00, 0x1f, 0xff, 0x80, 0x1f, 0xff,
    0x00, 0x1f, 0xff, 0x80, 0x1f, 0xff, 0x00, 0x1f, 0xff, 0x80, 0x1f, 0xff, 0x00, 0x1f, 0xff, 0x80,
    0x1f, 0xff, 0x00, 0x1f, 0xff, 0x80, 0x1f, 0xff, 0x00, 0x1f, 0xff, 0x80, 0x1f, 0xff, 0x00, 0x1f,
    0xff, 0x80, 0x1f, 0xff, 0x00, 0x1f, 0xff, 0x80, 0x1f, 0xff, 0x00, 0x1f, 0xff, 0x80, 0x1f, 0xff,
    0x00, 0x1f, 0xff, 0x80, 0x1f, 0xff, 0x00, 0x1f, 0xff, 0x80, 0x1f, 0xff, 0x00, 0x1f, 0xff, 0x80,
    0x1f, 0xff, 0x00, 0x1f, 0xff, 0x80, 0x1f, 0xff, 0x00, 0x1f, 0xff, 0x80, 0x1f, 0xff, 0x00, 0x1f,
    0xff, 0x80, 0x1f, 0xff, 0x00, 0x1f, 0xff, 0x80, 0x1f, 0xff, 0x00, 0x1f, 0xff, 0x80, 0x1f, 0xff,
    0x00, 0x1f, 0xff, 0x80, 0x1f, 0xff, 0x00, 0x1f, 0xff, 0x80, 0x1f, 0xff, 0x00, 0x1f, 0xff, 0x80,
    0x1f, 0xff, 0x80, 0x1f, 0xff, 0x80, 0x1f, 0xff, 0x80, 0x1f, 0xff, 0x80, 0x1f, 0xff, 0x80, 0x1f,
    0xff, 0x80, 0x1f, 0xff, 0x80, 0x1f, 0xff, 0x00, 0x1f, 0xff, 0x80, 0x3f, 0xff, 0x00, 0x1f, 0xff,
    0xc0, 0x7f, 0xff, 0x00, 0x0f, 0xff, 0xe0, 0xff, 0xff, 0x00, 0x0f, 0xff, 0xff, 0xff, 0xfe, 0x00,
    0x07, 0xff, 0xff, 0xff, 0xfe, 0x00, 0x07, 0xff, 0xff, 0xff, 0xfc, 0x00, 0x03, 0xff, 0xff, 0xff,
    0xfc, 0x00, 0x03, 0xff, 0xff, 0xff, 0xf8, 0x00, 0x01, 0xff, 0xff, 0xff, 0xf8, 0x00, 0x00, 0xff,
    0xff, 0xff, 0xf0, 0x00, 0x00, 0x7f, 0xff, 0xff, 0xe0, 0x00, 0x00, 0x3f, 0xff, 0xff, 0x80, 0x00,
    0x00, 0x0f, 0xff, 0xff, 0x00, 0x00, 0x00, 0x03, 0xff, 0xfc, 0x00, 0x00, 0x00, 0x00, 0x7f, 0xe0,
    0x00, 0x00, 0x00, 0x00, 0x00, 0x00, 0x00, 0x00, 0x00, 0x00, 0x00, 0x00, 0x00, 0x00, 0x00, 0x00,
    0x00, 0x00, 0x00, 0x00, 0x00, 0x00, 0x00, 0x00, 0x00, 0x00, 0x00, 0x00, 0x00, 0x00, 0x00, 0x00,
    0x00, 0x00, 0x00, 0x00, 0x00, 0x00, 0x00, 0x00, 0x00, 0x00, 0x00, 0x00, 0x00, 0x00, 0x00, 0x00,
    0x00, 0x00, 0x00, 0x00, 0x00, 0x00, 0x00, 0x00, 0x00, 0x00, 0x00, 0x00, 0x00, 0x00, 0x00, 0x00,
    0x00, 0x00, 0x00, 0x00, 0x00, 0x00, 0x00, 0x00, 0x00, 0x00, 0x00, 0x00, 0x00, 0x00, 0x00, 0x00,
    0x00, 0x00, 0x00, 0x00, 0x00, 0x00, 0x00, 0x00, 0x00, 0x00, 0x00, 0x00, 0x00, 0x00, 0x00, 0x00,
    0x00, 0x00, 0x00, 0x00, 0x00, 0x00, 0x00, 0x00, 0x00, 0x00, 0x00, 0x00, 0x00, 0x00, 0x00, 0x00,
    0x00, 0x00, 0x00, 0x00, 0x00, 0x00, 0x00, 0x00, 0x00, 0x00, 0x00, 0x00, 0x00, 0x00, 0x00, 0x00,
    0x00, 0x00, 0x00, 0x00, 0x00, 0x00, 0x00, 0x00, 0x00, 0x00, 0x00, 0x00, 0x00, 0x00, 0x00, 0x00,
    0x00, 0x00, 0x00, 0x00, 0x00, 0x00, 0x00, 0x00, 0x00, 0x00, 0x00, 0x00, 0x00, 0x00, 0x00, 0x00,
    0x00, 0x00, 0x00, 0x00, 0x00, 0x00, 0x00, 0x00, 0x00, 0x00, 0x00, 0x00, 0x00, 0x00, 0x00, 0x00,
    0x00, 0x00, 0x00, 0x00, 0x00, 0x00, 0x00, 0x00, 0x00, 0x00, 0x00, 0x00, 0x00, 0x00, 0x00, 0x00,
    0x00, 0x00, 0x00, 0x00, 0x00, 0x00, 0x00, 0x00, 0x00, 0x00, 0x00, 0x00, 0x00, 0x00, 0x00, 0x00,
    0x00, 0x00, 0x00, 0x00, 0x00, 0x00, 0x00, 0x00, 0x00, 0x00, 0x00, 0x00, 0x00, 0x00, 0x00, 0x00,
    0x00, 0x00, 0x00, 0x00, 0x00, 0x00, 0x00, 0x00, 0x00, 0x7f, 0xff, 0x00, 0x03, 0xff, 0xff, 0x00,
    0x0f, 0xff, 0xff, 0x00, 0x3f, 0xff, 0xff, 0x00, 0x7f, 0xff, 0xff, 0x00, 0x7f, 0xff, 0xff, 0x00,
    0x7f, 0xff, 0xff, 0x00, 0x7f, 0xff, 0xff, 0x00, 0x7f, 0xff, 0xff, 0x00, 0x7f, 0xff, 0xff, 0x00,
    0x7f, 0xff, 0xff, 0x00, 0x7f, 0xff, 0xff, 0x00, 0x7f, 0xff, 0xff, 0x00, 0x7f, 0x3f, 0xff, 0x00,
    0x00, 0x3f, 0xff, 0x00, 0x00, 0x3f, 0xff, 0x00, 0x00, 0x3f, 0xff, 0x00, 0x00, 0x3f, 0xff, 0x00,
    0x00, 0x3f, 0xff, 0x00, 0x00, 0x3f, 0xff, 0x00, 0x00, 0x3f, 0xff, 0x00, 0x00, 0x3f, 0xff, 0x00,
    0x00, 0x3f, 0xff, 0x00, 0x00, 0x3f, 0xff, 0x00, 0x00, 0x3f, 0xff, 0x00, 0x00, 0x3f, 0xff, 0x00,
    0x00, 0x3f, 0xff, 0x00, 0x00, 0x3f, 0xff, 0x00, 0x00, 0x3f, 0xff, 0x00, 0x00, 0x3f, 0xff, 0x00,
    0x00, 0x3f, 0xff, 0x00, 0x00, 0x3f, 0xff, 0x00, 0x00, 0x3f, 0xff, 0x00, 0x00, 0x3f, 0xff, 0x00,
    0x00, 0x3f, 0xff, 0x00, 0x00, 0x3f, 0xff, 0x00, 0x00, 0x3f, 0xff, 0x00, 0x00, 0x3f, 0xff, 0x00,
    0x00, 0x3f, 0xff, 0x00, 0x00, 0x3f, 0xff, 0x00, 0x00, 0x3f, 0xff, 0x00, 0x00, 0x3f, 0xff, 0x00,
    0x00, 0x3f, 0xff, 0x00, 0x00, 0x3f, 0xff, 0x00, 0x00, 0x3f, 0xff, 0x00, 0x00, 0x3f, 0xff, 0x00,
    0x00, 0x3f, 0xff, 0x00, 0x00, 0x3f, 0xff, 0x00, 0x00, 0x3f, 0xff, 0x00, 0x00, 0x3f, 0xff, 0x00,
    0x00, 0x3f, 0xff, 0x00, 0x00, 0x3f, 0xff, 0x00, 0x00, 0x3f, 0xff, 0x00, 0x00, 0x3f, 0xff, 0x00,
    0x00, 0x3f, 0xff, 0x00, 0x00, 0x3f, 0xff, 0x00, 0x00, 0x3f, 0xff, 0x00, 0x00, 0x3f, 0xff, 0x00,
    0x00, 0x3f, 0xff, 0x00, 0x00, 0x3f, 0xff, 0x00, 0x00, 0x3f, 0xff, 0x00, 0x00, 0x3f, 0xff, 0x00,
    0x00, 0x3f, 0xff, 0x00, 0x00, 0x3f, 0xff, 0x00, 0x00, 0x3f, 0xff, 0x00, 0x00, 0x3f, 0xff, 0x00,
    0x00, 0x3f, 0xff, 0x00, 0x00, 0x00, 0x00, 0x00, 0x00, 0x00, 0x00, 0x00, 0x00, 0x00, 0x00, 0x00,
    0x00, 0x00, 0x00, 0x00, 0x00, 0x00, 0x00, 0x00, 0x00, 0x00, 0x00, 0x00, 0x00, 0x00, 0x00, 0x00,
    0x00, 0x00, 0x00, 0x00, 0x00, 0x00, 0x00, 0x00, 0x00, 0x00, 0x00, 0x00, 0x00, 0x00, 0x00, 0x00,
    0x00, 0x00, 0x00, 0x00, 0x00, 0x00, 0x00, 0x00, 0x00, 0x00, 0x00, 0x00, 0x00, 0x00, 0x00, 0x00,
    0x00, 0x00, 0x00, 0x00, 0x00, 0x00, 0x00, 0x00, 0x00, 0x00, 0x00, 0x00, 0x00, 0x00, 0x00, 0x00,
    0x00, 0x00, 0x00, 0x00, 0x00, 0x00, 0x00, 0x00, 0x00, 0x00, 0x00, 0x00, 0x00, 0x00, 0x00, 0x00,
    0x00, 0x00, 0x00, 0x00, 0x00, 0x00, 0x00, 0x00, 0x00, 0x00, 0x00, 0x00, 0x00, 0x00, 0x00, 0x00,
    0x00, 0x00, 0x00, 0x00, 0x00, 0x00, 0x00, 0x00, 0x00, 0x00, 0x00, 0x00, 0x00, 0x00, 0x00, 0x00,
    0x00, 0x00, 0x00, 0x00, 0x00, 0x00, 0x00, 0x00, 0x00, 0x00, 0x00, 0x00, 0x00, 0x00, 0x00, 0x00,
    0x00, 0x00, 0x00, 0x00, 0x00, 0x00, 0x00, 0x00, 0x00, 0x00, 0x00, 0x00, 0x00, 0x00, 0x00, 0x00,
    0x00, 0x00, 0x00, 0x00, 0x00, 0x00, 0x00, 0x00, 0x00, 0x00, 0x00, 0x00, 0x00, 0x00, 0x00, 0x00,
    0x00, 0x00, 0x00, 0x00, 0x00, 0x00, 0x00, 0x00, 0x00, 0x00, 0x00, 0x00, 0x00, 0x00, 0x00, 0x00,
    0x00, 0x00, 0x00, 0x00, 0x00, 0x00, 0x00, 0x00, 0x00, 0x00, 0x00, 0x00, 0x00, 0x00, 0x00, 0x00,
    0x00, 0x00, 0x00, 0x00, 0x00, 0x00, 0x00, 0x00, 0x00, 0x00, 0x00, 0x00, 0x00, 0x00, 0x00, 0x00,
    0x00, 0x00, 0x00, 0x00, 0x00, 0x00, 0x00, 0x00, 0x00, 0x00, 0x00, 0x00, 0x00, 0x00, 0x00, 0x00,
    0x00, 0x00, 0x00, 0x00, 0x00, 0x00, 0x00, 0x00, 0x00, 0x00, 0x00, 0x00, 0x00, 0x00, 0xff, 0xc0,
    0x00, 0x00, 0x00, 0x07, 0xff, 0xf8, 0x00, 0x00, 0x00, 0x1f, 0xff, 0xfe, 0x00, 0x00, 0x00, 0x7f,
    0xff, 0xff, 0x80, 0x00, 0x00, 0xff, 0xff, 0xff, 0xc0, 0x00, 0x01, 0xff, 0xff, 0xff, 0xe0, 0x00,
    0x03, 0xff, 0xff, 0xff, 0xf0, 0x00, 0x07, 0xff, 0xff, 0xff, 0xf0, 0x00, 0x07, 0xff, 0xff, 0xff,
    0xf8, 0x00, 0x0f, 0xff, 0xff, 0xff, 0xfc, 0x00, 0x0f, 0xff, 0xff, 0xff, 0xfc, 0x00, 0x1f, 0xff,
    0xff, 0xff, 0xfc, 0x00, 0x1f, 0xff, 0xc1, 0xff, 0xfe, 0x00, 0x1f, 0xff, 0x80, 0xff, 0xfe, 0x00,
    0x1f, 0xff, 0x80, 0x7f, 0xfe, 0x00, 0x3f, 0xff, 0x00, 0x7f, 0xfe, 0x00, 0x3f, 0xff, 0x00, 0x7f,
    0xfe, 0x00, 0x3f, 0xff, 0x00, 0x3f, 0xfe, 0x00, 0x3f, 0xff, 0x00, 0x3f, 0xfe, 0x00, 0x3f, 0xff,
    0x00, 0x7f, 0xfe, 0x00, 0x3f, 0xff, 0x00, 0x7f, 0xfe, 0x00, 0x3f, 0xff, 0x00, 0x7f, 0xfe, 0x00,
    0x3f, 0xff, 0x00, 0x7f, 0xfe, 0x00, 0x00, 0x00, 0x00, 0x7f, 0xfe, 0x00, 0x00, 0x00, 0x00, 0xff,
    0xfe, 0x00, 0x00, 0x00, 0x00, 0xff, 0xfe, 0x00, 0x00, 0x00, 0x00, 0xff, 0xfc, 0x00, 0x00, 0x00,
    0x01, 0xff, 0xfc, 0x00, 0x00, 0x00, 0x01, 0xff, 0xfc, 0x00, 0x00, 0x00, 0x03, 0xff, 0xf8, 0x00,
    0x00, 0x00, 0x07, 0xff, 0xf8, 0x00, 0x00, 0x00, 0x07, 0xff, 0xf0, 0x00, 0x00, 0x00, 0x0f, 0xff,
    0xf0, 0x00, 0x00, 0x00, 0x0f, 0xff, 0xe0, 0x00, 0x00, 0x00, 0x1f, 0xff, 0xe0, 0x00, 0x00, 0x00,
    0x3f, 0xff, 0xc0, 0x00, 0x00, 0x00, 0x3f, 0xff, 0xc0, 0x00, 0x00, 0x00, 0x7f, 0xff, 0x80, 0x00,
    0x00, 0x00, 0xff, 0xff, 0x00, 0x00, 0x00, 0x01, 0xff, 0xfe, 0x00, 0x00, 0x00, 0x01, 0xff, 0xfe,
    0x00, 0x00, 0x00, 0x03, 0xff, 0xfc, 0x00, 0x00, 0x00, 0x07, 0xff, 0xf8, 0x00, 0x00, 0x00, 0x0f,
    0xff, 0xf8, 0x00, 0x00, 0x00, 0x0f, 0xff, 0xf0, 0x00, 0x00, 0x00, 0x1f, 0xff, 0xe0, 0x00, 0x00,
    0x00, 0x3f, 0xff, 0xc0, 0x00, 0x00, 0x00, 0x7f, 0xff, 0x80, 0x00, 0x00, 0x00, 0x7f, 0xff, 0x80,
    0x00, 0x00, 0x00, 0xff, 0xff, 0x00, 0x00, 0x00, 0x01, 0xff, 0xfe, 0x00, 0x00, 0x00, 0x03, 0xff,
    0xfc, 0x00, 0x00, 0x00, 0x07, 0xff, 0xfc, 0x00, 0x00, 0x00, 0x07, 0xff, 0xf8, 0x00, 0x00, 0x00,
    0x0f, 0xff, 0xf0, 0x00, 0x00, 0x00, 0x1f, 0xff, 0xe0, 0x00, 0x00, 0x00, 0x1f, 0xff, 0xff, 0xff,
    0xff, 0x00, 0x1f, 0xff, 0xff, 0xff, 0xff, 0x00, 0x1f, 0xff, 0xff, 0xff, 0xff, 0x00, 0x1f, 0xff,
    0xff, 0xff, 0xff, 0x00, 0x1f, 0xff, 0xff, 0xff, 0xff, 0x00, 0x1f, 0xff, 0xff, 0xff, 0xff, 0x00,
    0x1f, 0xff, 0xff, 0xff, 0xff, 0x00, 0x1f, 0xff, 0xff, 0xff, 0xff, 0x00, 0x1f, 0xff, 0xff, 0xff,
    0xff, 0x00, 0x1f, 0xff, 0xff, 0xff, 0xff, 0x00, 0x1f, 0xff, 0xff, 0xff, 0xff, 0x00, 0x1f, 0xff,
    0xff, 0xff, 0xff, 0x00, 0x00, 0x00, 0x00, 0x00, 0x00, 0x00, 0x00, 0x00, 0x00, 0x00, 0x00, 0x00,
    0x00, 0x00, 0x00, 0x00, 0x00, 0x00, 0x00, 0x00, 0x00, 0x00, 0x00, 0x00, 0x00, 0x00, 0x00, 0x00,
    0x00, 0x00, 0x00, 0x00, 0x00, 0x00, 0x00, 0x00, 0x00, 0x00, 0x00, 0x00, 0x00, 0x00, 0x00, 0x00,
    0x00, 0x00, 0x00, 0x00, 0x00, 0x00, 0x00, 0x00, 0x00, 0x00, 0x00, 0x00, 0x00, 0x00, 0x00, 0x00,
    0x00, 0x00, 0x00, 0x00, 0x00, 0x00, 0x00, 0x00, 0x00, 0x00, 0x00, 0x00, 0x00, 0x00, 0x00, 0x00,
    0x00, 0x00, 0x00, 0x00, 0x00, 0x00, 0x00, 0x00, 0x00, 0x00, 0x00, 0x00, 0x00, 0x00, 0x00, 0x00,
    0x00, 0x00, 0x00, 0x00, 0x00, 0x00, 0x00, 0x00, 0x00, 0x00, 0x00, 0x00, 0x00, 0x00, 0x00, 0x00,
    0x00, 0x00, 0x00, 0x00, 0x00, 0x00, 0x00, 0x00, 0x00, 0x00, 0x00, 0x00, 0x00, 0x00, 0x00, 0x00,
    0x00, 0x00, 0x00, 0x00, 0x00, 0x00, 0x00, 0x00, 0x00, 0x00, 0x00, 0x00, 0x00, 0x00, 0x00, 0x00,
    0x00, 0x00, 0x00, 0x00, 0x00, 0x00, 0x00, 0x00, 0x00, 0x00, 0x00, 0x00, 0x00, 0x00, 0x00, 0x00,
    0x00, 0x00, 0x00, 0x00, 0x00, 0x00, 0x00, 0x00, 0x00, 0x00, 0x00, 0x00, 0x00, 0x00, 0x00, 0x00,
    0x00, 0x00, 0x00, 0x00, 0x00, 0x00, 0x00, 0x00, 0x00, 0x00, 0x00, 0x00, 0x00, 0x00, 0x00, 0x00,
    0x00, 0x00, 0x00, 0x00, 0x00, 0x00, 0x00, 0x00, 0x00, 0x00, 0x00, 0x00, 0x00, 0x00, 0x00, 0x00,
    0x00, 0x00, 0x00, 0x00, 0x00, 0x00, 0x00, 0x00, 0x00, 0x00, 0x00, 0x00, 0x00, 0x00, 0x00, 0x00,
    0x00, 0x00, 0x00, 0x00, 0x00, 0x00, 0x00, 0x00, 0x00, 0x00, 0x00, 0x00, 0x00, 0x00, 0x00, 0x00,
    0x00, 0x00, 0x00, 0x00, 0x00, 0x00, 0x00, 0x00, 0x00, 0x00, 0x00, 0x00, 0x00, 0x00, 0x00, 0x00,
    0x00, 0x00, 0x00, 0x00, 0x00, 0x00, 0x00, 0x00, 0x00, 0x00, 0x00, 0x00, 0x00, 0x00, 0x00, 0x00,
    0x00, 0x00, 0x00, 0x00, 0x00, 0x00, 0x00, 0x00, 0x00, 0x00, 0x00, 0x00, 0x00, 0x00, 0x00, 0x00,
    0x00, 0x00, 0x00, 0x00, 0x00, 0x00, 0x00, 0x00, 0x00, 0x00, 0x0f, 0xff, 0xff, 0xff, 0xfc, 0x00,
    0x1f, 0xff, 0xff, 0xff, 0xfe, 0x00, 0x1f, 0xff, 0xff, 0xff, 0xfe, 0x00, 0x1f, 0xff, 0xff, 0xff,
    0xfe, 0x00, 0x1f, 0xff, 0xff, 0xff, 0xfe, 0x00, 0x1f, 0xff, 0xff, 0xff, 0xfe, 0x00, 0x1f, 0xff,
    0xff, 0xff, 0xfe, 0x00, 0x1f, 0xff, 0xff, 0xff, 0xfe, 0x00, 0x1f, 0xff, 0xff, 0xff, 0xfe, 0x00,
    0x1f, 0xff, 0xff, 0xff, 0xfe, 0x00, 0x1f, 0xff, 0xff, 0xff, 0xfe, 0x00, 0x0f, 0xff, 0xff, 0xff,
    0xfe, 0x00, 0x00, 0x00, 0x03, 0xff, 0xfc, 0x00, 0x00, 0x00, 0x07, 0xff, 0xf8, 0x00, 0x00, 0x00,
    0x0f, 0xff, 0xf8, 0x00, 0x00, 0x00, 0x1f, 0xff, 0xf0, 0x00, 0x00, 0x00, 0x3f, 0xff, 0xe0, 0x00,
    0x00, 0x00, 0x3f, 0xff, 0xc0, 0x00, 0x00, 0x00, 0x7f, 0xff, 0x80, 0x00, 0x00, 0x00, 0xff, 0xff,
    0x80, 0x00, 0x00, 0x01, 0xff, 0xff, 0x00, 0x00, 0x00, 0x03, 0xff, 0xfe, 0x00, 0x00, 0x00, 0x03,
    0xff, 0xfc, 0x00, 0x00, 0x00, 0x07, 0xff, 0xf8, 0x00, 0x00, 0x00, 0x0f, 0xff, 0xf8, 0x00, 0x00,
    0x00, 0x1f, 0xff, 0xf0, 0x00, 0x00, 0x00, 0x3f, 0xff, 0xf0, 0x00, 0x00, 0x00, 0x3f, 0xff, 0xfe,
    0x00, 0x00, 0x00, 0x1f, 0xff, 0xff, 0x80, 0x00, 0x00, 0x0f, 0xff, 0xff, 0xc0, 0x00, 0x00, 0x07,
    0xff, 0xff, 0xe0, 0x00, 0x00, 0x03, 0xff, 0xff, 0xf0, 0x00, 0x00, 0x01, 0xff, 0xff, 0xf0, 0x00,
    0x00, 0x00, 0xe1, 0xff, 0xf8, 0x00, 0x00, 0x00, 0x00, 0xff, 0xf8, 0x00, 0x00, 0x00, 0x00, 0x7f,
    0xfc, 0x00, 0x00, 0x00, 0x00, 0x7f, 0xfc, 0x00, 0x00, 0x00, 0x00, 0x7f, 0xfc, 0x00, 0x00, 0x00,
    0x00, 0x3f, 0xfc, 0x00, 0x00, 0x00, 0x00, 0x3f, 0xfc, 0x00, 0x00, 0x00, 0x00, 0x3f, 0xfe, 0x00,
    0x00, 0x00, 0x00, 0x3f, 0xfe, 0x00, 0x00, 0x00, 0x00, 0x3f, 0xfe, 0x00, 0x00, 0x00, 0x00, 0x3f,
    0xfe, 0x00, 0x00, 0x00, 0x00, 0x3f, 0xfe, 0x00, 0x00, 0x00, 0x00, 0x3f, 0xfe, 0x00, 0x3f, 0xff,
    0x00, 0x3f, 0xfe, 0x00, 0x3f, 0xff, 0x00, 0x3f, 0xfe, 0x00, 0x3f, 0xff, 0x00, 0x3f, 0xfe, 0x00,
    0x3f, 0xff, 0x00, 0x3f, 0xfe, 0x00, 0x3f, 0xff, 0x00, 0x3f, 0xfe, 0x00, 0x3f, 0xff, 0x00, 0x3f,
    0xfe, 0x00, 0x3f, 0xff, 0x00, 0x7f, 0xfe, 0x00, 0x1f, 0xff, 0x80, 0x7f, 0xfc, 0x00, 0x1f, 0xff,
    0x80, 0xff, 0xfc, 0x00, 0x1f, 0xff, 0xc1, 0xff, 0xfc, 0x00, 0x1f, 0xff, 0xff, 0xff, 0xfc, 0x00,
    0x1f, 0xff, 0xff, 0xff, 0xf8, 0x00, 0x0f, 0xff, 0xff, 0xff, 0xf8, 0x00, 0x0f, 0xff, 0xff, 0xff,
    0xf8, 0x00, 0x07, 0xff, 0xff, 0xff, 0xf0, 0x00, 0x03, 0xff, 0xff, 0xff, 0xe0, 0x00, 0x03, 0xff,
    0xff, 0xff, 0xe0, 0x00, 0x01, 0xff, 0xff, 0xff, 0xc0, 0x00, 0x00, 0x7f, 0xff, 0xff, 0x80, 0x00,
    0x00, 0x3f, 0xff, 0xfe, 0x00, 0x00, 0x00, 0x0f, 0xff, 0xf8, 0x00, 0x00, 0x00, 0x01, 0xff, 0xc0,
    0x00, 0x00, 0x00, 0x00, 0x00, 0x00, 0x00, 0x00, 0x00, 0x00, 0x00, 0x00, 0x00, 0x00, 0x00, 0x00,
    0x00, 0x00, 0x00, 0x00, 0x00, 0x00, 0x00, 0x00, 0x00, 0x00, 0x00, 0x00, 0x00, 0x00, 0x00, 0x00,
    0x00, 0x00, 0x00, 0x00, 0x00, 0x00, 0x00, 0x00, 0x00, 0x00, 0x00, 0x00, 0x00, 0x00, 0x00, 0x00,
    0x00, 0x00, 0x00, 0x00, 0x00, 0x00, 0x00, 0x00, 0x00, 0x00, 0x00, 0x00, 0x00, 0x00, 0x00, 0x00,
    0x00, 0x00, 0x00, 0x00, 0x00, 0x00, 0x00, 0x00, 0x00, 0x00, 0x00, 0x00, 0x00, 0x00, 0x00, 0x00,
    0x00, 0x00, 0x00, 0x00, 0x00, 0x00, 0x00, 0x00, 0x00, 0x00, 0x00, 0x00, 0x00, 0x00, 0x00, 0x00,
    0x00, 0x00, 0x00, 0x00, 0x00, 0x00, 0x00, 0x00, 0x00, 0x00, 0x00, 0x00, 0x00, 0x00, 0x00, 0x00,
    0x00, 0x00, 0x00, 0x00, 0x00, 0x00, 0x00, 0x00, 0x00, 0x00, 0x00, 0x00, 0x00, 0x00, 0x00, 0x00,
    0x00, 0x00, 0x00, 0x00, 0x00, 0x00, 0x00, 0x00, 0x00, 0x00, 0x00, 0x00, 0x00, 0x00, 0x00, 0x00,
    0x00, 0x00, 0x00, 0x00, 0x00, 0x00, 0x00, 0x00, 0x00, 0x00, 0x00, 0x00, 0x00, 0x00, 0x00, 0x00,
    0x00, 0x00, 0x00, 0x00, 0x00, 0x00, 0x00, 0x00, 0x00, 0x00, 0x00, 0x00, 0x00, 0x00, 0x00, 0x00,
    0x00, 0x00, 0x00, 0x00, 0x00, 0x00, 0x00, 0x00, 0x00, 0x00, 0x00, 0x00, 0x00, 0x00, 0x00, 0x00,
    0x00, 0x00, 0x00, 0x00, 0x00, 0x00, 0x00, 0x00, 0x00, 0x00, 0x00, 0x00, 0x00, 0x00, 0x00, 0x00,
    0x00, 0x00, 0x00, 0x00, 0x00, 0x00, 0x00, 0x00, 0x00, 0x00, 0x00, 0x00, 0x00, 0x00, 0x00, 0x00,
    0x00, 0x00, 0x00, 0x00, 0x00, 0x00, 0x00, 0x00, 0x00, 0x00, 0x00, 0x00, 0x00, 0x00, 0x00, 0x00,
    0x00, 0x00, 0x00, 0x00, 0x00, 0x00, 0x00, 0x00, 0x00, 0x00, 0x00, 0x00, 0x00, 0x00, 0x00, 0x00,
    0x00, 0x00, 0x00, 0x00, 0x00, 0x00, 0x00, 0x00, 0x00, 0x00, 0x00, 0x00, 0x00, 0x00, 0x00, 0x00,
    0x00, 0x00, 0x00, 0x00, 0x00, 0x00, 0x00, 0x00, 0x00, 0x00, 0x00, 0x00, 0x00, 0x00, 0x00, 0x00,
    0x00, 0x00, 0x00, 0x01, 0xff, 0xf8, 0x00, 0x00, 0x00, 0x03, 0xff, 0xf8, 0x00, 0x00, 0x00, 0x03,
    0xff, 0xf0, 0x00, 0x00, 0x00, 0x07, 0xff, 0xf0, 0x00, 0x00, 0x00, 0x07, 0xff, 0xf0, 0x00, 0x00,
    0x00, 0x07, 0xff, 0xe0, 0x00, 0x00, 0x00, 0x0f, 0xff, 0xe0, 0x00, 0x00, 0x00, 0x0f, 0xff, 0xe0,
    0x00, 0x00, 0x00, 0x0f, 0xff, 0xc0, 0x00, 0x00, 0x00, 0x1f, 0xff, 0xc0, 0x00, 0x00, 0x00, 0x1f,
    0xff, 0xc0, 0x00, 0x00, 0x00, 0x1f, 0xff, 0xc0, 0x00, 0x00, 0x00, 0x3f, 0xff, 0x80, 0x00, 0x00,
    0x00, 0x3f, 0xff, 0x80, 0x00, 0x00, 0x00, 0x3f, 0xff, 0x80, 0x00, 0x00, 0x00, 0x7f, 0xff, 0x00,
    0x00, 0x00, 0x00, 0x7f, 0xff, 0x00, 0x00, 0x00, 0x00, 0x7f, 0xff, 0x00, 0x00, 0x00, 0x00, 0xff,
    0xfe, 0x00, 0x00, 0x00, 0x00, 0xff, 0xfe, 0x00, 0x00, 0x00, 0x00, 0xff, 0xfe, 0x00, 0x00, 0x00,
    0x01, 0xff, 0xfc, 0x00, 0x00, 0x00, 0x01, 0xff, 0xfc, 0x00, 0x00, 0x00, 0x01, 0xff, 0xfc, 0x00,
    0x00, 0x00, 0x03, 0xff, 0xf8, 0x00, 0x00, 0x00, 0x03, 0xff, 0xf8, 0x00, 0x00, 0x00, 0x03, 0xff,
    0xf8, 0x1f, 0xff, 0x00, 0x07, 0xff, 0xf0, 0x1f, 0xff, 0x80, 0x07, 0xff, 0xf0, 0x1f, 0xff, 0x80,
    0x07, 0xff, 0xf0, 0x1f, 0xff, 0x80, 0x0f, 0xff, 0xe0, 0x1f, 0xff, 0x80, 0x0f, 0xff, 0xe0, 0x1f,
    0xff, 0x80, 0x0f, 0xff, 0xe0, 0x1f, 0xff, 0x80, 0x1f, 0xff, 0xe0, 0x1f, 0xff, 0x80, 0x1f, 0xff,
    0xc0, 0x1f, 0xff, 0x80, 0x1f, 0xff, 0xc0, 0x1f, 0xff, 0x80, 0x3f, 0xff, 0xc0, 0x1f, 0xff, 0x80,
    0x3f, 0xff, 0x80, 0x1f, 0xff, 0x80, 0x3f, 0xff, 0xff, 0xff, 0xff, 0xf8, 0x7f, 0xff, 0xff, 0xff,
    0xff, 0xf8, 0x7f, 0xff, 0xff, 0xff, 0xff, 0xf8, 0x7f, 0xff, 0xff, 0xff, 0xff, 0xf8, 0x7f, 0xff,
    0xff, 0xff, 0xff, 0xf8, 0x7f, 0xff, 0xff, 0xff, 0xff, 0xf8, 0x7f, 0xff, 0xff, 0xff, 0xff, 0xf8,
    0x7f, 0xff, 0xff, 0xff, 0xff, 0xf8, 0x7f, 0xff, 0xff, 0xff, 0xff, 0xf8, 0x7f, 0xff, 0xff, 0xff,
    0xff, 0xf8, 0x7f, 0xff, 0xff, 0xff, 0xff, 0xf8, 0x3f, 0xff, 0xff, 0xff, 0xff, 0xf0, 0x00, 0x00,
    0x00, 0x1f, 0xff, 0x80, 0x00, 0x00, 0x00, 0x1f, 0xff, 0x80, 0x00, 0x00, 0x00, 0x1f, 0xff, 0x80,
    0x00, 0x00, 0x00, 0x1f, 0xff, 0x80, 0x00, 0x00, 0x00, 0x1f, 0xff, 0x80, 0x00, 0x00, 0x00, 0x1f,
    0xff, 0x80, 0x00, 0x00, 0x00, 0x1f, 0xff, 0x80, 0x00, 0x00, 0x00, 0x1f, 0xff, 0x80, 0x00, 0x00,
    0x00, 0x1f, 0xff, 0x80, 0x00, 0x00, 0x00, 0x1f, 0xff, 0x80, 0x00, 0x00, 0x00, 0x1f, 0xff, 0x80,
    0x00, 0x00, 0x00, 0x1f, 0xff, 0x80, 0x00, 0x00, 0x00, 0x1f, 0xff, 0x80, 0x00, 0x00, 0x00, 0x1f,
    0xff, 0x80, 0x00, 0x00, 0x00, 0x1f, 0xff, 0x80, 0x00, 0x00, 0x00, 0x1f, 0xff, 0x80, 0x00, 0x00,
    0x00, 0x1f, 0xff, 0x00, 0x00, 0x00, 0x00, 0x00, 0x00, 0x00, 0x00, 0x00, 0x00, 0x00, 0x00, 0x00,
    0x00, 0x00, 0x00, 0x00, 0x00, 0x00, 0x00, 0x00, 0x00, 0x00, 0x00, 0x00, 0x00, 0x00, 0x00, 0x00,
    0x00, 0x00, 0x00, 0x00, 0x00, 0x00, 0x00, 0x00, 0x00, 0x00, 0x00, 0x00, 0x00, 0x00, 0x00, 0x00,
    0x00, 0x00, 0x00, 0x00, 0x00, 0x00, 0x00, 0x00, 0x00, 0x00, 0x00, 0x00, 0x00, 0x00, 0x00, 0x00,
    0x00, 0x00, 0x00, 0x00, 0x00, 0x00, 0x00, 0x00, 0x00, 0x00, 0x00, 0x00, 0x00, 0x00, 0x00, 0x00,
    0x00, 0x00, 0x00, 0x00, 0x00, 0x00, 0x00, 0x00, 0x00, 0x00, 0x00, 0x00, 0x00, 0x00, 0x00, 0x00,
    0x00, 0x00, 0x00, 0x00, 0x00, 0x00, 0x00, 0x00, 0x00, 0x00, 0x00, 0x00, 0x00, 0x00, 0x00, 0x00,
    0x00, 0x00, 0x00, 0x00, 0x00, 0x00, 0x00, 0x00, 0x00, 0x00, 0x00, 0x00, 0x00, 0x00, 0x00, 0x00,
    0x00, 0x00, 0x00, 0x00, 0x00, 0x00, 0x00, 0x00, 0x00, 0x00, 0x00, 0x00, 0x00, 0x00, 0x00, 0x00,
    0x00, 0x00, 0x00, 0x00, 0x00, 0x00, 0x00, 0x00, 0x00, 0x00, 0x00, 0x00, 0x00, 0x00, 0x00, 0x00,
    0x00, 0x00, 0x00, 0x00, 0x00, 0x00, 0x00, 0x00, 0x00, 0x00, 0x00, 0x00, 0x00, 0x00, 0x00, 0x00,
    0x00, 0x00, 0x00, 0x00, 0x00, 0x00, 0x00, 0x00, 0x00, 0x00, 0x00, 0x00, 0x00, 0x00, 0x00, 0x00,
    0x00, 0x00, 0x00, 0x00, 0x00, 0x00, 0x00, 0x00, 0x00, 0x00, 0x00, 0x00, 0x00, 0x00, 0x00, 0x00,
    0x00, 0x00, 0x00, 0x00, 0x00, 0x00, 0x00, 0x00, 0x00, 0x00, 0x00, 0x00, 0x00, 0x00, 0x00, 0x00,
    0x00, 0x00, 0x00, 0x00, 0x00, 0x00, 0x00, 0x00, 0x00, 0x00, 0x00, 0x00, 0x00, 0x00, 0x00, 0x00,
    0x00, 0x00, 0x00, 0x00, 0x00, 0x00, 0x00, 0x00, 0x00, 0x00, 0x00, 0x00, 0x00, 0x00, 0x00, 0x00,
    0x00, 0x00, 0x00, 0x00, 0x00, 0x00, 0x00, 0x00, 0x00, 0x00, 0x00, 0x00, 0x00, 0x00, 0x00, 0x00,
    0x00, 0x00, 0x00, 0x00, 0x00, 0x00, 0x00, 0x00, 0x00, 0x00, 0x00, 0x00, 0x00, 0x00, 0x00, 0x00,
    0x00, 0x00, 0x00, 0x00, 0x00, 0x00, 0x00, 0x00, 0x00, 0x00, 0x1f, 0xff, 0xff, 0xff, 0xfe, 0x00,
    0x1f, 0xff, 0xff, 0xff, 0xfe, 0x00, 0x1f, 0xff, 0xff, 0xff, 0xfe, 0x00, 0x1f, 0xff, 0xff, 0xff,
    0xfe, 0x00, 0x1f, 0xff, 0xff, 0xff, 0xfe, 0x00, 0x1f, 0xff, 0xff, 0xff, 0xfe, 0x00, 0x1f, 0xff,
    0xff, 0xff, 0xfe, 0x00, 0x1f, 0xff, 0xff, 0xff, 0xfe, 0x00, 0x1f, 0xff, 0xff, 0xff, 0xfe, 0x00,
    0x1f, 0xff, 0xff, 0xff, 0xfe, 0x00, 0x1f, 0xff, 0xff, 0xff, 0xfe, 0x00, 0x1f, 0xff, 0xff, 0xff,
    0xfc, 0x00, 0x1f, 0xff, 0x80, 0x00, 0x00, 0x00, 0x1f, 0xff, 0x80, 0x00, 0x00, 0x00, 0x1f, 0xff,
    0x80, 0x00, 0x00, 0x00, 0x1f, 0xff, 0x80, 0x00, 0x00, 0x00, 0x1f, 0xff, 0x80, 0x00, 0x00, 0x00,
    0x1f, 0xff, 0x80, 0x00, 0x00, 0x00, 0x1f, 0xff, 0x80, 0x00, 0x00, 0x00, 0x1f, 0xff, 0x80, 0x00,
    0x00, 0x00, 0x1f, 0xff, 0x80, 0x00, 0x00, 0x00, 0x1f, 0xff, 0x80, 0x00, 0x00, 0x00, 0x1f, 0xff,
    0x80, 0x00, 0x00, 0x00, 0x1f, 0xff, 0x80, 0x00, 0x00, 0x00, 0x1f, 0xff, 0x80, 0x00, 0x00, 0x00,
    0x1f, 0xff, 0x83, 0xf8, 0x00, 0x00, 0x1f, 0xff, 0x8f, 0xff, 0x00, 0x00, 0x1f, 0xff, 0xbf, 0xff,
    0xc0, 0x00, 0x1f, 0xff, 0xff, 0xff, 0xe0, 0x00, 0x1f, 0xff, 0xff, 0xff, 0xf0, 0x00, 0x1f, 0xff,
    0xff, 0xff, 0xf8, 0x00, 0x1f, 0xff, 0xff, 0xff, 0xf8, 0x00, 0x1f, 0xff, 0xff, 0xff, 0xfc, 0x00,
    0x1f, 0xff, 0xff, 0xff, 0xfc, 0x00, 0x1f, 0xff, 0xff, 0xff, 0xfe, 0x00, 0x1f, 0xff, 0xff, 0xff,
    0xfe, 0x00, 0x1f, 0xff, 0xff, 0xff, 0xfe, 0x00, 0x1f, 0xff, 0xe0, 0xff, 0xfe, 0x00, 0x1f, 0xff,
    0xc0, 0x7f, 0xfe, 0x00, 0x1f, 0xff, 0x80, 0x7f, 0xff, 0x00, 0x1f, 0xff, 0x80, 0x3f, 0xff, 0x00,
    0x00, 0x00, 0x00, 0x3f, 0xff, 0x00, 0x00, 0x00, 0x00, 0x3f, 0xff, 0x00, 0x00, 0x00, 0x00, 0x3f,
    0xff, 0x00, 0x00, 0x00, 0x00, 0x3f, 0xff, 0x00, 0x00, 0x00, 0x00, 0x3f, 0xff, 0x00, 0x00, 0x00,
    0x00, 0x3f, 0xff, 0x00, 0x00, 0x00, 0x00, 0x3f, 0xff, 0x00, 0x00, 0x00, 0x00, 0x3f, 0xff, 0x00,
    0x1f, 0xff, 0x80, 0x3f, 0xff, 0x00, 0x1f, 0xff, 0x80, 0x3f, 0xff, 0x00, 0x1f, 0xff, 0x80, 0x3f,
    0xff, 0x00, 0x1f, 0xff, 0x80, 0x3f, 0xff, 0x00, 0x1f, 0xff, 0xc0, 0x7f, 0xff, 0x00, 0x0f, 0xff,
    0xc0, 0x7f, 0xfe, 0x00, 0x0f, 0xff, 0xe0, 0xff, 0xfe, 0x00, 0x0f, 0xff, 0xff, 0xff, 0xfe, 0x00,
    0x0f, 0xff, 0xff, 0xff, 0xfe, 0x00, 0x07, 0xff, 0xff, 0xff, 0xfc, 0x00, 0x07, 0xff, 0xff, 0xff,
    0xfc, 0x00, 0x03, 0xff, 0xff, 0xff, 0xf8, 0x00, 0x03, 0xff, 0xff, 0xff, 0xf8, 0x00, 0x01, 0xff,
    0xff, 0xff, 0xf0, 0x00, 0x00, 0xff, 0xff, 0xff, 0xe0, 0x00, 0x00, 0x7f, 0xff, 0xff, 0xc0, 0x00,
    0x00, 0x1f, 0xff, 0xff, 0x00, 0x00, 0x00, 0x07, 0xff, 0xfc, 0x00, 0x00, 0x00, 0x00, 0xff, 0xe0,
    0x00, 0x00, 0x00, 0x00, 0x00, 0x00, 0x00, 0x00, 0x00, 0x00, 0x00, 0x00, 0x00, 0x00, 0x00, 0x00,
    0x00, 0x00, 0x00, 0x00, 0x00, 0x00, 0x00, 0x00, 0x00, 0x00, 0x00, 0x00, 0x00, 0x00, 0x00, 0x00,
    0x00, 0x00, 0x00, 0x00, 0x00, 0x00, 0x00, 0x00, 0x00, 0x00, 0x00, 0x00, 0x00, 0x00, 0x00, 0x00,
    0x00, 0x00, 0x00, 0x00, 0x00, 0x00, 0x00, 0x00, 0x00, 0x00, 0x00, 0x00, 0x00, 0x00, 0x00, 0x00,
    0x00, 0x00, 0x00, 0x00, 0x00, 0x00, 0x00, 0x00, 0x00, 0x00, 0x00, 0x00, 0x00, 0x00, 0x00, 0x00,
    0x00, 0x00, 0x00, 0x00, 0x00, 0x00, 0x00, 0x00, 0x00, 0x00, 0x00, 0x00, 0x00, 0x00, 0x00, 0x00,
    0x00, 0x00, 0x00, 0x00, 0x00, 0x00, 0x00, 0x00, 0x00, 0x00, 0x00, 0x00, 0x00, 0x00, 0x00, 0x00,
    0x00, 0x00, 0x00, 0x00, 0x00, 0x00, 0x00, 0x00, 0x00, 0x00, 0x00, 0x00, 0x00, 0x00, 0x00, 0x00,
    0x00, 0x00, 0x00, 0x00, 0x00, 0x00, 0x00, 0x00, 0x00, 0x00, 0x00, 0x00, 0x00, 0x00, 0x00, 0x00,
    0x00, 0x00, 0x00, 0x00, 0x00, 0x00, 0x00, 0x00, 0x00, 0x00, 0x00, 0x00, 0x00, 0x00, 0x00, 0x00,
    0x00, 0x00, 0x00, 0x00, 0x00, 0x00, 0x00, 0x00, 0x00, 0x00, 0x00, 0x00, 0x00, 0x00, 0x00, 0x00,
    0x00, 0x00, 0x00, 0x00, 0x00, 0x00, 0x00, 0x00, 0x00, 0x00, 0x00, 0x00, 0x00, 0x00, 0x00, 0x00,
    0x00, 0x00, 0x00, 0x00, 0x00, 0x00, 0x00, 0x00, 0x00, 0x00, 0x00, 0x00, 0x00, 0x00, 0x00, 0x00,
    0x00, 0x00, 0x00, 0x00, 0x00, 0x00, 0x00, 0x00, 0x00, 0x00, 0x00, 0x00, 0x00, 0x00, 0x00, 0x00,
    0x00, 0x00, 0x00, 0x00, 0x00, 0x00, 0x00, 0x00, 0x00, 0x00, 0x00, 0x00, 0x00, 0x00, 0x00, 0x00,
    0x00, 0x00, 0x00, 0x00, 0x00, 0x00, 0x00, 0x00, 0x00, 0x00, 0x00, 0x00, 0x00, 0x00, 0x00, 0x00,
    0x00, 0x00, 0x00, 0x00, 0x00, 0x00, 0x00, 0x00, 0x00, 0x00, 0x00, 0x00, 0x00, 0x00, 0x00, 0x00,
    0x00, 0x00, 0x00, 0x00, 0x00, 0x00, 0x00, 0x00, 0x00, 0x00, 0x00, 0x00, 0x00, 0x00, 0xff, 0xc0,
    0x00, 0x00, 0x00, 0x07, 0xff, 0xf8, 0x00, 0x00, 0x00, 0x1f, 0xff, 0xfe, 0x00, 0x00, 0x00, 0x7f,
    0xff, 0xff, 0x80, 0x00, 0x00, 0xff, 0xff, 0xff, 0xc0, 0x00, 0x01, 0xff, 0xff, 0xff, 0xe0, 0x00,
    0x03, 0xff, 0xff, 0xff, 0xf0, 0x00, 0x03, 0xff, 0xff, 0xff, 0xf0, 0x00, 0x07, 0xff, 0xff, 0xff,
    0xf8, 0x00, 0x0f, 0xff, 0xff, 0xff, 0xfc, 0x00, 0x0f, 0xff, 0xff, 0xff, 0xfc, 0x00, 0x0f, 0xff,
    0xff, 0xff, 0xfc, 0x00, 0x1f, 0xff, 0xe1, 0xff, 0xfe, 0x00, 0x1f, 0xff, 0xc0, 0xff, 0xfe, 0x00,
    0x1f, 0xff, 0x80, 0x7f, 0xfe, 0x00, 0x1f, 0xff, 0x80, 0x7f, 0xfe, 0x00, 0x1f, 0xff, 0x80, 0x7f,
    0xfe, 0x00, 0x1f, 0xff, 0x80, 0x7f, 0xfe, 0x00, 0x1f, 0xff, 0x80, 0x7f, 0xfe, 0x00, 0x1f, 0xff,
    0x80, 0x7f, 0xfe, 0x00, 0x1f, 0xff, 0x80, 0x7f, 0xfe, 0x00, 0x1f, 0xff, 0x80, 0x3f, 0xfe, 0x00,
    0x1f, 0xff, 0x80, 0x00, 0x00, 0x00, 0x1f, 0xff, 0x80, 0x00, 0x00, 0x00, 0x1f, 0xff, 0x80, 0x00,
    0x00, 0x00, 0x1f, 0xff, 0x80, 0x00, 0x00, 0x00, 0x1f, 0xff, 0x87, 0xf8, 0x00, 0x00, 0x1f, 0xff,
    0x9f, 0xfe, 0x00, 0x00, 0x1f, 0xff, 0xff, 0xff, 0x80, 0x00, 0x1f, 0xff, 0xff, 0xff, 0xc0, 0x00,
    0x1f, 0xff, 0xff, 0xff, 0xe0, 0x00, 0x1f, 0xff, 0xff, 0xff, 0xf0, 0x00, 0x1f, 0xff, 0xff, 0xff,
    0xf8, 0x00, 0x1f, 0xff, 0xff, 0xff, 0xf8, 0x00, 0x1f, 0xff, 0xff, 0xff, 0xfc, 0x00, 0x1f, 0xff,
    0xff, 0xff, 0xfc, 0x00, 0x1f, 0xff, 0xf1, 0xff, 0xfe, 0x00, 0x1f, 0xff, 0xc0, 0x7f, 0xfe, 0x00,
    0x1f, 0xff, 0xc0, 0x7f, 0xfe, 0x00, 0x1f, 0xff, 0x80, 0x3f, 0xfe, 0x00, 0x1f, 0xff, 0x80, 0x3f,
    0xff, 0x00, 0x1f, 0xff, 0x80, 0x3f, 0xff, 0x00, 0x1f, 0xff, 0x80, 0x3f, 0xff, 0x00, 0x1f, 0xff,
    0x80, 0x3f, 0xff, 0x00, 0x1f, 0xff, 0x80, 0x3f, 0xff, 0x00, 0x1f, 0xff, 0x80, 0x3f, 0xff, 0x00,
    0x1f, 0xff, 0x80, 0x3f, 0xff, 0x00, 0x1f, 0xff, 0x80, 0x3f, 0xff, 0x00, 0x1f, 0xff, 0x80, 0x3f,
    0xff, 0x00, 0x1f, 0xff, 0x80, 0x3f, 0xff, 0x00, 0x1f, 0xff, 0x80, 0x3f, 0xff, 0x00, 0x1f, 0xff,
    0x80, 0x3f, 0xff, 0x00, 0x1f, 0xff, 0x80, 0x3f, 0xff, 0x00, 0x1f, 0xff, 0x80, 0x3f, 0xff, 0x00,
    0x0f, 0xff, 0xc0, 0x7f, 0xff, 0x00, 0x0f, 0xff, 0xc0, 0x7f, 0xff, 0x00, 0x0f, 0xff, 0xe0, 0xff,
    0xff, 0x00, 0x0f, 0xff, 0xff, 0xff, 0xfe, 0x00, 0x07, 0xff, 0xff, 0xff, 0xfe, 0x00, 0x07, 0xff,
    0xff, 0xff, 0xfe, 0x00, 0x07, 0xff, 0xff, 0xff, 0xfc, 0x00, 0x03, 0xff, 0xff, 0xff, 0xfc, 0x00,
    0x01, 0xff, 0xff, 0xff, 0xf8, 0x00, 0x01, 0xff, 0xff, 0xff, 0xf0, 0x00, 0x00, 0xff, 0xff, 0xff,
    0xe0, 0x00, 0x00, 0x3f, 0xff, 0xff, 0xc0, 0x00, 0x00, 0x1f, 0xff, 0xff, 0x00, 0x00, 0x00, 0x07,
    0xff, 0xfc, 0x00, 0x00, 0x00, 0x00, 0xff, 0xe0, 0x00, 0x00, 0x00, 0x00, 0x00, 0x00, 0x00, 0x00,
    0x00, 0x00, 0x00, 0x00, 0x00, 0x00, 0x00, 0x00, 0x00, 0x00, 0x00, 0x00, 0x00, 0x00, 0x00, 0x00,
    0x00, 0x00, 0x00, 0x00, 0x00, 0x00, 0x00, 0x00, 0x00, 0x00, 0x00, 0x00, 0x00, 0x00, 0x00, 0x00,
    0x00, 0x00, 0x00, 0x00, 0x00, 0x00, 0x00, 0x00, 0x00, 0x00, 0x00, 0x00, 0x00, 0x00, 0x00, 0x00,
    0x00, 0x00, 0x00, 0x00, 0x00, 0x00, 0x00, 0x00, 0x00, 0x00, 0x00, 0x00, 0x00, 0x00, 0x00, 0x00,
    0x00, 0x00, 0x00, 0x00, 0x00, 0x00, 0x00, 0x00, 0x00, 0x00, 0x00, 0x00, 0x00, 0x00, 0x00, 0x00,
    0x00, 0x00, 0x00, 0x00, 0x00, 0x00, 0x00, 0x00, 0x00, 0x00, 0x00, 0x00, 0x00, 0x00, 0x00, 0x00,
    0x00, 0x00, 0x00, 0x00, 0x00, 0x00, 0x00, 0x00, 0x00, 0x00, 0x00, 0x00, 0x00, 0x00, 0x00, 0x00,
    0x00, 0x00, 0x00, 0x00, 0x00, 0x00, 0x00, 0x00, 0x00, 0x00, 0x00, 0x00, 0x00, 0x00, 0x00, 0x00,
    0x00, 0x00, 0x00, 0x00, 0x00, 0x00, 0x00, 0x00, 0x00, 0x00, 0x00, 0x00, 0x00, 0x00, 0x00, 0x00,
    0x00, 0x00, 0x00, 0x00, 0x00, 0x00, 0x00, 0x00, 0x00, 0x00, 0x00, 0x00, 0x00, 0x00, 0x00, 0x00,
    0x00, 0x00, 0x00, 0x00, 0x00, 0x00, 0x00, 0x00, 0x00, 0x00, 0x00, 0x00, 0x00, 0x00, 0x00, 0x00,
    0x00, 0x00, 0x00, 0x00, 0x00, 0x00, 0x00, 0x00, 0x00, 0x00, 0x00, 0x00, 0x00, 0x00, 0x00, 0x00,
    0x00, 0x00, 0x00, 0x00, 0x00, 0x00, 0x00, 0x00, 0x00, 0x00, 0x00, 0x00, 0x00, 0x00, 0x00, 0x00,
    0x00, 0x00, 0x00, 0x00, 0x00, 0x00, 0x00, 0x00, 0x00, 0x00, 0x00, 0x00, 0x00, 0x00, 0x00, 0x00,
    0x00, 0x00, 0x00, 0x00, 0x00, 0x00, 0x00, 0x00, 0x00, 0x00, 0x00, 0x00, 0x00, 0x00, 0x00, 0x00,
    0x00, 0x00, 0x00, 0x00, 0x00, 0x00, 0x00, 0x00, 0x00, 0x00, 0x00, 0x00, 0x00, 0x3f, 0xff, 0xff,
    0xff, 0xfc, 0x7f, 0xff, 0xff, 0xff, 0xfc, 0x7f, 0xff, 0xff, 0xff, 0xfc, 0x7f, 0xff, 0xff, 0xff,
    0xfc, 0x7f, 0xff, 0xff, 0xff, 0xfc, 0x7f, 0xff, 0xff, 0xff, 0xfc, 0x7f, 0xff, 0xff, 0xff, 0xfc,
    0x7f, 0xff, 0xff, 0xff, 0xfc, 0x7f, 0xff, 0xff, 0xff, 0xfc, 0x7f, 0xff, 0xff, 0xff, 0xfc, 0x7f,
    0xff, 0xff, 0xff, 0xfc, 0x7f, 0xff, 0xff, 0xff, 0xfc, 0x7f, 0xf0, 0x01, 0xff, 0xfc, 0x7f, 0xf0,
    0x01, 0xff, 0xfc, 0x7f, 0xf0, 0x01, 0xff, 0xf8, 0x7f, 0xf0, 0x01, 0xff, 0xf8, 0x3f, 0xe0, 0x03,
    0xff, 0xf8, 0x00, 0x00, 0x03, 0xff, 0xf0, 0x00, 0x00, 0x03, 0xff, 0xf0, 0x00, 0x00, 0x07, 0xff,
    0xf0, 0x00, 0x00, 0x07, 0xff, 0xf0, 0x00, 0x00, 0x07, 0xff, 0xe0, 0x00, 0x00, 0x07, 0xff, 0xe0,
    0x00, 0x00, 0x0f, 0xff, 0xe0, 0x00, 0x00, 0x0f, 0xff, 0xc0, 0x00, 0x00, 0x0f, 0xff, 0xc0, 0x00,
    0x00, 0x1f, 0xff, 0xc0, 0x00, 0x00, 0x1f, 0xff, 0xc0, 0x00, 0x00, 0x1f, 0xff, 0x80, 0x00, 0x00,
    0x3f, 0xff, 0x80, 0x00, 0x00, 0x3f, 0xff, 0x80, 0x00, 0x00, 0x3f, 0xff, 0x00, 0x00, 0x00, 0x3f,
    0xff, 0x00, 0x00, 0x00, 0x7f, 0xff, 0x00, 0x00, 0x00, 0x7f, 0xfe, 0x00, 0x00, 0x00, 0x7f, 0xfe,
    0x00, 0x00, 0x00, 0xff, 0xfe, 0x00, 0x00, 0x00, 0xff, 0xfe, 0x00, 0x00, 0x00, 0xff, 0xfc, 0x00,
    0x00, 0x00, 0xff, 0xfc, 0x00, 0x00, 0x01, 0xff, 0xfc, 0x00, 0x00, 0x01, 0xff, 0xf8, 0x00, 0x00,
    0x01, 0xff, 0xf8, 0x00, 0x00, 0x03, 0xff, 0xf8, 0x00, 0x00, 0x03, 0xff, 0xf0, 0x00, 0x00, 0x03,
    0xff, 0xf0, 0x00, 0x00, 0x07, 0xff, 0xf0, 0x00, 0x00, 0x07, 0xff, 0xf0, 0x00, 0x00, 0x07, 0xff,
    0xe0, 0x00, 0x00, 0x07, 0xff, 0xe0, 0x00, 0x00, 0x0f, 0xff, 0xe0, 0x00, 0x00, 0x0f, 0xff, 0xc0,
    0x00, 0x00, 0x0f, 0xff, 0xc0, 0x00, 0x00, 0x1f, 0xff, 0xc0, 0x00, 0x00, 0x1f, 0xff, 0xc0, 0x00,
    0x00, 0x1f, 0xff, 0x80, 0x00, 0x00, 0x1f, 0xff, 0x80, 0x00, 0x00, 0x3f, 0xff, 0x80, 0x00, 0x00,
    0x3f, 0xff, 0x00, 0x00, 0x00, 0x3f, 0xff, 0x00, 0x00, 0x00, 0x7f, 0xff, 0x00, 0x00, 0x00, 0x7f,
    0xfe, 0x00, 0x00, 0x00, 0x7f, 0xfe, 0x00, 0x00, 0x00, 0x7f, 0xfe, 0x00, 0x00, 0x00, 0xff, 0xfe,
    0x00, 0x00, 0x00, 0xff, 0xfc, 0x00, 0x00, 0x00, 0xff, 0xfc, 0x00, 0x00, 0x00, 0x00, 0x00, 0x00,
    0x00, 0x00, 0x00, 0x00, 0x00, 0x00, 0x00, 0x00, 0x00, 0x00, 0x00, 0x00, 0x00, 0x00, 0x00, 0x00,
    0x00, 0x00, 0x00, 0x00, 0x00, 0x00, 0x00, 0x00, 0x00, 0x00, 0x00, 0x00, 0x00, 0x00, 0x00, 0x00,
    0x00, 0x00, 0x00, 0x00, 0x00, 0x00, 0x00, 0x00, 0x00, 0x00, 0x00, 0x00, 0x00, 0x00, 0x00, 0x00,
    0x00, 0x00, 0x00, 0x00, 0x00, 0x00, 0x00, 0x00, 0x00, 0x00, 0x00, 0x00, 0x00, 0x00, 0x00, 0x00,
    0x00, 0x00, 0x00, 0x00, 0x00, 0x00, 0x00, 0x00, 0x00, 0x00, 0x00, 0x00, 0x00, 0x00, 0x00, 0x00,
    0x00, 0x00, 0x00, 0x00, 0x00, 0x00, 0x00, 0x00, 0x00, 0x00, 0x00, 0x00, 0x00, 0x00, 0x00, 0x00,
    0x00, 0x00, 0x00, 0x00, 0x00, 0x00, 0x00, 0x00, 0x00, 0x00, 0x00, 0x00, 0x00, 0x00, 0x00, 0x00,
    0x00, 0x00, 0x00, 0x00, 0x00, 0x00, 0x00, 0x00, 0x00, 0x00, 0x00, 0x00, 0x00, 0x00, 0x00, 0x00,
    0x00, 0x00, 0x00, 0x00, 0x00, 0x00, 0x00, 0x00, 0x00, 0x00, 0x00, 0x00, 0x00, 0x00, 0x00, 0x00,
    0x00, 0x00, 0x00, 0x00, 0x00, 0x00, 0x00, 0x00, 0x00, 0x00, 0x00, 0x00, 0x00, 0x00, 0x00, 0x00,
    0x00, 0x00, 0x00, 0x00, 0x00, 0x00, 0x00, 0x00, 0x00, 0x00, 0x00, 0x00, 0x00, 0x00, 0x00, 0x00,
    0x00, 0x00, 0x00, 0x00, 0x00, 0x00, 0x00, 0x00, 0x00, 0x00, 0x00, 0x00, 0x00, 0x00, 0x00, 0x00,
    0x00, 0x00, 0x00, 0x00, 0x00, 0x00, 0x00, 0x00, 0x00, 0x00, 0x00, 0x00, 0x00, 0x00, 0x00, 0x00,
    0x00, 0x00, 0x00, 0x00, 0x00, 0x00, 0x00, 0x00, 0x00, 0x00, 0x00, 0x00, 0x00, 0x00, 0x00, 0x00,
    0x00, 0x00, 0x00, 0x00, 0x00, 0x00, 0x00, 0x00, 0x00, 0x00, 0x00, 0x00, 0x00, 0x00, 0x00, 0x00,
    0x00, 0x00, 0x00, 0x00, 0x00, 0x00, 0x00, 0x00, 0x00, 0x00, 0x00, 0x00, 0x00, 0x00, 0x00, 0x00,
    0x00, 0x00, 0x00, 0x00, 0x00, 0x00, 0x00, 0x00, 0x00, 0x00, 0xff, 0xc0, 0x00, 0x00, 0x00, 0x07,
    0xff, 0xf8, 0x00, 0x00, 0x00, 0x1f, 0xff, 0xfe, 0x00, 0x00, 0x00, 0x3f, 0xff, 0xff, 0x80, 0x00,
    0x00, 0xff, 0xff, 0xff, 0xc0, 0x00, 0x01, 0xff, 0xff, 0xff, 0xe0, 0x00, 0x01, 0xff, 0xff, 0xff,
    0xf0, 0x00, 0x03, 0xff, 0xff, 0xff, 0xf0, 0x00, 0x07, 0xff, 0xff, 0xff, 0xf8, 0x00, 0x07, 0xff,
    0xff, 0xff, 0xfc, 0x00, 0x0f, 0xff, 0xff, 0xff, 0xfc, 0x00, 0x0f, 0xff, 0xff, 0xff, 0xfc, 0x00,
    0x0f, 0xff, 0xe1, 0xff, 0xfe, 0x00, 0x1f, 0xff, 0xc0, 0xff, 0xfe, 0x00, 0x1f, 0xff, 0x80, 0x7f,
    0xfe, 0x00, 0x1f, 0xff, 0x80, 0x7f, 0xfe, 0x00, 0x1f, 0xff, 0x80, 0x3f, 0xfe, 0x00, 0x1f, 0xff,
    0x00, 0x3f, 0xfe, 0x00, 0x1f, 0xff, 0x00, 0x3f, 0xfe, 0x00, 0x1f, 0xff, 0x00, 0x3f, 0xfe, 0x00,
    0x1f, 0xff, 0x00, 0x3f, 0xfe, 0x00, 0x1f, 0xff, 0x00, 0x3f, 0xfe, 0x00, 0x1f, 0xff, 0x80, 0x3f,
    0xfe, 0x00, 0x1f, 0xff, 0x80, 0x7f, 0xfe, 0x00, 0x0f, 0xff, 0x80, 0x7f, 0xfc, 0x00, 0x0f, 0xff,
    0xc0, 0x7f, 0xfc, 0x00, 0x0f, 0xff, 0xc0, 0xff, 0xfc, 0x00, 0x07, 0xff, 0xe1, 0xff, 0xf8, 0x00,
    0x07, 0xff, 0xff, 0xff, 0xf8, 0x00, 0x03, 0xff, 0xff, 0xff, 0xf0, 0x00, 0x01, 0xff, 0xff, 0xff,
    0xe0, 0x00, 0x01, 0xff, 0xff, 0xff, 0xc0, 0x00, 0x00, 0x7f, 0xff, 0xff, 0x80, 0x00, 0x00, 0x7f,
    0xff, 0xff, 0x80, 0x00, 0x00, 0xff, 0xff, 0xff, 0xc0, 0x00, 0x01, 0xff, 0xff, 0xff, 0xe0, 0x00,
    0x03, 0xff, 0xff, 0xff, 0xf0, 0x00, 0x03, 0xff, 0xff, 0xff, 0xf8, 0x00, 0x07, 0xff, 0xe1, 0xff,
    0xf8, 0x00, 0x07, 0xff, 0xc0, 0xff, 0xfc, 0x00, 0x0f, 0xff, 0xc0, 0x7f, 0xfc, 0x00, 0x0f, 0xff,
    0x80, 0x7f, 0xfc, 0x00, 0x0f, 0xff, 0x80, 0x7f, 0xfe, 0x00, 0x1f, 0xff, 0x80, 0x3f, 0xfe, 0x00,
    0x1f, 0xff, 0x80, 0x3f, 0xfe, 0x00, 0x1f, 0xff, 0x00, 0x3f, 0xfe, 0x00, 0x1f, 0xff, 0x00, 0x3f,
    0xfe, 0x00, 0x1f, 0xff, 0x00, 0x3f, 0xfe, 0x00, 0x1f, 0xff, 0x00, 0x3f, 0xfe, 0x00, 0x1f, 0xff,
    0x00, 0x3f, 0xfe, 0x00, 0x1f, 0xff, 0x00, 0x3f, 0xfe, 0x00, 0x1f, 0xff, 0x80, 0x3f, 0xfe, 0x00,
    0x1f, 0xff, 0x80, 0x7f, 0xfe, 0x00, 0x1f, 0xff, 0x80, 0x7f, 0xfe, 0x00, 0x1f, 0xff, 0x80, 0x7f,
    0xfe, 0x00, 0x0f, 0xff, 0xc0, 0xff, 0xfe, 0x00, 0x0f, 0xff, 0xe1, 0xff, 0xfc, 0x00, 0x0f, 0xff,
    0xff, 0xff, 0xfc, 0x00, 0x07, 0xff, 0xff, 0xff, 0xf8, 0x00, 0x07, 0xff, 0xff, 0xff, 0xf8, 0x00,
    0x03, 0xff, 0xff, 0xff, 0xf0, 0x00, 0x03, 0xff, 0xff, 0xff, 0xf0, 0x00, 0x01, 0xff, 0xff, 0xff,
    0xe0, 0x00, 0x00, 0xff, 0xff, 0xff, 0xc0, 0x00, 0x00, 0x7f, 0xff, 0xff, 0x80, 0x00, 0x00, 0x3f,
    0xff, 0xff, 0x00, 0x00, 0x00, 0x0f, 0xff, 0xfe, 0x00, 0x00, 0x00, 0x07, 0xff, 0xf8, 0x00, 0x00,
    0x00, 0x00, 0xff, 0xc0, 0x00, 0x00, 0x00, 0x00, 0x00, 0x00, 0x00, 0x00, 0x00, 0x00, 0x00, 0x00,
    0x00, 0x00, 0x00, 0x00, 0x00, 0x00, 0x00, 0x00, 0x00, 0x00, 0x00, 0x00, 0x00, 0x00, 0x00, 0x00,
    0x00, 0x00, 0x00, 0x00, 0x00, 0x00, 0x00, 0x00, 0x00, 0x00, 0x00, 0x00, 0x00, 0x00, 0x00, 0x00,
    0x00, 0x00, 0x00, 0x00, 0x00, 0x00, 0x00, 0x00, 0x00, 0x00, 0x00, 0x00, 0x00, 0x00, 0x00, 0x00,
    0x00, 0x00, 0x00, 0x00, 0x00, 0x00, 0x00, 0x00, 0x00, 0x00, 0x00, 0x00, 0x00, 0x00, 0x00, 0x00,
    0x00, 0x00, 0x00, 0x00, 0x00, 0x00, 0x00, 0x00, 0x00, 0x00, 0x00, 0x00, 0x00, 0x00, 0x00, 0x00,
    0x00, 0x00, 0x00, 0x00, 0x00, 0x00, 0x00, 0x00, 0x00, 0x00, 0x00, 0x00, 0x00, 0x00, 0x00, 0x00,
    0x00, 0x00, 0x00, 0x00, 0x00, 0x00, 0x00, 0x00, 0x00, 0x00, 0x00, 0x00, 0x00, 0x00, 0x00, 0x00,
    0x00, 0x00, 0x00, 0x00, 0x00, 0x00, 0x00, 0x00, 0x00, 0x00, 0x00, 0x00, 0x00, 0x00, 0x00, 0x00,
    0x00, 0x00, 0x00, 0x00, 0x00, 0x00, 0x00, 0x00, 0x00, 0x00, 0x00, 0x00, 0x00, 0x00, 0x00, 0x00,
    0x00, 0x00, 0x00, 0x00, 0x00, 0x00, 0x00, 0x00, 0x00, 0x00, 0x00, 0x00, 0x00, 0x00, 0x00, 0x00,
    0x00, 0x00, 0x00, 0x00, 0x00, 0x00, 0x00, 0x00, 0x00, 0x00, 0x00, 0x00, 0x00, 0x00, 0x00, 0x00,
    0x00, 0x00, 0x00, 0x00, 0x00, 0x00, 0x00, 0x00, 0x00, 0x00, 0x00, 0x00, 0x00, 0x00, 0x00, 0x00,
    0x00, 0x00, 0x00, 0x00, 0x00, 0x00, 0x00, 0x00, 0x00, 0x00, 0x00, 0x00, 0x00, 0x00, 0x00, 0x00,
    0x00, 0x00, 0x00, 0x00, 0x00, 0x00, 0x00, 0x00, 0x00, 0x00, 0x00, 0x00, 0x00, 0x00, 0x00, 0x00,
    0x00, 0x00, 0x00, 0x00, 0x00, 0x00, 0x00, 0x00, 0x00, 0x00, 0x00, 0x00, 0x00, 0x00, 0x00, 0x00,
    0x00, 0x00, 0x00, 0x00, 0x00, 0x00, 0x00, 0x00, 0x00, 0x00, 0x00, 0x00, 0x00, 0x00, 0x00, 0x00,
    0x00, 0x00, 0x00, 0x00, 0x00, 0x00, 0x00, 0x00, 0x00, 0x00, 0x00, 0x00, 0x00, 0x00, 0x00, 0x00,
    0x00, 0x01, 0xff, 0x80, 0x00, 0x00, 0x00, 0x1f, 0xff, 0xf8, 0x00, 0x00, 0x00, 0x7f, 0xff, 0xfe,
    0x00, 0x00, 0x00, 0xff, 0xff, 0xff, 0x00, 0x00, 0x01, 0xff, 0xff, 0xff, 0x80, 0x00, 0x03, 0xff,
    0xff, 0xff, 0xc0, 0x00, 0x07, 0xff, 0xff, 0xff, 0xe0, 0x00, 0x0f, 0xff, 0xff, 0xff, 0xf0, 0x00,
    0x0f, 0xff, 0xff, 0xff, 0xf0, 0x00, 0x1f, 0xff, 0xff, 0xff, 0xf8, 0x00, 0x1f, 0xff, 0xff, 0xff,
    0xf8, 0x00, 0x1f, 0xff, 0xff, 0xff, 0xf8, 0x00, 0x3f, 0xff, 0xc1, 0xff, 0xfc, 0x00, 0x3f, 0xff,
    0x80, 0xff, 0xfc, 0x00, 0x3f, 0xff, 0x00, 0xff, 0xfc, 0x00, 0x3f, 0xff, 0x00, 0x7f, 0xfc, 0x00,
    0x3f, 0xff, 0x00, 0x7f, 0xfc, 0x00, 0x3f, 0xff, 0x00, 0x7f, 0xfc, 0x00, 0x3f, 0xff, 0x00, 0x7f,
    0xfe, 0x00, 0x3f, 0xff, 0x00, 0x7f, 0xfe, 0x00, 0x3f, 0xff, 0x00, 0x7f, 0xfe, 0x00, 0x3f, 0xff,
    0x00, 0x7f, 0xfe, 0x00, 0x3f, 0xff, 0x00, 0x7f, 0xfe, 0x00, 0x3f, 0xff, 0x00, 0x7f, 0xfe, 0x00,
    0x3f, 0xff, 0x00, 0x7f, 0xfe, 0x00, 0x3f, 0xff, 0x00, 0x7f, 0xfe, 0x00, 0x3f, 0xff, 0x00, 0x7f,
    0xfe, 0x00, 0x3f, 0xff, 0x00, 0x7f, 0xfe, 0x00, 0x3f, 0xff, 0x00, 0x7f, 0xfe, 0x00, 0x3f, 0xff,
    0x00, 0x7f, 0xfe, 0x00, 0x3f, 0xff, 0x00, 0xff, 0xfe, 0x00, 0x3f, 0xff, 0x80, 0xff, 0xfe, 0x00,
    0x1f, 0xff, 0x81, 0xff, 0xfe, 0x00, 0x1f, 0xff, 0xc3, 0xff, 0xfe, 0x00, 0x1f, 0xff, 0xff, 0xff,
    0xfe, 0x00, 0x0f, 0xff, 0xff, 0xff, 0xfe, 0x00, 0x0f, 0xff, 0xff, 0xff, 0xfe, 0x00, 0x07, 0xff,
    0xff, 0xff, 0xfe, 0x00, 0x03, 0xff, 0xff, 0xff, 0xfe, 0x00, 0x03, 0xff, 0xff, 0xff, 0xfe, 0x00,
    0x01, 0xff, 0xff, 0xff, 0xfe, 0x00, 0x00, 0x7f, 0xff, 0xff, 0xfe, 0x00, 0x00, 0x3f, 0xfe, 0x7f,
    0xfe, 0x00, 0x00, 0x07, 0xf8, 0x7f, 0xfe, 0x00, 0x00, 0x00, 0x00, 0x7f, 0xfe, 0x00, 0x00, 0x00,
    0x00, 0x7f, 0xfe, 0x00, 0x00, 0x00, 0x00, 0x7f, 0xfe, 0x00, 0x00, 0x00, 0x00, 0x7f, 0xfe, 0x00,
    0x1f, 0xff, 0x00, 0x7f, 0xfe, 0x00, 0x1f, 0xff, 0x00, 0x7f, 0xfe, 0x00, 0x1f, 0xff, 0x00, 0x7f,
    0xfe, 0x00, 0x1f, 0xff, 0x00, 0x7f, 0xfe, 0x00, 0x1f, 0xff, 0x00, 0x7f, 0xfe, 0x00, 0x1f, 0xff,
    0x80, 0x7f, 0xfe, 0x00, 0x1f, 0xff, 0x80, 0xff, 0xfe, 0x00, 0x1f, 0xff, 0x80, 0xff, 0xfc, 0x00,
    0x1f, 0xff, 0xc1, 0xff, 0xfc, 0x00, 0x1f, 0xff, 0xff, 0xff, 0xfc, 0x00, 0x0f, 0xff, 0xff, 0xff,
    0xfc, 0x00, 0x0f, 0xff, 0xff, 0xff, 0xf8, 0x00, 0x07, 0xff, 0xff, 0xff, 0xf8, 0x00, 0x07, 0xff,
    0xff, 0xff, 0xf0, 0x00, 0x03, 0xff, 0xff, 0xff, 0xe0, 0x00, 0x01, 0xff, 0xff, 0xff, 0xe0, 0x00,
    0x00, 0xff, 0xff, 0xff, 0xc0, 0x00, 0x00, 0x7f, 0xff, 0xff, 0x00, 0x00, 0x00, 0x3f, 0xff, 0xfe,
    0x00, 0x00, 0x00, 0x0f, 0xff, 0xf8, 0x00, 0x00, 0x00, 0x01, 0xff, 0xc0, 0x00, 0x00, 0x00, 0x00,
    0x00, 0x00, 0x00, 0x00, 0x00, 0x00, 0x00, 0x00, 0x00, 0x00, 0x00, 0x00, 0x00, 0x00, 0x00, 0x00,
    0x00, 0x00, 0x00, 0x00, 0x00, 0x00, 0x00, 0x00, 0x00, 0x00, 0x00, 0x00, 0x00, 0x00, 0x00, 0x00,
    0x00, 0x00, 0x00, 0x00, 0x00, 0x00, 0x00, 0x00, 0x00, 0x00, 0x00, 0x00, 0x00, 0x00, 0x00, 0x00,
    0x00, 0x00, 0x00, 0x00, 0x00, 0x00, 0x00, 0x00, 0x00, 0x00, 0x00, 0x00, 0x00, 0x00, 0x00, 0x00,
    0x00, 0x00, 0x00, 0x00, 0x00, 0x00, 0x00, 0x00, 0x00, 0x00, 0x00, 0x00, 0x00, 0x00, 0x00, 0x00,
    0x00, 0x00, 0x00, 0x00, 0x00, 0x00, 0x00, 0x00, 0x00, 0x00, 0x00, 0x00, 0x00, 0x00, 0x00, 0x00,
    0x00, 0x00, 0x00, 0x00, 0x00, 0x00, 0x00, 0x00, 0x00, 0x00, 0x00, 0x00, 0x00, 0x00, 0x00, 0x00,
    0x00, 0x00, 0x00, 0x00, 0x00, 0x00, 0x00, 0x00, 0x00, 0x00, 0x00, 0x00, 0x00, 0x00, 0x00, 0x00,
    0x00, 0x00, 0x00, 0x00, 0x00, 0x00, 0x00, 0x00, 0x00, 0x00, 0x00, 0x00, 0x00, 0x00, 0x00, 0x00,
    0x00, 0x00, 0x00, 0x00, 0x00, 0x00, 0x00, 0x00, 0x00, 0x00, 0x00, 0x00, 0x00, 0x00, 0x00, 0x00,
    0x00, 0x00, 0x00, 0x00, 0x00, 0x00, 0x00, 0x00, 0x00, 0x00, 0x00, 0x00, 0x00, 0x00, 0x00, 0x00,
    0x00, 0x00, 0x00, 0x00, 0x00, 0x00, 0x00, 0x00, 0x00, 0x00, 0x00, 0x00, 0x00, 0x00, 0x00, 0x00,
    0x00, 0x00, 0x00, 0x00, 0x00, 0x00, 0x00, 0x00, 0x00, 0x00, 0x00, 0x00, 0x00, 0x00, 0x00, 0x00,
    0x00, 0x00, 0x00, 0x00, 0x00, 0x00, 0x00, 0x00, 0x00, 0x00, 0x00, 0x00, 0x00, 0x00, 0x00, 0x00,
    0x00, 0x00, 0x00, 0x00, 0x00, 0x00, 0x00, 0x00, 0x00, 0x00, 0x00, 0x00, 0x00, 0x00, 0x00, 0x00,
    0x00, 0x00, 0x00, 0x00, 0x00, 0x00, 0x00, 0x00, 0x00, 0x00, 0x00, 0x00, 0x00, 0x00, 0x00, 0x00,
    0x00, 0x00, 0x00, 0x00, 0x00, 0x00, 0x00, 0x00, 0x00, 0x00, 0x00, 0x00, 0x00, 0x00, 0x00, 0x00,
    0x00, 0x00, 0x00, 0x00, 0x00, 0x00, 0x00, 0x00, 0x00, 0x00, 0x00, 0x00, 0x00, 0x00, 0x00, 0x00,
    0x00, 0x00, 0x00, 0x00, 0x00, 0x00, 0x00, 0x00, 0x00, 0x00, 0x00, 0x00, 0x00, 0x00, 0x00, 0x00,
    0x00, 0x00, 0x00, 0x00, 0x00, 0x00, 0x00, 0x00, 0x00, 0x00, 0x00, 0x00, 0x00, 0x00, 0x00, 0x00,
    0x00, 0x00, 0x00, 0x00, 0x00, 0x00, 0x00, 0x00, 0x00, 0x00, 0x00, 0x00, 0x00, 0x00, 0x00, 0x00,
    0x00, 0x00, 0x00, 0x00, 0x00, 0x00, 0x00, 0x00, 0x00, 0x00, 0x00, 0x00, 0x00, 0x00, 0x00, 0x00,
    0x07, 0xff, 0x80, 0x07, 0xff, 0x80, 0x07, 0xff, 0x80, 0x07, 0xff, 0x80, 0x07, 0xff, 0x00, 0x0f,
    0xff, 0x00, 0x0f, 0xff, 0x00, 0x0f, 0xff, 0x00, 0x0f, 0xfe, 0x00, 0x0f, 0xfe, 0x00, 0x0f, 0xfe,
    0x00, 0x0f, 0xfe, 0x00, 0x0f, 0xfe, 0x00, 0x0f, 0xfc, 0x00, 0x0f, 0xfc, 0x00, 0x0f, 0xfc, 0x00,
    0x1f, 0xfc, 0x00, 0x1f, 0xf8, 0x00, 0x1f, 0xf8, 0x00, 0x1f, 0xf8, 0x00, 0x1f, 0xf8, 0x00, 0x1f,
    0xf8, 0x00, 0x1f, 0xf0, 0x00, 0x1f, 0xf0, 0x00, 0x1f, 0xf0, 0x00, 0x00, 0x00, 0x00, 0x00, 0x00,
    0x00, 0x00, 0x00, 0x00, 0x00, 0x00, 0x00, 0x00, 0x00, 0x00, 0x00, 0x00, 0x00, 0x00, 0x00, 0x00,
    0x00, 0x00, 0x00, 0x00, 0x00, 0x00, 0x00, 0x00, 0x00, 0x00, 0x00, 0x00, 0x00, 0x00, 0x00, 0x00,
    0x00, 0x00, 0x00, 0x00, 0x00, 0x00, 0x00, 0x00, 0x00, 0x00, 0x00, 0x00, 0x00, 0x00, 0x00, 0x00,
    0x00, 0x00, 0x00, 0x00, 0x00, 0x00, 0x00, 0x00, 0x00, 0x00, 0x00, 0x00, 0x00, 0x00, 0x00, 0x00,
    0x00, 0x00, 0x00, 0x00, 0x00, 0x00, 0x00, 0x00, 0x00, 0x00, 0x00, 0x00, 0x00, 0x00, 0x00, 0x00,
    0x00, 0x00, 0x00, 0x00, 0x00, 0x00, 0x00, 0x00, 0x00, 0x00, 0x00, 0x00, 0x00, 0x00, 0x00, 0x00,
    0x00, 0x00, 0x00, 0x00, 0x00, 0x00, 0x00, 0x00, 0x00, 0x00, 0x00, 0x00, 0x00, 0x00, 0x00, 0x00,
    0x00, 0x00, 0x00, 0x00, 0x00, 0x00, 0x00, 0x00, 0x00, 0x00, 0x00, 0x00, 0x00, 0x00, 0x00, 0x00,
    0x00, 0x00, 0x00, 0x00, 0x00, 0x00, 0x00, 0x00, 0x00, 0x00, 0x00, 0x00, 0x00, 0x00, 0x00, 0x00,
    0x00, 0x00, 0x00, 0x00, 0x00, 0x00, 0x00, 0x00, 0x00, 0x00, 0x00, 0x00, 0x00, 0x00, 0x00, 0x00,
    0x00, 0x00, 0x00, 0x00, 0x00, 0x00, 0x00, 0x00, 0x00, 0x00, 0x00, 0x00, 0x00, 0x00, 0x00, 0x00,
    0x00, 0x00, 0x00, 0x00, 0x00, 0x00, 0x00, 0x00, 0x00, 0x00, 0x00, 0x00, 0x00, 0x00, 0x00, 0x00,
    0x00, 0x00, 0x00, 0x00, 0x00, 0x00, 0x00, 0x00, 0x00, 0x00, 0x00, 0x00, 0x00, 0x00, 0x00, 0x00,
    0x00, 0x00, 0x00, 0x00, 0x00, 0x00, 0x00, 0x00, 0x00, 0x00, 0x00, 0x00, 0x00, 0x00, 0x00, 0x00,
    0x00, 0x00, 0x00, 0x00, 0x00, 0x00, 0x00, 0x00, 0x00, 0x00, 0x00, 0x00, 0x00, 0x00, 0x00, 0x00,
    0x00, 0x00, 0x00, 0x00, 0x00, 0x00, 0x00, 0x00, 0x00, 0x00, 0x00, 0x00, 0x00, 0x00, 0x00, 0x00,
    0x00, 0x00, 0x00, 0x00, 0x00, 0x00, 0x00, 0x00, 0x00, 0x00, 0x00, 0x00, 0x00, 0x00, 0x00, 0x00,
    0xfc, 0x00, 0x03, 0xff, 0x00, 0x07, 0xff, 0x80, 0x0f, 0xff, 0x80, 0x0f, 0xff, 0xc0, 0x1f, 0xff,
    0xc0, 0x1f, 0xff, 0xc0, 0x1f, 0xff, 0xc0, 0x1f, 0xff, 0xc0, 0x1f, 0xff, 0xc0, 0x0f, 0xff, 0xc0,
    0x0f, 0xff, 0x80, 0x07, 0xff, 0x80, 0x03, 0xfe, 0x00, 0x00, 0xfc, 0x00, 0x00, 0x00, 0x00, 0x00,
    0x00, 0x00, 0x00, 0x00, 0x00, 0x00, 0x00, 0x00, 0x00, 0x00, 0x00, 0x00, 0x00, 0x00, 0x00, 0x00,
    0x00, 0x00, 0x00, 0x00, 0x00, 0x00, 0x00, 0x00, 0x00, 0x00, 0x00, 0x00, 0x00, 0x00, 0x00, 0x00,
    0x00, 0x00, 0x00, 0x00, 0x00, 0x00, 0x00, 0x00, 0x00, 0x00, 0x00, 0x00, 0x00, 0x00, 0x00, 0x00,
    0x00, 0x00, 0x00, 0x00, 0x00, 0x00, 0x00, 0x00, 0x00, 0x00, 0x00, 0x00, 0x00, 0x00, 0x00, 0x00,
    0x00, 0x00, 0x00, 0x00, 0x00, 0x00, 0x00, 0x00, 0x00, 0x00, 0x00, 0x00, 0x00, 0x00, 0x00, 0x00,
    0x00, 0x00, 0x00, 0x00, 0x00, 0x00, 0x00, 0x00, 0x00, 0x00, 0x00, 0x00, 0x00, 0x00, 0x00, 0x00,
    0x00, 0x00, 0x00, 0x00, 0x00, 0x00, 0x00, 0x00, 0x00, 0x00, 0x00, 0x00, 0x00, 0x00, 0x00, 0x00,
    0x00, 0x00, 0x00, 0x00, 0x00, 0x00, 0x00, 0x00, 0x00, 0x00, 0x00, 0x00, 0x00, 0x00, 0x00, 0x00,
    0x00, 0x00, 0x00, 0x00, 0x00, 0x00, 0x00, 0x00, 0x00, 0x00, 0x00, 0x00, 0x00, 0x00, 0x00, 0x00,
    0x00, 0x00, 0x00, 0x00, 0x00, 0x00, 0x00, 0x00, 0x00, 0x00, 0x00, 0x00, 0x00, 0x00, 0x00, 0x00,
    0x00, 0x00, 0x00, 0x00, 0x00, 0x00, 0x00, 0x00, 0x00, 0x00, 0x00, 0x00, 0x00, 0x00, 0x00, 0x00,
    0x00, 0x00, 0x00, 0x00, 0x00, 0x00, 0x00, 0x00, 0x00, 0x00, 0x00, 0x00, 0x00, 0x00, 0x00, 0x00,
    0x00, 0x00, 0x00, 0x00, 0x00, 0x00, 0x00, 0x00, 0x00, 0x00, 0x00, 0x00, 0x00, 0x00, 0x00, 0x00,
    0x00, 0x00, 0x00, 0x00, 0x00, 0x00, 0x00, 0x00, 0x00, 0x00, 0x00, 0x00, 0x00, 0x00, 0x00, 0x00,
    0x00, 0x00, 0x00, 0x00, 0x00, 0x00, 0x00, 0x00, 0x00, 0x00, 0x00, 0x00, 0x00, 0x00, 0x00, 0x00,
    0x00, 0x00, 0x00, 0x00, 0x00, 0x00, 0x00, 0x00, 0x00, 0x00, 0x00, 0x00, 0x00, 0x00, 0x00, 0x00,
    0x00, 0x00, 0x00, 0x00, 0x00, 0x00, 0x00, 0x00, 0x00, 0x00, 0x00, 0x00, 0x00, 0x00, 0x00, 0x00,
    0x00, 0x00, 0x00, 0x00, 0x00, 0x00, 0x00, 0x00, 0x00, 0x00, 0x00, 0x00, 0x00, 0x00, 0x00, 0x00,
    0x00, 0x00, 0x00, 0x00, 0x00, 0x00, 0x00, 0x00, 0x00, 0x00, 0x00, 0x00, 0x1f, 0xff, 0xff, 0xf8,
    0x3f, 0xff, 0xff, 0xfc, 0x3f, 0xff, 0xff, 0xfc, 0x3f, 0xff, 0xff, 0xfc, 0x3f, 0xff, 0xff, 0xfc,
    0x3f, 0xff, 0xff, 0xfc, 0x3f, 0xff, 0xff, 0xfc, 0x3f, 0xff, 0xff, 0xfc, 0x3f, 0xff, 0xff, 0xfc,
    0x3f, 0xff, 0xff, 0xfc, 0x3f, 0xff, 0xff, 0xfc, 0x1f, 0xff, 0xff, 0xf8, 0x00, 0x00, 0x00, 0x00,
    0x00, 0x00, 0x00, 0x00, 0x00, 0x00, 0x00, 0x00, 0x00, 0x00, 0x00, 0x00, 0x00, 0x00, 0x00, 0x00,
    0x00, 0x00, 0x00, 0x00, 0x00, 0x00, 0x00, 0x00, 0x00, 0x00, 0x00, 0x00, 0x00, 0x00, 0x00, 0x00,
    0x00, 0x00, 0x00, 0x00, 0x00, 0x00, 0x00, 0x00, 0x00, 0x00, 0x00, 0x00, 0x00, 0x00, 0x00, 0x00,
    0x00, 0x00, 0x00, 0x00, 0x00, 0x00, 0x00, 0x00, 0x00, 0x00, 0x00, 0x00, 0x00, 0x00, 0x00, 0x00,
    0x00, 0x00, 0x00, 0x00, 0x00, 0x00, 0x00, 0x00, 0x00, 0x00, 0x00, 0x00, 0x00, 0x00, 0x00, 0x00,
    0x00, 0x00, 0x00, 0x00, 0x00, 0x00, 0x00, 0x00, 0x00, 0x00, 0x00, 0x00, 0x00, 0x00, 0x00, 0x00,
    0x00, 0x00, 0x00, 0x00, 0x00, 0x00, 0x00, 0x00, 0x00, 0x00, 0x00, 0x00, 0x00, 0x00, 0x00, 0x00,
    0x00, 0x00, 0x00, 0x00, 0x00, 0x00, 0x00, 0x00, 0x00, 0x00, 0x00, 0x00, 0x00, 0x00, 0x00, 0x00,
    0x00, 0x00, 0x00, 0x00, 0x00, 0x00, 0x00, 0x00, 0x00, 0x00, 0x00, 0x00, 0x00, 0x00, 0x00, 0x00,
    0x00, 0x00, 0x00, 0x00, 0x00, 0x00, 0x00, 0x00, 0x00, 0x00, 0x00, 0x00, 0x00, 0x00, 0x00, 0x00,
    0x00, 0x00, 0x00, 0x00, 0x00, 0x00, 0x00, 0x00, 0x00, 0x00, 0x00, 0x00, 0x00, 0x00, 0x00, 0x00,
    0x00, 0x00, 0x00, 0x00, 0x00, 0x00, 0x00, 0x00, 0x00, 0x00, 0x00, 0x00, 0x00, 0x00, 0x00, 0x00,
    0x00, 0x00, 0x00, 0x00, 0x00, 0x00, 0x00, 0x00, 0x00, 0x00, 0x00, 0x00, 0x00, 0x00, 0x00, 0x00,
    0x00, 0x00, 0x00, 0x00, 0x00, 0x00, 0x00, 0x00, 0x00, 0x00, 0x00, 0x00, 0x00, 0x00, 0x00, 0x00,
    0x00, 0x00, 0x00, 0x00, 0x00, 0x00, 0x00, 0x00, 0x00, 0x00, 0x00, 0x00, 0x00, 0x00, 0x00, 0x00,
    0x00, 0x00, 0x00, 0x00, 0x00, 0x00, 0x00, 0x00, 0x00, 0x00, 0x00, 0x00, 0x00, 0x00, 0x00, 0x00,
    0x00, 0x00, 0x00, 0x00, 0x00, 0x00, 0x00, 0x00, 0x07, 0xfc, 0x00, 0x00, 0x00, 0x3f, 0xff, 0x00,
    0x00, 0x00, 0xff, 0xff, 0xc0, 0x00, 0x01, 0xff, 0xff, 0xe0, 0x00, 0x03, 0xff, 0xff, 0xf0, 0x00,
    0x07, 0xff, 0xff, 0xf8, 0x00, 0x0f, 0xff, 0xff, 0xfc, 0x00, 0x0f, 0xff, 0xff, 0xfe, 0x00, 0x1f,
    0xff, 0xff, 0xfe, 0x00, 0x1f, 0xfe, 0x0f, 0xff, 0x00, 0x3f, 0xf8, 0x03, 0xff, 0x00, 0x3f, 0xf0,
    0x01, 0xff, 0x80, 0x3f, 0xe0, 0x01, 0xff, 0x80, 0x7f, 0xe0, 0x00, 0xff, 0x80, 0x7f, 0xc0, 0x00,
    0xff, 0x80, 0x7f, 0xc0, 0x00, 0xff, 0x80, 0x7f, 0xc0, 0x00, 0xff, 0x80, 0x7f, 0xc0, 0x00, 0xff,
    0x80, 0x7f, 0xe0, 0x00, 0xff, 0x80, 0x3f, 0xe0, 0x01, 0xff, 0x80, 0x3f, 0xf0, 0x01, 0xff, 0x80,
    0x3f, 0xf8, 0x03, 0xff, 0x00, 0x1f, 0xfe, 0x0f, 0xff, 0x00, 0x1f, 0xff, 0xff, 0xfe, 0x00, 0x0f,
    0xff, 0xff, 0xfe, 0x00, 0x0f, 0xff, 0xff, 0xfc, 0x00, 0x07, 0xff, 0xff, 0xf8, 0x00, 0x03, 0xff,
    0xff, 0xf0, 0x00, 0x01, 0xff, 0xff, 0xe0, 0x00, 0x00, 0x7f, 0xff, 0xc0, 0x00, 0x00, 0x3f, 0xff,
    0x00, 0x00, 0x00, 0x07, 0xf8, 0x00, 0x00, 0x00, 0x00, 0x00, 0x00, 0x00, 0x00, 0x00, 0x00, 0x00,
    0x00, 0x00, 0x00, 0x00, 0x00, 0x00, 0x00, 0x00, 0x00, 0x00, 0x00, 0x00, 0x00, 0x00, 0x00, 0x00,
    0x00, 0x00, 0x00, 0x00, 0x00, 0x00, 0x00, 0x00, 0x00, 0x00, 0x00, 0x00, 0x00, 0x00, 0x00, 0x00,
    0x00, 0x00, 0x00, 0x00, 0x00, 0x00, 0x00, 0x00, 0x00, 0x00, 0x00, 0x00, 0x00, 0x00, 0x00, 0x00,
    0x00, 0x00, 0x00, 0x00, 0x00, 0x00, 0x00, 0x00, 0x00, 0x00, 0x00, 0x00, 0x00, 0x00, 0x00, 0x00,
    0x00, 0x00, 0x00, 0x00, 0x00, 0x00, 0x00, 0x00, 0x00, 0x00, 0x00, 0x00, 0x00, 0x00, 0x00, 0x00,
    0x00, 0x00, 0x00, 0x00, 0x00, 0x00, 0x00, 0x00, 0x00, 0x00, 0x00, 0x00, 0x00, 0x00, 0x00, 0x00,
    0x00, 0x00, 0x00, 0x00, 0x00, 0x00, 0x00, 0x00, 0x00, 0x00, 0x00, 0x00, 0x00, 0x00, 0x00, 0x00,
    0x00, 0x00, 0x00, 0x00, 0x00, 0x00, 0x00, 0x00, 0x00, 0x00, 0x00, 0x00, 0x00, 0x00, 0x00, 0x00,
    0x00, 0x00, 0x00, 0x00, 0x00, 0x00, 0x00, 0x00, 0x00, 0x00, 0x00, 0x00, 0x00, 0x00, 0x00, 0x00,
    0x00, 0x00, 0x00, 0x00, 0x00, 0x00, 0x00, 0x00, 0x00, 0x00, 0x00, 0x00, 0x00, 0x00, 0x00, 0x00,
    0x00, 0x00, 0x00, 0x00, 0x00, 0x00, 0x00, 0x00, 0x00, 0x00, 0x00, 0x00, 0x00, 0x00, 0x00, 0x00,
    0x00, 0x00, 0x00, 0x00, 0x00, 0x00, 0x00, 0x00, 0x00, 0x00, 0x00, 0x00, 0x00, 0x00, 0x00, 0x00,
    0x00, 0x00, 0x00, 0x00, 0x00, 0x00, 0x00, 0x00, 0x00, 0x00, 0x00, 0x00, 0x00, 0x00, 0x00, 0x00,
    0x00, 0x00, 0x00, 0x00, 0x00, 0x00, 0x00, 0x00, 0x00, 0x00, 0x00, 0x00, 0x00, 0x00, 0x00, 0x00,
    0x00, 0x00, 0x00, 0x00, 0x00, 0x00, 0x00, 0x00, 0x00, 0x00, 0x00, 0x00, 0x00, 0x00, 0x00, 0x00,
    0x00, 0x00, 0x00, 0x00, 0x00, 0x00, 0x00, 0x00, 0x00, 0x00, 0x00, 0x00, 0x00, 0x00, 0x00, 0x00,
    0x00, 0x00, 0x00, 0x00, 0x00, 0x00, 0x00, 0x00, 0x00, 0x00, 0x00, 0x00, 0x00, 0x00, 0x00, 0x00,
    0x00, 0x00, 0x00, 0x00, 0x00, 0x00, 0x00, 0x00, 0x00, 0x00, 0x00, 0x00, 0x00, 0x00, 0x00, 0x00,
    0x00, 0x00, 0x00, 0x00, 0x00, 0x00, 0x00, 0x00, 0x00, 0x00, 0x00, 0x00, 0x00, 0x00, 0x00, 0x00,
    0x00, 0x00, 0x00, 0x00, 0x00, 0x00, 0x00, 0x00, 0x00, 0x00, 0x00, 0x00,
};
static const ui_glyph_t font_mid_glyphs[] = {
    {0x0020, 19, 19, 0, 0},
    {0x0030, 43, 43, 0, 348},
    {0x0031, 27, 27, 0, 1044},
    {0x0032, 42, 42, 0, 1508},
    {0x0033, 42, 42, 0, 2204},
    {0x0034, 46, 46, 0, 2900},
    {0x0035, 42, 42, 0, 3596},
    {0x0036, 42, 42, 0, 4292},
    {0x0037, 39, 39, 0, 4988},
    {0x0038, 42, 42, 0, 5568},
    {0x0039, 42, 42, 0, 6264},
    {0x002c, 20, 20, 0, 6960},
    {0x002e, 21, 21, 0, 7308},
    {0x002d, 32, 32, 0, 7656},
    {0x00b0, 34, 34, 0, 8120},
};
const ui_font_t font_mid = {116, 96, 28, 15, font_mid_glyphs, font_mid_bits};

static const uint8_t font_big_bits[] = {
    0x00, 0x00, 0x00, 0x00, 0x00, 0x00, 0x00, 0x00, 0x00, 0x00, 0x00, 0x00, 0x00, 0x00, 0x00, 0x00,
    0x00, 0x00, 0x00, 0x00, 0x00, 0x00, 0x00, 0x00, 0x00, 0x00, 0x00, 0x00, 0x00, 0x00, 0x00, 0x00,
    0x00, 0x00, 0x00, 0x00, 0x00, 0x00, 0x00, 0x00, 0x00, 0x00, 0x00, 0x00, 0x00, 0x00, 0x00, 0x00,
    0x00, 0x00, 0x00, 0x00, 0x00, 0x00, 0x00, 0x00, 0x00, 0x00, 0x00, 0x00, 0x00, 0x00, 0x00, 0x00,
    0x00, 0x00, 0x00, 0x00, 0x00, 0x00, 0x00, 0x00, 0x00, 0x00, 0x00, 0x00, 0x00, 0x00, 0x00, 0x00,
    0x00, 0x00, 0x00, 0x00, 0x00, 0x00, 0x00, 0x00, 0x00, 0x00, 0x00, 0x00, 0x00, 0x00, 0x00, 0x00,
    0x00, 0x00, 0x00, 0x00, 0x00, 0x00, 0x00, 0x00, 0x00, 0x00, 0x00, 0x00, 0x00, 0x00, 0x00, 0x00,
    0x00, 0x00, 0x00, 0x00, 0x00, 0x00, 0x00, 0x00, 0x00, 0x00, 0x00, 0x00, 0x00, 0x00, 0x00, 0x00,
    0x00, 0x00, 0x00, 0x00, 0x00, 0x00, 0x00, 0x00, 0x00, 0x00, 0x00, 0x00, 0x00, 0x00, 0x00, 0x00,
    0x00, 0x00, 0x00, 0x00, 0x00, 0x00, 0x00, 0x00, 0x00, 0x00, 0x00, 0x00, 0x00, 0x00, 0x00, 0x00,
    0x00, 0x00, 0x00, 0x00, 0x00, 0x00, 0x00, 0x00, 0x00, 0x00, 0x00, 0x00, 0x00, 0x00, 0x00, 0x00,
    0x00, 0x00, 0x00, 0x00, 0x00, 0x00, 0x00, 0x00, 0x00, 0x00, 0x00, 0x00, 0x00, 0x00, 0x00, 0x00,
    0x00, 0x00, 0x00, 0x00, 0x00, 0x00, 0x00, 0x00, 0x00, 0x00, 0x00, 0x00, 0x00, 0x00, 0x00, 0x00,
    0x00, 0x00, 0x00, 0x00, 0x00, 0x00, 0x00, 0x00, 0x00, 0x00, 0x00, 0x00, 0x00, 0x00, 0x00, 0x00,
    0x00, 0x00, 0x00, 0x00, 0x00, 0x00, 0x00, 0x00, 0x00, 0x00, 0x00, 0x00, 0x00, 0x00, 0x00, 0x00,
    0x00, 0x00, 0x00, 0x00, 0x00, 0x00, 0x00, 0x00, 0x00, 0x00, 0x00, 0x00, 0x00, 0x00, 0x00, 0x00,
    0x00, 0x00, 0x00, 0x00, 0x00, 0x00, 0x00, 0x00, 0x00, 0x00, 0x00, 0x00, 0x00, 0x00, 0x00, 0x00,
    0x00, 0x00, 0x00, 0x00, 0x00, 0x00, 0x00, 0x00, 0x00, 0x00, 0x00, 0x00, 0x00, 0x00, 0x00, 0x00,
    0x00, 0x00, 0x00, 0x00, 0x00, 0x00, 0x00, 0x00, 0x00, 0x00, 0x00, 0x00, 0x00, 0x00, 0x00, 0x00,
    0x00, 0x00, 0x00, 0x00, 0x00, 0x00, 0x00, 0x00, 0x00, 0x00, 0x00, 0x00, 0x00, 0x00, 0x00, 0x00,
    0x00, 0x00, 0x00, 0x00, 0x00, 0x00, 0x00, 0x00, 0x00, 0x00, 0x00, 0x00, 0x00, 0x00, 0x00, 0x00,
    0x00, 0x00, 0x00, 0x00, 0x00, 0x00, 0x00, 0x00, 0x00, 0x00, 0x00, 0x00, 0x00, 0x00, 0x00, 0x00,
    0x00, 0x00, 0x00, 0x00, 0x00, 0x00, 0x00, 0x00, 0x00, 0x00, 0x00, 0x00, 0x00, 0x00, 0x00, 0x00,
    0x00, 0x00, 0x00, 0x00, 0x00, 0x00, 0x00, 0x00, 0x00, 0x00, 0x00, 0x00, 0x00, 0x00, 0x00, 0x00,
    0x00, 0x00, 0x00, 0x00, 0x00, 0x00, 0x00, 0x00, 0x00, 0x00, 0x00, 0x00, 0x00, 0x00, 0x00, 0x00,
    0x00, 0x00, 0x00, 0x00, 0x00, 0x00, 0x00, 0x00, 0x00, 0x00, 0x00, 0x00, 0x00, 0x00, 0x00, 0x00,
    0x00, 0x00, 0x00, 0x00, 0x00, 0x00, 0x00, 0x00, 0x00, 0x00, 0x00, 0x00, 0x00, 0x00, 0x00, 0x00,
    0x00, 0x00, 0x00, 0x00, 0x00, 0x00, 0x00, 0x00, 0x00, 0x00, 0x00, 0x00, 0x00, 0x00, 0x00, 0x00,
    0x00, 0x00, 0x00, 0x00, 0x00, 0x00, 0x00, 0x00, 0x00, 0x00, 0x00, 0x00, 0x00, 0x00, 0x00, 0x00,
    0x00, 0x00, 0x00, 0x00, 0x00, 0x00, 0x00, 0x00, 0x00, 0x00, 0x00, 0x00, 0x00, 0x00, 0x00, 0x00,
    0x00, 0x00, 0x00, 0x00, 0x00, 0x00, 0x00, 0x00, 0x00, 0x00, 0x00, 0x00, 0x00, 0x00, 0x00, 0x00,
    0x00, 0x00, 0x00, 0x00, 0x00, 0x00, 0x00, 0x00, 0x00, 0x00, 0x00, 0x00, 0x00, 0x00, 0x00, 0x00,
    0x00, 0x00, 0x00, 0x00, 0x00, 0x00, 0x00, 0x00, 0x00, 0x00, 0x00, 0x00, 0x00, 0x00, 0x00, 0x00,
    0x00, 0x00, 0x00, 0x00, 0x00, 0x00, 0x00, 0x00, 0x00, 0x00, 0x00, 0x00, 0x00, 0x00, 0x00, 0x00,
    0x00, 0x00, 0x00, 0x00, 0x00, 0x00, 0x00, 0x00, 0x00, 0x00, 0x00, 0x00, 0x00, 0x00, 0x00, 0x00,
    0x00, 0x00, 0x00, 0x00, 0x00, 0x00, 0x00, 0x00, 0x00, 0x00, 0x00, 0x00, 0x00, 0x00, 0x00, 0x00,
    0x00, 0x00, 0x00, 0x00, 0x00, 0x00, 0x00, 0x00, 0x00, 0x00, 0x00, 0x00, 0x00, 0x00, 0x00, 0x00,
    0x00, 0x00, 0x00, 0x00, 0x00, 0x00, 0x00, 0x00, 0x00, 0x00, 0x00, 0x00, 0x00, 0x00, 0x00, 0x00,
    0x00, 0x00, 0x00, 0x00, 0x00, 0x00, 0x00, 0x00, 0x00, 0x00, 0x00, 0x00, 0x00, 0x00, 0x00, 0x00,
    0x00, 0x00, 0x00, 0x00, 0x00, 0x00, 0x00, 0x00, 0x00, 0x00, 0x00, 0x00, 0x00, 0x00, 0x00, 0x00,
    0x00, 0x00, 0x00, 0x00, 0x00, 0x00, 0x00, 0x00, 0x00, 0x00, 0x00, 0x00, 0x00, 0x00, 0x00, 0x00,
    0x00, 0x00, 0x00, 0x00, 0x00, 0x00, 0x00, 0x00, 0x00, 0x00, 0x00, 0x00, 0x00, 0x00, 0x00, 0x00,
    0x00, 0x00, 0x00, 0x00, 0x00, 0x00, 0x00, 0x00, 0x00, 0x00, 0x00, 0x00, 0x00, 0x00, 0x00, 0x00,
    0x00, 0x00, 0x00, 0x00, 0x00, 0x00, 0x00, 0x00, 0x00, 0x00, 0x00, 0x00, 0x00, 0x00, 0x00, 0x00,
    0x00, 0x00, 0x00, 0x00, 0x00, 0x00, 0x00, 0x00, 0x00, 0x00, 0x00, 0x00, 0x00, 0x00, 0x00, 0x00,
    0x00, 0x00, 0x00, 0x00, 0x00, 0x00, 0x00, 0x00, 0x00, 0x00, 0x00, 0x00, 0x00, 0x00, 0x00, 0x00,
    0x00, 0x00, 0x00, 0x00, 0x00, 0x00, 0x00, 0x00, 0x00, 0x00, 0x00, 0x00, 0x00, 0x00, 0x00, 0x00,
    0x00, 0x00, 0x00, 0x00, 0x00, 0x00, 0x00, 0x00, 0x00, 0x00, 0x00, 0x00, 0x00, 0x00, 0x00, 0x00,
    0x00, 0x00, 0x00, 0x00, 0x00, 0x00, 0x00, 0x00, 0x00, 0x00, 0x00, 0x00, 0x00, 0x00, 0x00, 0x00,
    0x00, 0x00, 0x00, 0x00, 0x00, 0x00, 0x00, 0x00, 0x00, 0x00, 0x00, 0x00, 0x00, 0x00, 0x00, 0x00,
    0x00, 0x00, 0x00, 0x00, 0x00, 0x00, 0x00, 0x00, 0x00, 0x00, 0x00, 0x00, 0x00, 0x00, 0x00, 0x00,
    0x00, 0x00, 0x00, 0x00, 0x00, 0x00, 0x00, 0x00, 0x00, 0x00, 0x00, 0x00, 0x00, 0x00, 0x00, 0x00,
    0x00, 0x00, 0x00, 0x00, 0x00, 0x00, 0x00, 0x00, 0x00, 0x00, 0x00, 0x00, 0x00, 0x00, 0x00, 0x00,
    0x00, 0x00, 0x00, 0x00, 0x00, 0x00, 0x00, 0x00, 0x00, 0x00, 0x00, 0x00, 0x00, 0x00, 0x00, 0x00,
    0x00, 0x00, 0x00, 0x00, 0x00, 0x00, 0x00, 0x00, 0x00, 0x00, 0x00, 0x00, 0x00, 0x00, 0x00, 0x00,
    0x00, 0x00, 0x00, 0x00, 0x00, 0x00, 0x00, 0x00, 0x00, 0x00, 0x00, 0x00, 0x00, 0x00, 0x00, 0x00,
    0x00, 0x00, 0x00, 0x00, 0x00, 0x00, 0x00, 0x00, 0x00, 0x00, 0x00, 0x00, 0x00, 0x00, 0x00, 0x00,
    0x00, 0x00, 0x00, 0x00, 0x00, 0x00, 0x00, 0x00, 0x00, 0x00, 0x00, 0x00, 0x00, 0x00, 0x00, 0x00,
    0x00, 0x00, 0x00, 0x00, 0x00, 0x00, 0x00, 0x00, 0x00, 0x00, 0x00, 0x00, 0x00, 0x00, 0x00, 0x00,
    0x00, 0x00, 0x00, 0x00, 0x00, 0x00, 0x00, 0x00, 0x00, 0x00, 0x00, 0x00, 0x00, 0x00, 0x00, 0x00,
    0x00, 0x00, 0x00, 0x00, 0x00, 0x00, 0x00, 0x00, 0x00, 0x00, 0x00, 0x00, 0x00, 0x00, 0x00, 0x00,
    0x00, 0x00, 0x00, 0x7f, 0xf8, 0x00, 0x00, 0x00, 0x00, 0x00, 0x07, 0xff, 0xff, 0x80, 0x00, 0x00,
    0x00, 0x00, 0x3f, 0xff, 0xff, 0xe0, 0x00, 0x00, 0x00, 0x00, 0xff, 0xff, 0xff, 0xf8, 0x00, 0x00,
    0x00, 0x01, 0xff, 0xff, 0xff, 0xfe, 0x00, 0x00, 0x00, 0x03, 0xff, 0xff, 0xff, 0xff, 0x00, 0x00,
    0x00, 0x0f, 0xff, 0xff, 0xff, 0xff, 0x80, 0x00, 0x00, 0x1f, 0xff, 0xff, 0xff, 0xff, 0xc0, 0x00,
    0x00, 0x3f, 0xff, 0xff, 0xff, 0xff, 0xe0, 0x00, 0x00, 0x3f, 0xff, 0xff, 0xff, 0xff, 0xf0, 0x00,
    0x00, 0x7f, 0xff, 0xff, 0xff, 0xff, 0xf8, 0x00, 0x00, 0xff, 0xff, 0xff, 0xff, 0xff, 0xf8, 0x00,
    0x00, 0xff, 0xff, 0xff, 0xff, 0xff, 0xfc, 0x00, 0x01, 0xff, 0xff, 0xff, 0xff, 0xff, 0xfe, 0x00,
    0x01, 0xff, 0xff, 0xff, 0xff, 0xff, 0xfe, 0x00, 0x03, 0xff, 0xff, 0xff, 0xff, 0xff, 0xfe, 0x00,
    0x03, 0xff, 0xff, 0xff, 0xff, 0xff, 0xff, 0x00, 0x07, 0xff, 0xff, 0xe0, 0x3f, 0xff, 0xff, 0x00,
    0x07, 0xff, 0xff, 0xc0, 0x0f, 0xff, 0xff, 0x00, 0x07, 0xff, 0xff, 0x80, 0x0f, 0xff, 0xff, 0x80,
    0x07, 0xff, 0xff, 0x80, 0x07, 0xff, 0xff, 0x80, 0x0f, 0xff, 0xff, 0x00, 0x07, 0xff, 0xff, 0x80,
    0x0f, 0xff, 0xff, 0x00, 0x03, 0xff, 0xff, 0x80, 0x0f, 0xff, 0xff, 0x00, 0x03, 0xff, 0xff, 0x80,
    0x0f, 0xff, 0xfe, 0x00, 0x03, 0xff, 0xff, 0x80, 0x0f, 0xff, 0xfe, 0x00, 0x03, 0xff, 0xff, 0xc0,
    0x0f, 0xff, 0xfe, 0x00, 0x03, 0xff, 0xff, 0xc0, 0x0f, 0xff, 0xfe, 0x00, 0x03, 0xff, 0xff, 0xc0,
    0x0f, 0xff, 0xfe, 0x00, 0x03, 0xff, 0xff, 0xc0, 0x0f, 0xff, 0xfe, 0x00, 0x03, 0xff, 0xff, 0xc0,
    0x0f, 0xff, 0xfe, 0x00, 0x03, 0xff, 0xff, 0xc0, 0x0f, 0xff, 0xfe, 0x00, 0x03, 0xff, 0xff, 0xc0,
    0x0f, 0xff, 0xfe, 0x00, 0x03, 0xff, 0xff, 0xc0, 0x0f, 0xff, 0xfe, 0x00, 0x03, 0xff, 0xff, 0xc0,
    0x0f, 0xff, 0xfe, 0x00, 0x03, 0xff, 0xff, 0xc0, 0x0f, 0xff, 0xfe, 0x00, 0x03, 0xff, 0xff, 0xc0,
    0x0f, 0xff, 0xfe, 0x00, 0x03, 0xff, 0xff, 0xc0, 0x0f, 0xff, 0xfe, 0x00, 0x03, 0xff, 0xff, 0xc0,
    0x0f, 0xff, 0xfe, 0x00, 0x03, 0xff, 0xff, 0xc0, 0x0f, 0xff, 0xfe, 0x00, 0x03, 0xff, 0xff, 0xc0,
    0x0f, 0xff, 0xfe, 0x00, 0x03, 0xff, 0xff, 0xc0, 0x0f, 0xff, 0xfe, 0x00, 0x03, 0xff, 0xff, 0xc0,
    0x0f, 0xff, 0xfe, 0x00, 0x03, 0xff, 0xff, 0xc0, 0x0f, 0xff, 0xfe, 0x00, 0x03, 0xff, 0xff, 0xc0,
    0x0f, 0xff, 0xfe, 0x00, 0x03, 0xff, 0xff, 0xc0, 0x0f, 0xff, 0xfe, 0x00, 0x03, 0xff, 0xff, 0xc0,
    0x0f, 0xff, 0xfe, 0x00, 0x03, 0xff, 0xff, 0xc0, 0x0f, 0xff, 0xfe, 0x00, 0x03, 0xff, 0xff, 0xc0,
    0x0f, 0xff, 0xfe, 0x00, 0x03, 0xff, 0xff, 0xc0, 0x0f, 0xff, 0xfe, 0x00, 0x03, 0xff, 0xff, 0xc0,
    0x0f, 0xff, 0xfe, 0x00, 0x03, 0xff, 0xff, 0xc0, 0x0f, 0xff, 0xfe, 0x00, 0x03, 0xff, 0xff, 0xc0,
    0x0f, 0xff, 0xfe, 0x00, 0x03, 0xff, 0xff, 0xc0, 0x0f, 0xff, 0xfe, 0x00, 0x03, 0xff, 0xff, 0xc0,
    0x0f, 0xff, 0xfe, 0x00, 0x03, 0xff, 0xff, 0xc0, 0x0f, 0xff, 0xfe, 0x00, 0x03, 0xff, 0xff, 0xc0,
    0x0f, 0xff, 0xfe, 0x00, 0x03, 0xff, 0xff, 0xc0, 0x0f, 0xff, 0xfe, 0x00, 0x03, 0xff, 0xff, 0xc0,
    0x0f, 0xff, 0xfe, 0x00, 0x03, 0xff, 0xff, 0xc0, 0x0f, 0xff, 0xfe, 0x00, 0x03, 0xff, 0xff, 0xc0,
    0x0f, 0xff, 0xfe, 0x00, 0x03, 0xff, 0xff, 0xc0, 0x0f, 0xff, 0xfe, 0x00, 0x03, 0xff, 0xff, 0xc0,
    0x0f, 0xff, 0xfe, 0x00, 0x03, 0xff, 0xff, 0xc0, 0x0f, 0xff, 0xfe, 0x00, 0x03, 0xff, 0xff, 0xc0,
    0x0f, 0xff, 0xfe, 0x00, 0x03, 0xff, 0xff, 0xc0, 0x0f, 0xff, 0xfe, 0x00, 0x03, 0xff, 0xff, 0xc0,
    0x0f, 0xff, 0xfe, 0x00, 0x03, 0xff, 0xff, 0xc0, 0x0f, 0xff, 0xfe, 0x00, 0x03, 0xff, 0xff, 0xc0,
    0x0f, 0xff, 0xfe, 0x00, 0x03, 0xff, 0xff, 0xc0, 0x0f, 0xff, 0xfe, 0x00, 0x03, 0xff, 0xff, 0xc0,
    0x0f, 0xff, 0xfe, 0x00, 0x03, 0xff, 0xff, 0xc0, 0x0f, 0xff, 0xfe, 0x00, 0x03, 0xff, 0xff, 0xc0,
    0x0f, 0xff, 0xfe, 0x00, 0x03, 0xff, 0xff, 0x80, 0x0f, 0xff, 0xff, 0x00, 0x03, 0xff, 0xff, 0x80,
    0x0f, 0xff, 0xff, 0x00, 0x03, 0xff, 0xff, 0x80, 0x0f, 0xff, 0xff, 0x00, 0x07, 0xff, 0xff, 0x80,
    0x07, 0xff, 0xff, 0x80, 0x07, 0xff, 0xff, 0x80, 0x07, 0xff, 0xff, 0x80, 0x0f, 0xff, 0xff, 0x80,
    0x07, 0xff, 0xff, 0xc0, 0x0f, 0xff, 0xff, 0x00, 0x07, 0xff, 0xff, 0xe0, 0x3f, 0xff, 0xff, 0x00,
    0x03, 0xff, 0xff, 0xff, 0xff, 0xff, 0xff, 0x00, 0x03, 0xff, 0xff, 0xff, 0xff, 0xff, 0xfe, 0x00,
    0x01, 0xff, 0xff, 0xff, 0xff, 0xff, 0xfe, 0x00, 0x01, 0xff, 0xff, 0xff, 0xff, 0xff, 0xfe, 0x00,
    0x00, 0xff, 0xff, 0xff, 0xff, 0xff, 0xfc, 0x00, 0x00, 0xff, 0xff, 0xff, 0xff, 0xff, 0xf8, 0x00,
    0x00, 0x7f, 0xff, 0xff, 0xff, 0xff, 0xf8, 0x00, 0x00, 0x3f, 0xff, 0xff, 0xff, 0xff, 0xf0, 0x00,
    0x00, 0x3f, 0xff, 0xff, 0xff, 0xff, 0xe0, 0x00, 0x00, 0x1f, 0xff, 0xff, 0xff, 0xff, 0xc0, 0x00,
    0x00, 0x0f, 0xff, 0xff, 0xff, 0xff, 0x80, 0x00, 0x00, 0x03, 0xff, 0xff, 0xff, 0xff, 0x00, 0x00,
    0x00, 0x01, 0xff, 0xff, 0xff, 0xfe, 0x00, 0x00, 0x00, 0x00, 0xff, 0xff, 0xff, 0xf8, 0x00, 0x00,
    0x00, 0x00, 0x3f, 0xff, 0xff, 0xe0, 0x00, 0x00, 0x00, 0x00, 0x07, 0xff, 0xff, 0x80, 0x00, 0x00,
    0x00, 0x00, 0x00, 0x7f, 0xf8, 0x00, 0x00, 0x00, 0x00, 0x00, 0x00, 0x00, 0x00, 0x00, 0x00, 0x00,
    0x00, 0x00, 0x00, 0x00, 0x00, 0x00, 0x00, 0x00, 0x00, 0x00, 0x00, 0x00, 0x00, 0x00, 0x00, 0x00,
    0x00, 0x00, 0x00, 0x00, 0x00, 0x00, 0x00, 0x00, 0x00, 0x00, 0x00, 0x00, 0x00, 0x00, 0x00, 0x00,
    0x00, 0x00, 0x00, 0x00, 0x00, 0x00, 0x00, 0x00, 0x00, 0x00, 0x00, 0x00, 0x00, 0x00, 0x00, 0x00,
    0x00, 0x00, 0x00, 0x00, 0x00, 0x00, 0x00, 0x00, 0x00, 0x00, 0x00, 0x00, 0x00, 0x00, 0x00, 0x00,
    0x00, 0x00, 0x00, 0x00, 0x00, 0x00, 0x00, 0x00, 0x00, 0x00, 0x00, 0x00, 0x00, 0x00, 0x00, 0x00,
    0x00, 0x00, 0x00, 0x00, 0x00, 0x00, 0x00, 0x00, 0x00, 0x00, 0x00, 0x00, 0x00, 0x00, 0x00, 0x00,
    0x00, 0x00, 0x00, 0x00, 0x00, 0x00, 0x00, 0x00, 0x00, 0x00, 0x00, 0x00, 0x00, 0x00, 0x00, 0x00,
    0x00, 0x00, 0x00, 0x00, 0x00, 0x00, 0x00, 0x00, 0x00, 0x00, 0x00, 0x00, 0x00, 0x00, 0x00, 0x00,
    0x00, 0x00, 0x00, 0x00, 0x00, 0x00, 0x00, 0x00, 0x00, 0x00, 0x00, 0x00, 0x00, 0x00, 0x00, 0x00,
    0x00, 0x00, 0x00, 0x00, 0x00, 0x00, 0x00, 0x00, 0x00, 0x00, 0x00, 0x00, 0x00, 0x00, 0x00, 0x00,
    0x00, 0x00, 0x00, 0x00, 0x00, 0x00, 0x00, 0x00, 0x00, 0x00, 0x00, 0x00, 0x00, 0x00, 0x00, 0x00,
    0x00, 0x00, 0x00, 0x00, 0x00, 0x00, 0x00, 0x00, 0x00, 0x00, 0x00, 0x00, 0x00, 0x00, 0x00, 0x00,
    0x00, 0x00, 0x00, 0x00, 0x00, 0x00, 0x00, 0x00, 0x00, 0x00, 0x00, 0x00, 0x00, 0x00, 0x00, 0x00,
    0x00, 0x00, 0x00, 0x00, 0x00, 0x00, 0x00, 0x00, 0x00, 0x00, 0x00, 0x00, 0x00, 0x00, 0x00, 0x00,
    0x00, 0x00, 0x00, 0x00, 0x00, 0x00, 0x00, 0x00, 0x00, 0x00, 0x00, 0x00, 0x00, 0x00, 0x00, 0x00,
    0x00, 0x00, 0x00, 0x00, 0x00, 0x00, 0x00, 0x00, 0x00, 0x00, 0x00, 0x00, 0x00, 0x00, 0x00, 0x00,
    0x00, 0x00, 0x00, 0x00, 0x00, 0x00, 0x00, 0x00, 0x00, 0x00, 0x00, 0x00, 0x00, 0x00, 0x00, 0x00,
    0x00, 0x00, 0x00, 0x00, 0x00, 0x00, 0x00, 0x00, 0x00, 0x00, 0x00, 0x00, 0x00, 0x00, 0x00, 0x00,
    0x00, 0x00, 0x00, 0x00, 0x00, 0x00, 0x00, 0x00, 0x00, 0x00, 0x00, 0x00, 0x00, 0x00, 0x00, 0x00,
    0x00, 0x00, 0x00, 0x00, 0x00, 0x00, 0x00, 0x00, 0x00, 0x00, 0x00, 0x00, 0x00, 0x00, 0x00, 0x00,
    0x00, 0x00, 0x00, 0x00, 0x00, 0x00, 0x00, 0x00, 0x00, 0x00, 0x00, 0x00, 0x00, 0x00, 0x00, 0x00,
    0x00, 0x00, 0x00, 0x00, 0x00, 0x00, 0x00, 0x00, 0x00, 0x00, 0x00, 0x00, 0x00, 0x00, 0x00, 0x00,
    0x00, 0x00, 0x00, 0x00, 0x00, 0x00, 0x00, 0x00, 0x00, 0x00, 0x00, 0x00, 0x00, 0x00, 0x00, 0x00,
    0x00, 0x00, 0x00, 0x00, 0x00, 0x00, 0x00, 0x00, 0x00, 0x00, 0x00, 0x00, 0x00, 0x00, 0x00, 0x00,
    0x00, 0x00, 0x00, 0x00, 0x00, 0x00, 0x00, 0x00, 0x00, 0x00, 0x00, 0x00, 0x00, 0x00, 0x00, 0x00,
    0x00, 0x00, 0x00, 0x00, 0x00, 0x00, 0x00, 0x00, 0x00, 0x00, 0x00, 0x00, 0x00, 0x00, 0x07, 0xff,
    0xff, 0x80, 0x00, 0x1f, 0xff, 0xff, 0xc0, 0x00, 0xff, 0xff, 0xff, 0xc0, 0x03, 0xff, 0xff, 0xff,
    0xc0, 0x1f, 0xff, 0xff, 0xff, 0xc0, 0x3f, 0xff, 0xff, 0xff, 0xc0, 0x7f, 0xff, 0xff, 0xff, 0xc0,
    0x7f, 0xff, 0xff, 0xff, 0xc0, 0x7f, 0xff, 0xff, 0xff, 0xc0, 0x7f, 0xff, 0xff, 0xff, 0xc0, 0x7f,
    0xff, 0xff, 0xff, 0xc0, 0x7f, 0xff, 0xff, 0xff, 0xc0, 0x7f, 0xff, 0xff, 0xff, 0xc0, 0x7f, 0xff,
    0xff, 0xff, 0xc0, 0x7f, 0xff, 0xff, 0xff, 0xc0, 0x7f, 0xff, 0xff, 0xff, 0xc0, 0x7f, 0xff, 0xff,
    0xff, 0xc0, 0x3f, 0xff, 0xff, 0xff, 0xc0, 0x3f, 0xff, 0xff, 0xff, 0xc0, 0x3f, 0x03, 0xff, 0xff,
    0xc0, 0x00, 0x03, 0xff, 0xff, 0xc0, 0x00, 0x03, 0xff, 0xff, 0xc0, 0x00, 0x03, 0xff, 0xff, 0xc0,
    0x00, 0x03, 0xff, 0xff, 0xc0, 0x00, 0x03, 0xff, 0xff, 0xc0, 0x00, 0x03, 0xff, 0xff, 0xc0, 0x00,
    0x03, 0xff, 0xff, 0xc0, 0x00, 0x03, 0xff, 0xff, 0xc0, 0x00, 0x03, 0xff, 0xff, 0xc0, 0x00, 0x03,
    0xff, 0xff, 0xc0, 0x00, 0x03, 0xff, 0xff, 0xc0, 0x00, 0x03, 0xff, 0xff, 0xc0, 0x00, 0x03, 0xff,
    0xff, 0xc0, 0x00, 0x03, 0xff, 0xff, 0xc0, 0x00, 0x03, 0xff, 0xff, 0xc0, 0x00, 0x03, 0xff, 0xff,
    0xc0, 0x00, 0x03, 0xff, 0xff, 0xc0, 0x00, 0x03, 0xff, 0xff, 0xc0, 0x00, 0x03, 0xff, 0xff, 0xc0,
    0x00, 0x03, 0xff, 0xff, 0xc0, 0x00, 0x03, 0xff, 0xff, 0xc0, 0x00, 0x03, 0xff, 0xff, 0xc0, 0x00,
    0x03, 0xff, 0xff, 0xc0, 0x00, 0x03, 0xff, 0xff, 0xc0, 0x00, 0x03, 0xff, 0xff, 0xc0, 0x00, 0x03,
    0xff, 0xff, 0xc0, 0x00, 0x03, 0xff, 0xff, 0xc0, 0x00, 0x03, 0xff, 0xff, 0xc0, 0x00, 0x03, 0xff,
    0xff, 0xc0, 0x00, 0x03, 0xff, 0xff, 0xc0, 0x00, 0x03, 0xff, 0xff, 0xc0, 0x00, 0x03, 0xff, 0xff,
    0xc0, 0x00, 0x03, 0xff, 0xff, 0xc0, 0x00, 0x03, 0xff, 0xff, 0xc0, 0x00, 0x03, 0xff, 0xff, 0xc0,
    0x00, 0x03, 0xff, 0xff, 0xc0, 0x00, 0x03, 0xff, 0xff, 0xc0, 0x00, 0x03, 0xff, 0xff, 0xc0, 0x00,
    0x03, 0xff, 0xff, 0xc0, 0x00, 0x03, 0xff, 0xff, 0xc0, 0x00, 0x03, 0xff, 0xff, 0xc0, 0x00, 0x03,
    0xff, 0xff, 0xc0, 0x00, 0x03, 0xff, 0xff, 0xc0, 0x00, 0x03, 0xff, 0xff, 0xc0, 0x00, 0x03, 0xff,
    0xff, 0xc0, 0x00, 0x03, 0xff, 0xff, 0xc0, 0x00, 0x03, 0xff, 0xff, 0xc0, 0x00, 0x03, 0xff, 0xff,
    0xc0, 0x00, 0x03, 0xff, 0xff, 0xc0, 0x00, 0x03, 0xff, 0xff, 0xc0, 0x00, 0x03, 0xff, 0xff, 0xc0,
    0x00, 0x03, 0xff, 0xff, 0xc0, 0x00, 0x03, 0xff, 0xff, 0xc0, 0x00, 0x03, 0xff, 0xff, 0xc0, 0x00,
    0x03, 0xff, 0xff, 0xc0, 0x00, 0x03, 0xff, 0xff, 0xc0, 0x00, 0x03, 0xff, 0xff, 0xc0, 0x00, 0x03,
    0xff, 0xff, 0xc0, 0x00, 0x03, 0xff, 0xff, 0xc0, 0x00, 0x03, 0xff, 0xff, 0xc0, 0x00, 0x03, 0xff,
    0xff, 0xc0, 0x00, 0x03, 0xff, 0xff, 0xc0, 0x00, 0x03, 0xff, 0xff, 0xc0, 0x00, 0x03, 0xff, 0xff,
    0xc0, 0x00, 0x03, 0xff, 0xff, 0xc0, 0x00, 0x03, 0xff, 0xff, 0xc0, 0x00, 0x03, 0xff, 0xff, 0xc0,
    0x00, 0x03, 0xff, 0xff, 0xc0, 0x00, 0x03, 0xff, 0xff, 0xc0, 0x00, 0x03, 0xff, 0xff, 0xc0, 0x00,
    0x03, 0xff, 0xff, 0xc0, 0x00, 0x03, 0xff, 0xff, 0xc0, 0x00, 0x03, 0xff, 0xff, 0xc0, 0x00, 0x01,
    0xff, 0xff, 0xc0, 0x00, 0x01, 0xff, 0xff, 0x80, 0x00, 0x00, 0x00, 0x00, 0x00, 0x00, 0x00, 0x00,
    0x00, 0x00, 0x00, 0x00, 0x00, 0x00, 0x00, 0x00, 0x00, 0x00, 0x00, 0x00, 0x00, 0x00, 0x00, 0x00,
    0x00, 0x00, 0x00, 0x00, 0x00, 0x00, 0x00, 0x00, 0x00, 0x00, 0x00, 0x00, 0x00, 0x00, 0x00, 0x00,
    0x00, 0x00, 0x00, 0x00, 0x00, 0x00, 0x00, 0x00, 0x00, 0x00, 0x00, 0x00, 0x00, 0x00, 0x00, 0x00,
    0x00, 0x00, 0x00, 0x00, 0x00, 0x00, 0x00, 0x00, 0x00, 0x00, 0x00, 0x00, 0x00, 0x00, 0x00, 0x00,
    0x00, 0x00, 0x00, 0x00, 0x00, 0x00, 0x00, 0x00, 0x00, 0x00, 0x00, 0x00, 0x00, 0x00, 0x00, 0x00,
    0x00, 0x00, 0x00, 0x00, 0x00, 0x00, 0x00, 0x00, 0x00, 0x00, 0x00, 0x00, 0x00, 0x00, 0x00, 0x00,
    0x00, 0x00, 0x00, 0x00, 0x00, 0x00, 0x00, 0x00, 0x00, 0x00, 0x00, 0x00, 0x00, 0x00, 0x00, 0x00,
    0x00, 0x00, 0x00, 0x00, 0x00, 0x00, 0x00, 0x00, 0x00, 0x00, 0x00, 0x00, 0x00, 0x00, 0x00, 0x00,
    0x00, 0x00, 0x00, 0x00, 0x00, 0x00, 0x00, 0x00, 0x00, 0x00, 0x00, 0x00, 0x00, 0x00, 0x00, 0x00,
    0x00, 0x00, 0x00, 0x00, 0x00, 0x00, 0x00, 0x00, 0x00, 0x00, 0x00, 0x00, 0x00, 0x00, 0x00, 0x00,
    0x00, 0x00, 0x00, 0x00, 0x00, 0x00, 0x00, 0x00, 0x00, 0x00, 0x00, 0x00, 0x00, 0x00, 0x00, 0x00,
    0x00, 0x00, 0x00, 0x00, 0x00, 0x00, 0x00, 0x00, 0x00, 0x00, 0x00, 0x00, 0x00, 0x00, 0x00, 0x00,
    0x00, 0x00, 0x00, 0x00, 0x00, 0x00, 0x00, 0x00, 0x00, 0x00, 0x00, 0x00, 0x00, 0x00, 0x00, 0x00,
    0x00, 0x00, 0x00, 0x00, 0x00, 0x00, 0x00, 0x00, 0x00, 0x00, 0x00, 0x00, 0x00, 0x00, 0x00, 0x00,
    0x00, 0x00, 0x00, 0x00, 0x00, 0x00, 0x00, 0x00, 0x00, 0x00, 0x00, 0x00, 0x00, 0x00, 0x00, 0x00,
    0x00, 0x00, 0x00, 0x00, 0x00, 0x00, 0x00, 0x00, 0x00, 0x00, 0x00, 0x00, 0x00, 0x00, 0x00, 0x00,
    0x00, 0x00, 0x00, 0x00, 0x00, 0x00, 0x00, 0x00, 0x00, 0x00, 0x00, 0x00, 0x00, 0x00, 0x00, 0x00,
    0x00, 0x00, 0x00, 0x00, 0x00, 0x00, 0x00, 0x00, 0x00, 0x00, 0x00, 0x00, 0x00, 0x00, 0x00, 0x00,
    0x00, 0x00, 0x00, 0x00, 0x00, 0x00, 0x00, 0x00, 0x00, 0x00, 0x00, 0x00, 0x00, 0x00, 0x00, 0x00,
    0x00, 0x00, 0x00, 0x00, 0x00, 0x00, 0x00, 0x00, 0x00, 0x00, 0x00, 0x00, 0x00, 0x00, 0x00, 0x00,
    0x00, 0x00, 0x00, 0x00, 0x00, 0x00, 0x00, 0x00, 0x00, 0x00, 0x00, 0x00, 0x00, 0x00, 0x00, 0x00,
    0x00, 0x00, 0x00, 0x00, 0x00, 0x00, 0x00, 0x00, 0x00, 0x00, 0x00, 0x00, 0x00, 0x00, 0x00, 0x00,
    0x00, 0x00, 0x00, 0x00, 0x00, 0x00, 0x00, 0x00, 0x00, 0x00, 0x00, 0x00, 0x00, 0x00, 0x00, 0x00,
    0x00, 0x00, 0x00, 0x00, 0x00, 0x00, 0x00, 0x00, 0x00, 0x00, 0x00, 0x00, 0x00, 0x00, 0x00, 0x00,
    0x00, 0x00, 0x00, 0x00, 0x00, 0x00, 0x00, 0x00, 0x00, 0x00, 0x00, 0x00, 0x00, 0x00, 0x00, 0x00,
    0x00, 0x00, 0x00, 0x00, 0x00, 0x00, 0x00, 0x00, 0x00, 0x00, 0x00, 0x00, 0x00, 0x00, 0x00, 0x00,
    0x00, 0x00, 0x00, 0x00, 0x00, 0x00, 0x00, 0x00, 0x00, 0x00, 0x00, 0x00, 0x00, 0x00, 0x00, 0x00,
    0x00, 0x00, 0x00, 0x00, 0x00, 0x00, 0x00, 0x00, 0x00, 0x00, 0x00, 0x00, 0x00, 0x00, 0x00, 0x00,
    0x00, 0x00, 0x00, 0x00, 0x00, 0x00, 0x00, 0xff, 0xf0, 0x00, 0x00, 0x00, 0x00, 0x00, 0x0f, 0xff,
    0xff, 0x00, 0x00, 0x00, 0x00, 0x00, 0x3f, 0xff, 0xff, 0xc0, 0x00, 0x00, 0x00, 0x00, 0xff, 0xff,
    0xff, 0xf0, 0x00, 0x00, 0x00, 0x03, 0xff, 0xff, 0xff, 0xfc, 0x00, 0x00, 0x00, 0x07, 0xff, 0xff,
    0xff, 0xfe, 0x00, 0x00, 0x00, 0x1f, 0xff, 0xff, 0xff, 0xff, 0x00, 0x00, 0x00, 0x3f, 0xff, 0xff,
    0xff, 0xff, 0x80, 0x00, 0x00, 0x7f, 0xff, 0xff, 0xff, 0xff, 0xc0, 0x00, 0x00, 0x7f, 0xff, 0xff,
    0xff, 0xff, 0xe0, 0x00, 0x00, 0xff, 0xff, 0xff, 0xff, 0xff, 0xe0, 0x00, 0x01, 0xff, 0xff, 0xff,
    0xff, 0xff, 0xf0, 0x00, 0x01, 0xff, 0xff, 0xff, 0xff, 0xff, 0xf8, 0x00, 0x03, 0xff, 0xff, 0xff,
    0xff, 0xff, 0xf8, 0x00, 0x03, 0xff, 0xff, 0xff, 0xff, 0xff, 0xfc, 0x00, 0x07, 0xff, 0xff, 0xff,
    0xff, 0xff, 0xfc, 0x00, 0x07, 0xff, 0xff, 0xff, 0xff, 0xff, 0xfc, 0x00, 0x0f, 0xff, 0xff, 0xc0,
    0x7f, 0xff, 0xfe, 0x00, 0x0f, 0xff, 0xff, 0x80, 0x3f, 0xff, 0xfe, 0x00, 0x0f, 0xff, 0xff, 0x00,
    0x1f, 0xff, 0xfe, 0x00, 0x0f, 0xff, 0xff, 0x00, 0x1f, 0xff, 0xfe, 0x00, 0x0f, 0xff, 0xfe, 0x00,
    0x0f, 0xff, 0xff, 0x00, 0x1f, 0xff, 0xfe, 0x00, 0x0f, 0xff, 0xff, 0x00, 0x1f, 0xff, 0xfe, 0x00,
    0x0f, 0xff, 0xff, 0x00, 0x1f, 0xff, 0xfe, 0x00, 0x0f, 0xff, 0xff, 0x00, 0x1f, 0xff, 0xfe, 0x00,
    0x0f, 0xff, 0xff, 0x00, 0x1f, 0xff, 0xfe, 0x00, 0x0f, 0xff, 0xff, 0x00, 0x1f, 0xff, 0xfe, 0x00,
    0x0f, 0xff, 0xff, 0x00, 0x1f, 0xff, 0xfe, 0x00, 0x0f, 0xff, 0xff, 0x00, 0x1f, 0xff, 0xfe, 0x00,
    0x0f, 0xff, 0xff, 0x00, 0x1f, 0xff, 0xfe, 0x00, 0x0f, 0xff, 0xff, 0x00, 0x1f, 0xff, 0xfe, 0x00,
    0x1f, 0xff, 0xfe, 0x00, 0x0f, 0xff, 0xfc, 0x00, 0x1f, 0xff, 0xfe, 0x00, 0x00, 0x00, 0x00, 0x00,
    0x1f, 0xff, 0xfe, 0x00, 0x00, 0x00, 0x00, 0x00, 0x1f, 0xff, 0xfe, 0x00, 0x00, 0x00, 0x00, 0x00,
    0x3f, 0xff, 0xfe, 0x00, 0x00, 0x00, 0x00, 0x00, 0x3f, 0xff, 0xfe, 0x00, 0x00, 0x00, 0x00, 0x00,
    0x7f, 0xff, 0xfc, 0x00, 0x00, 0x00, 0x00, 0x00, 0x7f, 0xff, 0xfc, 0x00, 0x00, 0x00, 0x00, 0x00,
    0xff, 0xff, 0xfc, 0x00, 0x00, 0x00, 0x00, 0x00, 0xff, 0xff, 0xf8, 0x00, 0x00, 0x00, 0x00, 0x01,
    0xff, 0xff, 0xf8, 0x00, 0x00, 0x00, 0x00, 0x01, 0xff, 0xff, 0xf0, 0x00, 0x00, 0x00, 0x00, 0x03,
    0xff, 0xff, 0xf0, 0x00, 0x00, 0x00, 0x00, 0x03, 0xff, 0xff, 0xe0, 0x00, 0x00, 0x00, 0x00, 0x07,
    0xff, 0xff, 0xe0, 0x00, 0x00, 0x00, 0x00, 0x0f, 0xff, 0xff, 0xc0, 0x00, 0x00, 0x00, 0x00, 0x0f,
    0xff, 0xff, 0xc0, 0x00, 0x00, 0x00, 0x00, 0x1f, 0xff, 0xff, 0x80, 0x00, 0x00, 0x00, 0x00, 0x3f,
    0xff, 0xff, 0x80, 0x00, 0x00, 0x00, 0x00, 0x3f, 0xff, 0xff, 0x00, 0x00, 0x00, 0x00, 0x00, 0x7f,
    0xff, 0xfe, 0x00, 0x00, 0x00, 0x00, 0x00, 0xff, 0xff, 0xfe, 0x00, 0x00, 0x00, 0x00, 0x00, 0xff,
    0xff, 0xfc, 0x00, 0x00, 0x00, 0x00, 0x01, 0xff, 0xff, 0xf8, 0x00, 0x00, 0x00, 0x00, 0x03, 0xff,
    0xff, 0xf8, 0x00, 0x00, 0x00, 0x00, 0x07, 0xff, 0xff, 0xf0, 0x00, 0x00, 0x00, 0x00, 0x07, 0xff,
    0xff, 0xe0, 0x00, 0x00, 0x00, 0x00, 0x0f, 0xff, 0xff, 0xe0, 0x00, 0x00, 0x00, 0x00, 0x1f, 0xff,
    0xff, 0xc0, 0x00, 0x00, 0x00, 0x00, 0x3f, 0xff, 0xff, 0x80, 0x00, 0x00, 0x00, 0x00, 0x3f, 0xff,
    0xff, 0x00, 0x00, 0x00, 0x00, 0x00, 0x7f, 0xff, 0xff, 0x00, 0x00, 0x00, 0x00, 0x00, 0xff, 0xff,
    0xfe, 0x00, 0x00, 0x00, 0x00, 0x01, 0xff, 0xff, 0xfc, 0x00, 0x00, 0x00, 0x00, 0x01, 0xff, 0xff,
    0xf8, 0x00, 0x00, 0x00, 0x00, 0x03, 0xff, 0xff, 0xf0, 0x00, 0x00, 0x00, 0x00, 0x07, 0xff, 0xff,
    0xf0, 0x00, 0x00, 0x00, 0x00, 0x0f, 0xff, 0xff, 0xe0, 0x00, 0x00, 0x00, 0x00, 0x1f, 0xff, 0xff,
    0xc0, 0x00, 0x00, 0x00, 0x00, 0x1f, 0xff, 0xff, 0x80, 0x00, 0x00, 0x00, 0x00, 0x3f, 0xff, 0xff,
    0x80, 0x00, 0x00, 0x00, 0x00, 0x7f, 0xff, 0xff, 0x00, 0x00, 0x00, 0x00, 0x00, 0xff, 0xff, 0xfe,
    0x00, 0x00, 0x00, 0x00, 0x01, 0xff, 0xff, 0xfc, 0x00, 0x00, 0x00, 0x00, 0x01, 0xff, 0xff, 0xf8,
    0x00, 0x00, 0x00, 0x00, 0x03, 0xff, 0xff, 0xf8, 0x00, 0x00, 0x00, 0x00, 0x07, 0xff, 0xff, 0xf0,
    0x00, 0x00, 0x00, 0x00, 0x0f, 0xff, 0xff, 0xe0, 0x00, 0x00, 0x00, 0x00, 0x0f, 0xff, 0xff, 0xff,
    0xff, 0xff, 0xff, 0x00, 0x0f, 0xff, 0xff, 0xff, 0xff, 0xff, 0xff, 0x80, 0x0f, 0xff, 0xff, 0xff,
    0xff, 0xff, 0xff, 0x80, 0x0f, 0xff, 0xff, 0xff, 0xff, 0xff, 0xff, 0x80, 0x0f, 0xff, 0xff, 0xff,
    0xff, 0xff, 0xff, 0x80, 0x0f, 0xff, 0xff, 0xff, 0xff, 0xff, 0xff, 0x80, 0x0f, 0xff, 0xff, 0xff,
    0xff, 0xff, 0xff, 0x80, 0x0f, 0xff, 0xff, 0xff, 0xff, 0xff, 0xff, 0x80, 0x0f, 0xff, 0xff, 0xff,
    0xff, 0xff, 0xff, 0x80, 0x0f, 0xff, 0xff, 0xff, 0xff, 0xff, 0xff, 0x80, 0x0f, 0xff, 0xff, 0xff,
    0xff, 0xff, 0xff, 0x80, 0x0f, 0xff, 0xff, 0xff, 0xff, 0xff, 0xff, 0x80, 0x0f, 0xff, 0xff, 0xff,
    0xff, 0xff, 0xff, 0x80, 0x0f, 0xff, 0xff, 0xff, 0xff, 0xff, 0xff, 0x80, 0x0f, 0xff, 0xff, 0xff,
    0xff, 0xff, 0xff, 0x80, 0x0f, 0xff, 0xff, 0xff, 0xff, 0xff, 0xff, 0x80, 0x0f, 0xff, 0xff, 0xff,
    0xff, 0xff, 0xff, 0x80, 0x00, 0x00, 0x00, 0x00, 0x00, 0x00, 0x00, 0x00, 0x00, 0x00, 0x00, 0x00,
    0x00, 0x00, 0x00, 0x00, 0x00, 0x00, 0x00, 0x00, 0x00, 0x00, 0x00, 0x00, 0x00, 0x00, 0x00, 0x00,
    0x00, 0x00, 0x00, 0x00, 0x00, 0x00, 0x00, 0x00, 0x00, 0x00, 0x00, 0x00, 0x00, 0x00, 0x00, 0x00,
    0x00, 0x00, 0x00, 0x00, 0x00, 0x00, 0x00, 0x00, 0x00, 0x00, 0x00, 0x00, 0x00, 0x00, 0x00, 0x00,
    0x00, 0x00, 0x00, 0x00, 0x00, 0x00, 0x00, 0x00, 0x00, 0x00, 0x00, 0x00, 0x00, 0x00, 0x00, 0x00,
    0x00, 0x00, 0x00, 0x00, 0x00, 0x00, 0x00, 0x00, 0x00, 0x00, 0x00, 0x00, 0x00, 0x00, 0x00, 0x00,
    0x00, 0x00, 0x00, 0x00, 0x00, 0x00, 0x00, 0x00, 0x00, 0x00, 0x00, 0x00, 0x00, 0x00, 0x00, 0x00,
    0x00, 0x00, 0x00, 0x00, 0x00, 0x00, 0x00, 0x00, 0x00, 0x00, 0x00, 0x00, 0x00, 0x00, 0x00, 0x00,
    0x00, 0x00, 0x00, 0x00, 0x00, 0x00, 0x00, 0x00, 0x00, 0x00, 0x00, 0x00, 0x00, 0x00, 0x00, 0x00,
    0x00, 0x00, 0x00, 0x00, 0x00, 0x00, 0x00, 0x00, 0x00, 0x00, 0x00, 0x00, 0x00, 0x00, 0x00, 0x00,
    0x00, 0x00, 0x00, 0x00, 0x00, 0x00, 0x00, 0x00, 0x00, 0x00, 0x00, 0x00, 0x00, 0x00, 0x00, 0x00,
    0x00, 0x00, 0x00, 0x00, 0x00, 0x00, 0x00, 0x00, 0x00, 0x00, 0x00, 0x00, 0x00, 0x00, 0x00, 0x00,
    0x00, 0x00, 0x00, 0x00, 0x00, 0x00, 0x00, 0x00, 0x00, 0x00, 0x00, 0x00, 0x00, 0x00, 0x00, 0x00,
    0x00, 0x00, 0x00, 0x00, 0x00, 0x00, 0x00, 0x00, 0x00, 0x00, 0x00, 0x00, 0x00, 0x00, 0x00, 0x00,
    0x00, 0x00, 0x00, 0x00, 0x00, 0x00, 0x00, 0x00, 0x00, 0x00, 0x00, 0x00, 0x00, 0x00, 0x00, 0x00,
    0x00, 0x00, 0x00, 0x00, 0x00, 0x00, 0x00, 0x00, 0x00, 0x00, 0x00, 0x00, 0x00, 0x00, 0x00, 0x00,
    0x00, 0x00, 0x00, 0x00, 0x00, 0x00, 0x00, 0x00, 0x00, 0x00, 0x00, 0x00, 0x00, 0x00, 0x00, 0x00,
    0x00, 0x00, 0x00, 0x00, 0x00, 0x00, 0x00, 0x00, 0x00, 0x00, 0x00, 0x00, 0x00, 0x00, 0x00, 0x00,
    0x00, 0x00, 0x00, 0x00, 0x00, 0x00, 0x00, 0x00, 0x00, 0x00, 0x00, 0x00, 0x00, 0x00, 0x00, 0x00,
    0x00, 0x00, 0x00, 0x00, 0x00, 0x00, 0x00, 0x00, 0x00, 0x00, 0x00, 0x00, 0x00, 0x00, 0x00, 0x00,
    0x00, 0x00, 0x00, 0x00, 0x00, 0x00, 0x00, 0x00, 0x00, 0x00, 0x00, 0x00, 0x00, 0x00, 0x00, 0x00,
    0x00, 0x00, 0x00, 0x00, 0x00, 0x00, 0x00, 0x00, 0x00, 0x00, 0x00, 0x00, 0x00, 0x00, 0x00, 0x00,
    0x00, 0x00, 0x00, 0x00, 0x00, 0x00, 0x00, 0x00, 0x00, 0x00, 0x00, 0x00, 0x00, 0x00, 0x00, 0x00,
    0x00, 0x00, 0x00, 0x00, 0x00, 0x00, 0x00, 0x00, 0x00, 0x00, 0x00, 0x00, 0x00, 0x00, 0x00, 0x00,
    0x00, 0x00, 0x00, 0x00, 0x00, 0x00, 0x00, 0x00, 0x00, 0x00, 0x00, 0x00, 0x00, 0x00, 0x00, 0x00,
    0x00, 0x00, 0x00, 0x00, 0x00, 0x00, 0x00, 0x00, 0x00, 0x00, 0x00, 0x00, 0x00, 0x00, 0x00, 0x00,
    0x00, 0x00, 0x00, 0x00, 0x00, 0x00, 0x00, 0x00, 0x00, 0x00, 0x00, 0x00, 0x00, 0x00, 0x00, 0x00,
    0x00, 0x00, 0x00, 0x00, 0x00, 0x00, 0x00, 0x00, 0x00, 0x00, 0x00, 0x00, 0x00, 0x00, 0x00, 0x00,
    0x00, 0x00, 0x00, 0x00, 0x00, 0x00, 0x00, 0x00, 0x00, 0x00, 0x00, 0x00, 0x00, 0x00, 0x00, 0x00,
    0x00, 0x00, 0x00, 0x00, 0x00, 0x00, 0x00, 0x00, 0x00, 0x00, 0x00, 0x00, 0x00, 0x00, 0x00, 0x00,
    0x00, 0x00, 0x00, 0x00, 0x00, 0x00, 0x00, 0x00, 0x00, 0x00, 0x00, 0x00, 0x00, 0x00, 0x00, 0x00,
    0x00, 0x00, 0x00, 0x00, 0x00, 0x00, 0x00, 0x00, 0x00, 0x00, 0x00, 0x00, 0x00, 0x00, 0x00, 0x00,
    0x00, 0x00, 0x00, 0x00, 0x00, 0x00, 0x00, 0x00, 0x00, 0x00, 0x00, 0x00, 0x00, 0x00, 0x00, 0x00,
    0x00, 0x00, 0x00, 0x00, 0x00, 0x00, 0x00, 0x00, 0x00, 0x00, 0x00, 0x00, 0x00, 0x00, 0x00, 0x00,
    0x00, 0x00, 0x00, 0x00, 0x00, 0x00, 0x00, 0x00, 0x00, 0x00, 0x00, 0x00, 0x07, 0xff, 0xff, 0xff,
    0xff, 0xff, 0xfc, 0x00, 0x07, 0xff, 0xff, 0xff, 0xff, 0xff, 0xfe, 0x00, 0x07, 0xff, 0xff, 0xff,
    0xff, 0xff, 0xfe, 0x00, 0x07, 0xff, 0xff, 0xff, 0xff, 0xff, 0xfe, 0x00, 0x07, 0xff, 0xff, 0xff,
    0xff, 0xff, 0xfe, 0x00, 0x07, 0xff, 0xff, 0xff, 0xff, 0xff, 0xfe, 0x00, 0x07, 0xff, 0xff, 0xff,
    0xff, 0xff, 0xfe, 0x00, 0x07, 0xff, 0xff, 0xff, 0xff, 0xff, 0xfe, 0x00, 0x07, 0xff, 0xff, 0xff,
    0xff, 0xff, 0xfe, 0x00, 0x07, 0xff, 0xff, 0xff, 0xff, 0xff, 0xfe, 0x00, 0x07, 0xff, 0xff, 0xff,
    0xff, 0xff, 0xfe, 0x00, 0x07, 0xff, 0xff, 0xff, 0xff, 0xff, 0xfe, 0x00, 0x07, 0xff, 0xff, 0xff,
    0xff, 0xff, 0xfe, 0x00, 0x07, 0xff, 0xff, 0xff, 0xff, 0xff, 0xfe, 0x00, 0x07, 0xff, 0xff, 0xff,
    0xff, 0xff, 0xfe, 0x00, 0x07, 0xff, 0xff, 0xff, 0xff, 0xff, 0xfe, 0x00, 0x03, 0xff, 0xff, 0xff,
    0xff, 0xff, 0xfe, 0x00, 0x00, 0x00, 0x00, 0x01, 0xff, 0xff, 0xfc, 0x00, 0x00, 0x00, 0x00, 0x03,
    0xff, 0xff, 0xf8, 0x00, 0x00, 0x00, 0x00, 0x07, 0xff, 0xff, 0xf8, 0x00, 0x00, 0x00, 0x00, 0x07,
    0xff, 0xff, 0xf0, 0x00, 0x00, 0x00, 0x00, 0x0f, 0xff, 0xff, 0xe0, 0x00, 0x00, 0x00, 0x00, 0x1f,
    0xff, 0xff, 0xc0, 0x00, 0x00, 0x00, 0x00, 0x3f, 0xff, 0xff, 0x80, 0x00, 0x00, 0x00, 0x00, 0x7f,
    0xff, 0xff, 0x80, 0x00, 0x00, 0x00, 0x00, 0xff, 0xff, 0xff, 0x00, 0x00, 0x00, 0x00, 0x00, 0xff,
    0xff, 0xfe, 0x00, 0x00, 0x00, 0x00, 0x01, 0xff, 0xff, 0xfc, 0x00, 0x00, 0x00, 0x00, 0x03, 0xff,
    0xff, 0xf8, 0x00, 0x00, 0x00, 0x00, 0x07, 0xff, 0xff, 0xf8, 0x00, 0x00, 0x00, 0x00, 0x0f, 0xff,
    0xff, 0xf0, 0x00, 0x00, 0x00, 0x00, 0x0f, 0xff, 0xff, 0xe0, 0x00, 0x00, 0x00, 0x00, 0x1f, 0xff,
    0xff, 0xc0, 0x00, 0x00, 0x00, 0x00, 0x3f, 0xff, 0xff, 0x80, 0x00, 0x00, 0x00, 0x00, 0x7f, 0xff,
    0xff, 0x80, 0x00, 0x00, 0x00, 0x00, 0xff, 0xff, 0xff, 0x00, 0x00, 0x00, 0x00, 0x00, 0xff, 0xff,
    0xfe, 0x00, 0x00, 0x00, 0x00, 0x01, 0xff, 0xff, 0xff, 0x80, 0x00, 0x00, 0x00, 0x03, 0xff, 0xff,
    0xff, 0xf0, 0x00, 0x00, 0x00, 0x01, 0xff, 0xff, 0xff, 0xfc, 0x00, 0x00, 0x00, 0x00, 0xff, 0xff,
    0xff, 0xfe, 0x00, 0x00, 0x00, 0x00, 0x7f, 0xff, 0xff, 0xff, 0x00, 0x00, 0x00, 0x00, 0x3f, 0xff,
    0xff, 0xff, 0x80, 0x00, 0x00, 0x00, 0x1f, 0xff, 0xff, 0xff, 0xc0, 0x00, 0x00, 0x00, 0x0f, 0xff,
    0xff, 0xff, 0xc0, 0x00, 0x00, 0x00, 0x07, 0xff, 0xff, 0xff, 0xe0, 0x00, 0x00, 0x00, 0x03, 0xf9,
    0xff, 0xff, 0xf0, 0x00, 0x00, 0x00, 0x01, 0xc0, 0x7f, 0xff, 0xf0, 0x00, 0x00, 0x00, 0x00, 0x80,
    0x3f, 0xff, 0xf8, 0x00, 0x00, 0x00, 0x00, 0x00, 0x1f, 0xff, 0xf8, 0x00, 0x00, 0x00, 0x00, 0x00,
    0x1f, 0xff, 0xf8, 0x00, 0x00, 0x00, 0x00, 0x00, 0x0f, 0xff, 0xfc, 0x00, 0x00, 0x00, 0x00, 0x00,
    0x0f, 0xff, 0xfc, 0x00, 0x00, 0x00, 0x00, 0x00, 0x0f, 0xff, 0xfc, 0x00, 0x00, 0x00, 0x00, 0x00,
    0x0f, 0xff, 0xfc, 0x00, 0x00, 0x00, 0x00, 0x00, 0x0f, 0xff, 0xfc, 0x00, 0x00, 0x00, 0x00, 0x00,
    0x0f, 0xff, 0xfc, 0x00, 0x00, 0x00, 0x00, 0x00, 0x0f, 0xff, 0xfe, 0x00, 0x00, 0x00, 0x00, 0x00,
    0x07, 0xff, 0xfe, 0x00, 0x00, 0x00, 0x00, 0x00, 0x07, 0xff, 0xfe, 0x00, 0x00, 0x00, 0x00, 0x00,
    0x07, 0xff, 0xfe, 0x00, 0x00, 0x00, 0x00, 0x00, 0x07, 0xff, 0xfe, 0x00, 0x00, 0x00, 0x00, 0x00,
    0x07, 0xff, 0xfe, 0x00, 0x00, 0x00, 0x00, 0x00, 0x07, 0xff, 0xfe, 0x00, 0x00, 0x00, 0x00, 0x00,
    0x07, 0xff, 0xfe, 0x00, 0x1f, 0xff, 0xfc, 0x00, 0x07, 0xff, 0xfe, 0x00, 0x1f, 0xff, 0xfc, 0x00,
    0x07, 0xff, 0xfe, 0x00, 0x1f, 0xff, 0xfc, 0x00, 0x07, 0xff, 0xfe, 0x00, 0x1f, 0xff, 0xfc, 0x00,
    0x0f, 0xff, 0xfe, 0x00, 0x1f, 0xff, 0xfc, 0x00, 0x0f, 0xff, 0xfe, 0x00, 0x1f, 0xff, 0xfe, 0x00,
    0x0f, 0xff, 0xfe, 0x00, 0x1f, 0xff, 0xfe, 0x00, 0x0f, 0xff, 0xfe, 0x00, 0x1f, 0xff, 0xfe, 0x00,
    0x0f, 0xff, 0xfe, 0x00, 0x1f, 0xff, 0xfe, 0x00, 0x0f, 0xff, 0xfe, 0x00, 0x1f, 0xff, 0xfe, 0x00,
    0x0f, 0xff, 0xfe, 0x00, 0x0f, 0xff, 0xff, 0x00, 0x1f, 0xff, 0xfc, 0x00, 0x0f, 0xff, 0xff, 0x00,
    0x1f, 0xff, 0xfc, 0x00, 0x0f, 0xff, 0xff, 0x80, 0x3f, 0xff, 0xfc, 0x00, 0x0f, 0xff, 0xff, 0xc0,
    0x7f, 0xff, 0xfc, 0x00, 0x0f, 0xff, 0xff, 0xff, 0xff, 0xff, 0xfc, 0x00, 0x07, 0xff, 0xff, 0xff,
    0xff, 0xff, 0xf8, 0x00, 0x07, 0xff, 0xff, 0xff, 0xff, 0xff, 0xf8, 0x00, 0x07, 0xff, 0xff, 0xff,
    0xff, 0xff, 0xf8, 0x00, 0x03, 0xff, 0xff, 0xff, 0xff, 0xff, 0xf0, 0x00, 0x03, 0xff, 0xff, 0xff,
    0xff, 0xff, 0xf0, 0x00, 0x01, 0xff, 0xff, 0xff, 0xff, 0xff, 0xe0, 0x00, 0x00, 0xff, 0xff, 0xff,
    0xff, 0xff, 0xc0, 0x00, 0x00, 0x7f, 0xff, 0xff, 0xff, 0xff, 0xc0, 0x00, 0x00, 0x7f, 0xff, 0xff,
    0xff, 0xff, 0x80, 0x00, 0x00, 0x3f, 0xff, 0xff, 0xff, 0xff, 0x00, 0x00, 0x00, 0x0f, 0xff, 0xff,
    0xff, 0xfe, 0x00, 0x00, 0x00, 0x07, 0xff, 0xff, 0xff, 0xfc, 0x00, 0x00, 0x00, 0x01, 0xff, 0xff,
    0xff, 0xf0, 0x00, 0x00, 0x00, 0x00, 0x7f, 0xff, 0xff, 0xc0, 0x00, 0x00, 0x00, 0x00, 0x1f, 0xff,
    0xff, 0x00, 0x00, 0x00, 0x00, 0x00, 0x01, 0xff, 0xf0, 0x00, 0x00, 0x00, 0x00, 0x00, 0x00, 0x00,
    0x00, 0x00, 0x00, 0x00, 0x00, 0x00, 0x00, 0x00, 0x00, 0x00, 0x00, 0x00, 0x00, 0x00, 0x00, 0x00,
    0x00, 0x00, 0x00, 0x00, 0x00, 0x00, 0x00, 0x00, 0x00, 0x00, 0x00, 0x00, 0x00, 0x00, 0x00, 0x00,
    0x00, 0x00, 0x00, 0x00, 0x00, 0x00, 0x00, 0x00, 0x00, 0x00, 0x00, 0x00, 0x00, 0x00, 0x00, 0x00,
    0x00, 0x00, 0x00, 0x00, 0x00, 0x00, 0x00, 0x00, 0x00, 0x00, 0x00, 0x00, 0x00, 0x00, 0x00, 0x00,
    0x00, 0x00, 0x00, 0x00, 0x00, 0x00, 0x00, 0x00, 0x00, 0x00, 0x00, 0x00, 0x00, 0x00, 0x00, 0x00,
    0x00, 0x00, 0x00, 0x00, 0x00, 0x00, 0x00, 0x00, 0x00, 0x00, 0x00, 0x00, 0x00, 0x00, 0x00, 0x00,
    0x00, 0x00, 0x00, 0x00, 0x00, 0x00, 0x00, 0x00, 0x00, 0x00, 0x00, 0x00, 0x00, 0x00, 0x00, 0x00,
    0x00, 0x00, 0x00, 0x00, 0x00, 0x00, 0x00, 0x00, 0x00, 0x00, 0x00, 0x00, 0x00, 0x00, 0x00, 0x00,
    0x00, 0x00, 0x00, 0x00, 0x00, 0x00, 0x00, 0x00, 0x00, 0x00, 0x00, 0x00, 0x00, 0x00, 0x00, 0x00,
    0x00, 0x00, 0x00, 0x00, 0x00, 0x00, 0x00, 0x00, 0x00, 0x00, 0x00, 0x00, 0x00, 0x00, 0x00, 0x00,
    0x00, 0x00, 0x00, 0x00, 0x00, 0x00, 0x00, 0x00, 0x00, 0x00, 0x00, 0x00, 0x00, 0x00, 0x00, 0x00,
    0x00, 0x00, 0x00, 0x00, 0x00, 0x00, 0x00, 0x00, 0x00, 0x00, 0x00, 0x00, 0x00, 0x00, 0x00, 0x00,
    0x00, 0x00, 0x00, 0x00, 0x00, 0x00, 0x00, 0x00, 0x00, 0x00, 0x00, 0x00, 0x00, 0x00, 0x00, 0x00,
    0x00, 0x00, 0x00, 0x00, 0x00, 0x00, 0x00, 0x00, 0x00, 0x00, 0x00, 0x00, 0x00, 0x00, 0x00, 0x00,
    0x00, 0x00, 0x00, 0x00, 0x00, 0x00, 0x00, 0x00, 0x00, 0x00, 0x00, 0x00, 0x00, 0x00, 0x00, 0x00,
    0x00, 0x00, 0x00, 0x00, 0x00, 0x00, 0x00, 0x00, 0x00, 0x00, 0x00, 0x00, 0x00, 0x00, 0x00, 0x00,
    0x00, 0x00, 0x00, 0x00, 0x00, 0x00, 0x00, 0x00, 0x00, 0x00, 0x00, 0x00, 0x00, 0x00, 0x00, 0x00,
    0x00, 0x00, 0x00, 0x00, 0x00, 0x00, 0x00, 0x00, 0x00, 0x00, 0x00, 0x00, 0x00, 0x00, 0x00, 0x00,
    0x00, 0x00, 0x00, 0x00, 0x00, 0x00, 0x00, 0x00, 0x00, 0x00, 0x00, 0x00, 0x00, 0x00, 0x00, 0x00,
    0x00, 0x00, 0x00, 0x00, 0x00, 0x00, 0x00, 0x00, 0x00, 0x00, 0x00, 0x00, 0x00, 0x00, 0x00, 0x00,
    0x00, 0x00, 0x00, 0x00, 0x00, 0x00, 0x00, 0x00, 0x00, 0x00, 0x00, 0x00, 0x00, 0x00, 0x00, 0x00,
    0x00, 0x00, 0x00, 0x00, 0x00, 0x00, 0x00, 0x00, 0x00, 0x00, 0x00, 0x00, 0x00, 0x00, 0x00, 0x00,
    0x00, 0x00, 0x00, 0x00, 0x00, 0x00, 0x00, 0x00, 0x00, 0x00, 0x00, 0x00, 0x00, 0x00, 0x00, 0x00,
    0x00, 0x00, 0x00, 0x00, 0x00, 0x00, 0x00, 0x00, 0x00, 0x00, 0x00, 0x00, 0x00, 0x00, 0x00, 0x00,
    0x00, 0x00, 0x00, 0x00, 0x00, 0x00, 0x00, 0x00, 0x00, 0x00, 0x00, 0x00, 0x00, 0x00, 0x00, 0x00,
    0x00, 0x00, 0x00, 0x00, 0x00, 0x00, 0x00, 0x00, 0x00, 0x00, 0x00, 0x00, 0x00, 0x00, 0x00, 0x00,
    0x00, 0x00, 0x00, 0x00, 0x00, 0x00, 0x00, 0x00, 0x00, 0x00, 0x00, 0x00, 0x00, 0x00, 0x00, 0x00,
    0x00, 0x00, 0x00, 0x00, 0x00, 0x00, 0x00, 0x00, 0x00, 0x00, 0x00, 0x00, 0x00, 0x00, 0x00, 0x00,
    0x00, 0x00, 0x00, 0x00, 0x00, 0x00, 0x00, 0x00, 0x00, 0x00, 0x00, 0x00, 0x00, 0x00, 0x00, 0x00,
    0x00, 0x00, 0x00, 0x00, 0x00, 0x00, 0x00, 0x00, 0x00, 0x00, 0x00, 0x00, 0x00, 0x00, 0x00, 0x00,
    0x00, 0x00, 0x00, 0x00, 0x00, 0x00, 0x00, 0x00, 0x00, 0x00, 0x00, 0x00, 0x00, 0x00, 0x00, 0x00,
    0x00, 0x00, 0x00, 0x00, 0x00, 0x00, 0x00, 0x00, 0x00, 0x00, 0x00, 0x00, 0x00, 0x00, 0x00, 0x00,
    0x00, 0x00, 0x00, 0x00, 0x00, 0x00, 0x00, 0x00, 0x00, 0x00, 0x00, 0x00, 0x00, 0x00, 0x00, 0x00,
    0x00, 0x00, 0x00, 0x00, 0x00, 0x00, 0x00, 0x00, 0x00, 0x00, 0x00, 0x00, 0x00, 0x00, 0x00, 0x00,
    0x00, 0x00, 0x00, 0x00, 0x00, 0x00, 0x00, 0x00, 0x00, 0x00, 0x00, 0x00, 0x00, 0x00, 0x00, 0x00,
    0x00, 0x00, 0x00, 0x00, 0x00, 0x00, 0x00, 0x00, 0x00, 0x00, 0x00, 0x00, 0x00, 0x00, 0x00, 0x00,
    0x00, 0x00, 0x00, 0x00, 0x00, 0x00, 0x00, 0x07, 0xff, 0xff, 0x00, 0x00, 0x00, 0x00, 0x00, 0x00,
    0x0f, 0xff, 0xff, 0x80, 0x00, 0x00, 0x00, 0x00, 0x00, 0x0f, 0xff, 0xff, 0x80, 0x00, 0x00, 0x00,
    0x00, 0x00, 0x1f, 0xff, 0xff, 0x00, 0x00, 0x00, 0x00, 0x00, 0x00, 0x1f, 0xff, 0xff, 0x00, 0x00,
    0x00, 0x00, 0x00, 0x00, 0x1f, 0xff, 0xff, 0x00, 0x00, 0x00, 0x00, 0x00, 0x00, 0x3f, 0xff, 0xfe,
    0x00, 0x00, 0x00, 0x00, 0x00, 0x00, 0x3f, 0xff, 0xfe, 0x00, 0x00, 0x00, 0x00, 0x00, 0x00, 0x3f,
    0xff, 0xfe, 0x00, 0x00, 0x00, 0x00, 0x00, 0x00, 0x3f, 0xff, 0xfc, 0x00, 0x00, 0x00, 0x00, 0x00,
    0x00, 0x7f, 0xff, 0xfc, 0x00, 0x00, 0x00, 0x00, 0x00, 0x00, 0x7f, 0xff, 0xfc, 0x00, 0x00, 0x00,
    0x00, 0x00, 0x00, 0x7f, 0xff, 0xf8, 0x00, 0x00, 0x00, 0x00, 0x00, 0x00, 0xff, 0xff, 0xf8, 0x00,
    0x00, 0x00, 0x00, 0x00, 0x00, 0xff, 0xff, 0xf8, 0x00, 0x00, 0x00, 0x00, 0x00, 0x00, 0xff, 0xff,
    0xf0, 0x00, 0x00, 0x00, 0x00, 0x00, 0x01, 0xff, 0xff, 0xf0, 0x00, 0x00, 0x00, 0x00, 0x00, 0x01,
    0xff, 0xff, 0xf0, 0x00, 0x00, 0x00, 0x00, 0x00, 0x01, 0xff, 0xff, 0xe0, 0x00, 0x00, 0x00, 0x00,
    0x00, 0x03, 0xff, 0xff, 0xe0, 0x00, 0x00, 0x00, 0x00, 0x00, 0x03, 0xff, 0xff, 0xe0, 0x00, 0x00,
    0x00, 0x00, 0x00, 0x03, 0xff, 0xff, 0xc0, 0x00, 0x00, 0x00, 0x00, 0x00, 0x07, 0xff, 0xff, 0xc0,
    0x00, 0x00, 0x00, 0x00, 0x00, 0x07, 0xff, 0xff, 0xc0, 0x00, 0x00, 0x00, 0x00, 0x00, 0x07, 0xff,
    0xff, 0xc0, 0x00, 0x00, 0x00, 0x00, 0x00, 0x0f, 0xff, 0xff, 0x80, 0x00, 0x00, 0x00, 0x00, 0x00,
    0x0f, 0xff, 0xff, 0x80, 0x00, 0x00, 0x00, 0x00, 0x00, 0x0f, 0xff, 0xff, 0x80, 0x00, 0x00, 0x00,
    0x00, 0x00, 0x1f, 0xff, 0xff, 0x00, 0x00, 0x00, 0x00, 0x00, 0x00, 0x1f, 0xff, 0xff, 0x00, 0x00,
    0x00, 0x00, 0x00, 0x00, 0x1f, 0xff, 0xff, 0x00, 0x00, 0x00, 0x00, 0x00, 0x00, 0x3f, 0xff, 0xfe,
    0x00, 0x00, 0x00, 0x00, 0x00, 0x00, 0x3f, 0xff, 0xfe, 0x00, 0x00, 0x00, 0x00, 0x00, 0x00, 0x3f,
    0xff, 0xfe, 0x00, 0x00, 0x00, 0x00, 0x00, 0x00, 0x7f, 0xff, 0xfc, 0x00, 0x00, 0x00, 0x00, 0x00,
    0x00, 0x7f, 0xff, 0xfc, 0x00, 0x00, 0x00, 0x00, 0x00, 0x00, 0x7f, 0xff, 0xfc, 0x00, 0x00, 0x00,
    0x00, 0x00, 0x00, 0xff, 0xff, 0xf8, 0x01, 0xff, 0xff, 0x80, 0x00, 0x00, 0xff, 0xff, 0xf8, 0x03,
    0xff, 0xff, 0x80, 0x00, 0x00, 0xff, 0xff, 0xf8, 0x03, 0xff, 0xff, 0x80, 0x00, 0x01, 0xff, 0xff,
    0xf0, 0x03, 0xff, 0xff, 0x80, 0x00, 0x01, 0xff, 0xff, 0xf0, 0x03, 0xff, 0xff, 0x80, 0x00, 0x01,
    0xff, 0xff, 0xf0, 0x03, 0xff, 0xff, 0x80, 0x00, 0x03, 0xff, 0xff, 0xe0, 0x03, 0xff, 0xff, 0x80,
    0x00, 0x03, 0xff, 0xff, 0xe0, 0x03, 0xff, 0xff, 0x80, 0x00, 0x03, 0xff, 0xff, 0xe0, 0x03, 0xff,
    0xff, 0x80, 0x00, 0x07, 0xff, 0xff, 0xe0, 0x03, 0xff, 0xff, 0x80, 0x00, 0x07, 0xff, 0xff, 0xc0,
    0x03, 0xff, 0xff, 0x80, 0x00, 0x07, 0xff, 0xff, 0xc0, 0x03, 0xff, 0xff, 0x80, 0x00, 0x0f, 0xff,
    0xff, 0xc0, 0x03, 0xff, 0xff, 0x80, 0x00, 0x0f, 0xff, 0xff, 0x80, 0x03, 0xff, 0xff, 0x80, 0x00,
    0x0f, 0xff, 0xff, 0x80, 0x03, 0xff, 0xff, 0x80, 0x00, 0x1f, 0xff, 0xff, 0x80, 0x03, 0xff, 0xff,
    0x80, 0x00, 0x1f, 0xff, 0xff, 0x80, 0x03, 0xff, 0xff, 0xc0, 0x00, 0x1f, 0xff, 0xff, 0xff, 0xff,
    0xff, 0xff, 0xfe, 0x00, 0x3f, 0xff, 0xff, 0xff, 0xff, 0xff, 0xff, 0xff, 0x00, 0x3f, 0xff, 0xff,
    0xff, 0xff, 0xff, 0xff, 0xff, 0x00, 0x3f, 0xff, 0xff, 0xff, 0xff, 0xff, 0xff, 0xff, 0x00, 0x3f,
    0xff, 0xff, 0xff, 0xff, 0xff, 0xff, 0xff, 0x00, 0x3f, 0xff, 0xff, 0xff, 0xff, 0xff, 0xff, 0xff,
    0x00, 0x3f, 0xff, 0xff, 0xff, 0xff, 0xff, 0xff, 0xff, 0x00, 0x3f, 0xff, 0xff, 0xff, 0xff, 0xff,
    0xff, 0xff, 0x00, 0x3f, 0xff, 0xff, 0xff, 0xff, 0xff, 0xff, 0xff, 0x00, 0x3f, 0xff, 0xff, 0xff,
    0xff, 0xff, 0xff, 0xff, 0x00, 0x3f, 0xff, 0xff, 0xff, 0xff, 0xff, 0xff, 0xff, 0x00, 0x3f, 0xff,
    0xff, 0xff, 0xff, 0xff, 0xff, 0xff, 0x00, 0x3f, 0xff, 0xff, 0xff, 0xff, 0xff, 0xff, 0xff, 0x00,
    0x3f, 0xff, 0xff, 0xff, 0xff, 0xff, 0xff, 0xff, 0x00, 0x3f, 0xff, 0xff, 0xff, 0xff, 0xff, 0xff,
    0xff, 0x00, 0x3f, 0xff, 0xff, 0xff, 0xff, 0xff, 0xff, 0xff, 0x00, 0x3f, 0xff, 0xff, 0xff, 0xff,
    0xff, 0xff, 0xfe, 0x00, 0x00, 0x00, 0x00, 0x00, 0x03, 0xff, 0xff, 0xc0, 0x00, 0x00, 0x00, 0x00,
    0x00, 0x03, 0xff, 0xff, 0x80, 0x00, 0x00, 0x00, 0x00, 0x00, 0x03, 0xff, 0xff, 0x80, 0x00, 0x00,
    0x00, 0x00, 0x00, 0x03, 0xff, 0xff, 0x80, 0x00, 0x00, 0x00, 0x00, 0x00, 0x03, 0xff, 0xff, 0x80,
    0x00, 0x00, 0x00, 0x00, 0x00, 0x03, 0xff, 0xff, 0x80, 0x00, 0x00, 0x00, 0x00, 0x00, 0x03, 0xff,
    0xff, 0x80, 0x00, 0x00, 0x00, 0x00, 0x00, 0x03, 0xff, 0xff, 0x80, 0x00, 0x00, 0x00, 0x00, 0x00,
    0x03, 0xff, 0xff, 0x80, 0x00, 0x00, 0x00, 0x00, 0x00, 0x03, 0xff, 0xff, 0x80, 0x00, 0x00, 0x00,
    0x00, 0x00, 0x03, 0xff, 0xff, 0x80, 0x00, 0x00, 0x00, 0x00, 0x00, 0x03, 0xff, 0xff, 0x80, 0x00,
    0x00, 0x00, 0x00, 0x00, 0x03, 0xff, 0xff, 0x80, 0x00, 0x00, 0x00, 0x00, 0x00, 0x03, 0xff, 0xff,
    0x80, 0x00, 0x00, 0x00, 0x00, 0x00, 0x03, 0xff, 0xff, 0x80, 0x00, 0x00, 0x00, 0x00, 0x00, 0x03,
    0xff, 0xff, 0x80, 0x00, 0x00, 0x00, 0x00, 0x00, 0x03, 0xff, 0xff, 0x80, 0x00, 0x00, 0x00, 0x00,
    0x00, 0x03, 0xff, 0xff, 0x80, 0x00, 0x00, 0x00, 0x00, 0x00, 0x03, 0xff, 0xff, 0x80, 0x00, 0x00,
    0x00, 0x00, 0x00, 0x03, 0xff, 0xff, 0x80, 0x00, 0x00, 0x00, 0x00, 0x00, 0x03, 0xff, 0xff, 0x80,
    0x00, 0x00, 0x00, 0x00, 0x00, 0x03, 0xff, 0xff, 0x80, 0x00, 0x00, 0x00, 0x00, 0x00, 0x03, 0xff,
    0xff, 0x80, 0x00, 0x00, 0x00, 0x00, 0x00, 0x01, 0xff, 0xff, 0x80, 0x00, 0x00, 0x00, 0x00, 0x00,
    0x00, 0x00, 0x00, 0x00, 0x00, 0x00, 0x00, 0x00, 0x00, 0x00, 0x00, 0x00, 0x00, 0x00, 0x00, 0x00,
    0x00, 0x00, 0x00, 0x00, 0x00, 0x00, 0x00, 0x00, 0x00, 0x00, 0x00, 0x00, 0x00, 0x00, 0x00, 0x00,
    0x00, 0x00, 0x00, 0x00, 0x00, 0x00, 0x00, 0x00, 0x00, 0x00, 0x00, 0x00, 0x00, 0x00, 0x00, 0x00,
    0x00, 0x00, 0x00, 0x00, 0x00, 0x00, 0x00, 0x00, 0x00, 0x00, 0x00, 0x00, 0x00, 0x00, 0x00, 0x00,
    0x00, 0x00, 0x00, 0x00, 0x00, 0x00, 0x00, 0x00, 0x00, 0x00, 0x00, 0x00, 0x00, 0x00, 0x00, 0x00,
    0x00, 0x00, 0x00, 0x00, 0x00, 0x00, 0x00, 0x00, 0x00, 0x00, 0x00, 0x00, 0x00, 0x00, 0x00, 0x00,
    0x00, 0x00, 0x00, 0x00, 0x00, 0x00, 0x00, 0x00, 0x00, 0x00, 0x00, 0x00, 0x00, 0x00, 0x00, 0x00,
    0x00, 0x00, 0x00, 0x00, 0x00, 0x00, 0x00, 0x00, 0x00, 0x00, 0x00, 0x00, 0x00, 0x00, 0x00, 0x00,
    0x00, 0x00, 0x00, 0x00, 0x00, 0x00, 0x00, 0x00, 0x00, 0x00, 0x00, 0x00, 0x00, 0x00, 0x00, 0x00,
    0x00, 0x00, 0x00, 0x00, 0x00, 0x00, 0x00, 0x00, 0x00, 0x00, 0x00, 0x00, 0x00, 0x00, 0x00, 0x00,
    0x00, 0x00, 0x00, 0x00, 0x00, 0x00, 0x00, 0x00, 0x00, 0x00, 0x00, 0x00, 0x00, 0x00, 0x00, 0x00,
    0x00, 0x00, 0x00, 0x00, 0x00, 0x00, 0x00, 0x00, 0x00, 0x00, 0x00, 0x00, 0x00, 0x00, 0x00, 0x00,
    0x00, 0x00, 0x00, 0x00, 0x00, 0x00, 0x00, 0x00, 0x00, 0x00, 0x00, 0x00, 0x00, 0x00, 0x00, 0x00,
    0x00, 0x00, 0x00, 0x00, 0x00, 0x00, 0x00, 0x00, 0x00, 0x00, 0x00, 0x00, 0x00, 0x00, 0x00, 0x00,
    0x00, 0x00, 0x00, 0x00, 0x00, 0x00, 0x00, 0x00, 0x00, 0x00, 0x00, 0x00, 0x00, 0x00, 0x00, 0x00,
    0x00, 0x00, 0x00, 0x00, 0x00, 0x00, 0x00, 0x00, 0x00, 0x00, 0x00, 0x00, 0x00, 0x00, 0x00, 0x00,
    0x00, 0x00, 0x00, 0x00, 0x00, 0x00, 0x00, 0x00, 0x00, 0x00, 0x00, 0x00, 0x00, 0x00, 0x00, 0x00,
    0x00, 0x00, 0x00, 0x00, 0x00, 0x00, 0x00, 0x00, 0x00, 0x00, 0x00, 0x00, 0x00, 0x00, 0x00, 0x00,
    0x00, 0x00, 0x00, 0x00, 0x00, 0x00, 0x00, 0x00, 0x00, 0x00, 0x00, 0x00, 0x00, 0x00, 0x00, 0x00,
    0x00, 0x00, 0x00, 0x00, 0x00, 0x00, 0x00, 0x00, 0x00, 0x00, 0x00, 0x00, 0x00, 0x00, 0x00, 0x00,
    0x00, 0x00, 0x00, 0x00, 0x00, 0x00, 0x00, 0x00, 0x00, 0x00, 0x00, 0x00, 0x00, 0x00, 0x00, 0x00,
    0x00, 0x00, 0x00, 0x00, 0x00, 0x00, 0x00, 0x00, 0x00, 0x00, 0x00, 0x00, 0x00, 0x00, 0x00, 0x00,
    0x00, 0x00, 0x00, 0x00, 0x00, 0x00, 0x00, 0x00, 0x00, 0x00, 0x00, 0x00, 0x00, 0x00, 0x00, 0x00,
    0x00, 0x00, 0x00, 0x00, 0x00, 0x00, 0x00, 0x00, 0x00, 0x00, 0x00, 0x00, 0x00, 0x00, 0x00, 0x00,
    0x00, 0x00, 0x00, 0x00, 0x00, 0x00, 0x00, 0x00, 0x00, 0x00, 0x00, 0x00, 0x00, 0x00, 0x00, 0x00,
    0x00, 0x00, 0x00, 0x00, 0x00, 0x00, 0x00, 0x00, 0x00, 0x00, 0x00, 0x00, 0x00, 0x00, 0x00, 0x00,
    0x00, 0x00, 0x00, 0x00, 0x00, 0x00, 0x00, 0x00, 0x00, 0x00, 0x00, 0x00, 0x00, 0x00, 0x00, 0x00,
    0x00, 0x00, 0x00, 0x00, 0x00, 0x00, 0x00, 0x00, 0x00, 0x00, 0x00, 0x00, 0x00, 0x00, 0x00, 0x00,
    0x00, 0x00, 0x00, 0x00, 0x00, 0x00, 0x00, 0x00, 0x00, 0x00, 0x00, 0x00, 0x00, 0x00, 0x00, 0x00,
    0x00, 0x00, 0x00, 0x00, 0x00, 0x00, 0x00, 0x00, 0x00, 0x00, 0x00, 0x00, 0x00, 0x00, 0x00, 0x00,
    0x00, 0x00, 0x00, 0x00, 0x00, 0x00, 0x00, 0x00, 0x00, 0x00, 0x00, 0x00, 0x00, 0x00, 0x00, 0x00,
    0x00, 0x00, 0x00, 0x00, 0x00, 0x00, 0x00, 0x00, 0x00, 0x00, 0x00, 0x00, 0x00, 0x00, 0x00, 0x00,
    0x00, 0x00, 0x00, 0x00, 0x00, 0x00, 0x00, 0x00, 0x00, 0x00, 0x00, 0x00, 0x00, 0x00, 0x00, 0x00,
    0x00, 0x00, 0x00, 0x00, 0x00, 0x00, 0x00, 0x00, 0x00, 0x00, 0x00, 0x00, 0x00, 0x00, 0x00, 0x00,
    0x00, 0x00, 0x00, 0x00, 0x00, 0x00, 0x00, 0x00, 0x00, 0x00, 0x00, 0x00, 0x00, 0x00, 0x00, 0x00,
    0x00, 0x00, 0x00, 0x00, 0x00, 0x00, 0x00, 0x00, 0x00, 0x00, 0x00, 0x00, 0x00, 0x00, 0x00, 0x00,
    0x07, 0xff, 0xff, 0xff, 0xff, 0xff, 0xfe, 0x00, 0x0f, 0xff, 0xff, 0xff, 0xff, 0xff, 0xff, 0x00,
    0x0f, 0xff, 0xff, 0xff, 0xff, 0xff, 0xff, 0x00, 0x0f, 0xff, 0xff, 0xff, 0xff, 0xff, 0xff, 0x00,
    0x0f, 0xff, 0xff, 0xff, 0xff, 0xff, 0xff, 0x00, 0x0f, 0xff, 0xff, 0xff, 0xff, 0xff, 0xff, 0x00,
    0x0f, 0xff, 0xff, 0xff, 0xff, 0xff, 0xff, 0x00, 0x0f, 0xff, 0xff, 0xff, 0xff, 0xff, 0xff, 0x00,
    0x0f, 0xff, 0xff, 0xff, 0xff, 0xff, 0xff, 0x00, 0x0f, 0xff, 0xff, 0xff, 0xff, 0xff, 0xff, 0x00,
    0x0f, 0xff, 0xff, 0xff, 0xff, 0xff, 0xff, 0x00, 0x0f, 0xff, 0xff, 0xff, 0xff, 0xff, 0xff, 0x00,
    0x0f, 0xff, 0xff, 0xff, 0xff, 0xff, 0xff, 0x00, 0x0f, 0xff, 0xff, 0xff, 0xff, 0xff, 0xff, 0x00,
    0x0f, 0xff, 0xff, 0xff, 0xff, 0xff, 0xff, 0x00, 0x0f, 0xff, 0xff, 0xff, 0xff, 0xff, 0xfe, 0x00,
    0x0f, 0xff, 0xff, 0xff, 0xff, 0xff, 0xfc, 0x00, 0x0f, 0xff, 0xfe, 0x00, 0x00, 0x00, 0x00, 0x00,
    0x0f, 0xff, 0xfe, 0x00, 0x00, 0x00, 0x00, 0x00, 0x0f, 0xff, 0xfe, 0x00, 0x00, 0x00, 0x00, 0x00,
    0x0f, 0xff, 0xfe, 0x00, 0x00, 0x00, 0x00, 0x00, 0x0f, 0xff, 0xfe, 0x00, 0x00, 0x00, 0x00, 0x00,
    0x0f, 0xff, 0xfe, 0x00, 0x00, 0x00, 0x00, 0x00, 0x0f, 0xff, 0xfe, 0x00, 0x00, 0x00, 0x00, 0x00,
    0x0f, 0xff, 0xfe, 0x00, 0x00, 0x00, 0x00, 0x00, 0x0f, 0xff, 0xfe, 0x00, 0x00, 0x00, 0x00, 0x00,
    0x0f, 0xff, 0xfe, 0x00, 0x00, 0x00, 0x00, 0x00, 0x0f, 0xff, 0xfe, 0x00, 0x00, 0x00, 0x00, 0x00,
    0x0f, 0xff, 0xfe, 0x00, 0x00, 0x00, 0x00, 0x00, 0x0f, 0xff, 0xfe, 0x00, 0x00, 0x00, 0x00, 0x00,
    0x0f, 0xff, 0xfe, 0x00, 0x00, 0x00, 0x00, 0x00, 0x0f, 0xff, 0xfe, 0x00, 0x00, 0x00, 0x00, 0x00,
    0x0f, 0xff, 0xfe, 0x00, 0x00, 0x00, 0x00, 0x00, 0x0f, 0xff, 0xfe, 0x00, 0x00, 0x00, 0x00, 0x00,
    0x0f, 0xff, 0xfe, 0x00, 0x00, 0x00, 0x00, 0x00, 0x0f, 0xff, 0xfe, 0x00, 0x3e, 0x00, 0x00, 0x00,
    0x0f, 0xff, 0xfe, 0x03, 0xff, 0xe0, 0x00, 0x00, 0x0f, 0xff, 0xfe, 0x0f, 0xff, 0xfc, 0x00, 0x00,
    0x0f, 0xff, 0xfe, 0x3f, 0xff, 0xfe, 0x00, 0x00, 0x0f, 0xff, 0xfe, 0x7f, 0xff, 0xff, 0x80, 0x00,
    0x0f, 0xff, 0xff, 0xff, 0xff, 0xff, 0xc0, 0x00, 0x0f, 0xff, 0xff, 0xff, 0xff, 0xff, 0xe0, 0x00,
    0x0f, 0xff, 0xff, 0xff, 0xff, 0xff, 0xe0, 0x00, 0x0f, 0xff, 0xff, 0xff, 0xff, 0xff, 0xf0, 0x00,
    0x0f, 0xff, 0xff, 0xff, 0xff, 0xff, 0xf8, 0x00, 0x0f, 0xff, 0xff, 0xff, 0xff, 0xff, 0xf8, 0x00,
    0x0f, 0xff, 0xff, 0xff, 0xff, 0xff, 0xfc, 0x00, 0x0f, 0xff, 0xff, 0xff, 0xff, 0xff, 0xfc, 0x00,
    0x0f, 0xff, 0xff, 0xff, 0xff, 0xff, 0xfe, 0x00, 0x0f, 0xff, 0xff, 0xff, 0xff, 0xff, 0xfe, 0x00,
    0x0f, 0xff, 0xff, 0xff, 0xff, 0xff, 0xfe, 0x00, 0x0f, 0xff, 0xff, 0xff, 0xff, 0xff, 0xfe, 0x00,
    0x0f, 0xff, 0xff, 0xe0, 0x7f, 0xff, 0xff, 0x00, 0x0f, 0xff, 0xff, 0xc0, 0x3f, 0xff, 0xff, 0x00,
    0x0f, 0xff, 0xff, 0x80, 0x1f, 0xff, 0xff, 0x00, 0x0f, 0xff, 0xff, 0x00, 0x0f, 0xff, 0xff, 0x00,
    0x0f, 0xff, 0xff, 0x00, 0x0f, 0xff, 0xff, 0x00, 0x07, 0xff, 0xfe, 0x00, 0x07, 0xff, 0xff, 0x00,
    0x00, 0x00, 0x00, 0x00, 0x07, 0xff, 0xff, 0x00, 0x00, 0x00, 0x00, 0x00, 0x07, 0xff, 0xff, 0x00,
    0x00, 0x00, 0x00, 0x00, 0x07, 0xff, 0xff, 0x00, 0x00, 0x00, 0x00, 0x00, 0x07, 0xff, 0xff, 0x00,
    0x00, 0x00, 0x00, 0x00, 0x07, 0xff, 0xff, 0x80, 0x00, 0x00, 0x00, 0x00, 0x07, 0xff, 0xff, 0x80,
    0x00, 0x00, 0x00, 0x00, 0x07, 0xff, 0xff, 0x80, 0x00, 0x00, 0x00, 0x00, 0x07, 0xff, 0xff, 0x80,
    0x00, 0x00, 0x00, 0x00, 0x07, 0xff, 0xff, 0x80, 0x00, 0x00, 0x00, 0x00, 0x07, 0xff, 0xff, 0x80,
    0x00, 0x00, 0x00, 0x00, 0x07, 0xff, 0xff, 0x80, 0x07, 0xff, 0xfe, 0x00, 0x07, 0xff, 0xff, 0x80,
    0x0f, 0xff, 0xff, 0x00, 0x07, 0xff, 0xff, 0x00, 0x0f, 0xff, 0xff, 0x00, 0x07, 0xff, 0xff, 0x00,
    0x0f, 0xff, 0xff, 0x00, 0x07, 0xff, 0xff, 0x00, 0x07, 0xff, 0xff, 0x00, 0x07, 0xff, 0xff, 0x00,
    0x07, 0xff, 0xff, 0x00, 0x0f, 0xff, 0xff, 0x00, 0x07, 0xff, 0xff, 0x80, 0x0f, 0xff, 0xff, 0x00,
    0x07, 0xff, 0xff, 0x80, 0x0f, 0xff, 0xff, 0x00, 0x07, 0xff, 0xff, 0xc0, 0x1f, 0xff, 0xff, 0x00,
    0x07, 0xff, 0xff, 0xe0, 0x3f, 0xff, 0xff, 0x00, 0x03, 0xff, 0xff, 0xff, 0xff, 0xff, 0xfe, 0x00,
    0x03, 0xff, 0xff, 0xff, 0xff, 0xff, 0xfe, 0x00, 0x03, 0xff, 0xff, 0xff, 0xff, 0xff, 0xfe, 0x00,
    0x01, 0xff, 0xff, 0xff, 0xff, 0xff, 0xfc, 0x00, 0x01, 0xff, 0xff, 0xff, 0xff, 0xff, 0xfc, 0x00,
    0x00, 0xff, 0xff, 0xff, 0xff, 0xff, 0xf8, 0x00, 0x00, 0xff, 0xff, 0xff, 0xff, 0xff, 0xf8, 0x00,
    0x00, 0x7f, 0xff, 0xff, 0xff, 0xff, 0xf0, 0x00, 0x00, 0x3f, 0xff, 0xff, 0xff, 0xff, 0xe0, 0x00,
    0x00, 0x1f, 0xff, 0xff, 0xff, 0xff, 0xe0, 0x00, 0x00, 0x1f, 0xff, 0xff, 0xff, 0xff, 0xc0, 0x00,
    0x00, 0x07, 0xff, 0xff, 0xff, 0xff, 0x00, 0x00, 0x00, 0x03, 0xff, 0xff, 0xff, 0xfe, 0x00, 0x00,
    0x00, 0x01, 0xff, 0xff, 0xff, 0xfc, 0x00, 0x00, 0x00, 0x00, 0x7f, 0xff, 0xff, 0xf0, 0x00, 0x00,
    0x00, 0x00, 0x0f, 0xff, 0xff, 0x80, 0x00, 0x00, 0x00, 0x00, 0x00, 0xff, 0xf8, 0x00, 0x00, 0x00,
    0x00, 0x00, 0x00, 0x00, 0x00, 0x00, 0x00, 0x00, 0x00, 0x00, 0x00, 0x00, 0x00, 0x00, 0x00, 0x00,
    0x00, 0x00, 0x00, 0x00, 0x00, 0x00, 0x00, 0x00, 0x00, 0x00, 0x00, 0x00, 0x00, 0x00, 0x00, 0x00,
    0x00, 0x00, 0x00, 0x00, 0x00, 0x00, 0x00, 0x00, 0x00, 0x00, 0x00, 0x00, 0x00, 0x00, 0x00, 0x00,
    0x00, 0x00, 0x00, 0x00, 0x00, 0x00, 0x00, 0x00, 0x00, 0x00, 0x00, 0x00, 0x00, 0x00, 0x00, 0x00,
    0x00, 0x00, 0x00, 0x00, 0x00, 0x00, 0x00, 0x00, 0x00, 0x00, 0x00, 0x00, 0x00, 0x00, 0x00, 0x00,
    0x00, 0x00, 0x00, 0x00, 0x00, 0x00, 0x00, 0x00, 0x00, 0x00, 0x00, 0x00, 0x00, 0x00, 0x00, 0x00,
    0x00, 0x00, 0x00, 0x00, 0x00, 0x00, 0x00, 0x00, 0x00, 0x00, 0x00, 0x00, 0x00, 0x00, 0x00, 0x00,
    0x00, 0x00, 0x00, 0x00, 0x00, 0x00, 0x00, 0x00, 0x00, 0x00, 0x00, 0x00, 0x00, 0x00, 0x00, 0x00,
    0x00, 0x00, 0x00, 0x00, 0x00, 0x00, 0x00, 0x00, 0x00, 0x00, 0x00, 0x00, 0x00, 0x00, 0x00, 0x00,
    0x00, 0x00, 0x00, 0x00, 0x00, 0x00, 0x00, 0x00, 0x00, 0x00, 0x00, 0x00, 0x00, 0x00, 0x00, 0x00,
    0x00, 0x00, 0x00, 0x00, 0x00, 0x00, 0x00, 0x00, 0x00, 0x00, 0x00, 0x00, 0x00, 0x00, 0x00, 0x00,
    0x00, 0x00, 0x00, 0x00, 0x00, 0x00, 0x00, 0x00, 0x00, 0x00, 0x00, 0x00, 0x00, 0x00, 0x00, 0x00,
    0x00, 0x00, 0x00, 0x00, 0x00, 0x00, 0x00, 0x00, 0x00, 0x00, 0x00, 0x00, 0x00, 0x00, 0x00, 0x00,
    0x00, 0x00, 0x00, 0x00, 0x00, 0x00, 0x00, 0x00, 0x00, 0x00, 0x00, 0x00, 0x00, 0x00, 0x00, 0x00,
    0x00, 0x00, 0x00, 0x00, 0x00, 0x00, 0x00, 0x00, 0x00, 0x00, 0x00, 0x00, 0x00, 0x00, 0x00, 0x00,
    0x00, 0x00, 0x00, 0x00, 0x00, 0x00, 0x00, 0x00, 0x00, 0x00, 0x00, 0x00, 0x00, 0x00, 0x00, 0x00,
    0x00, 0x00, 0x00, 0x00, 0x00, 0x00, 0x00, 0x00, 0x00, 0x00, 0x00, 0x00, 0x00, 0x00, 0x00, 0x00,
    0x00, 0x00, 0x00, 0x00, 0x00, 0x00, 0x00, 0x00, 0x00, 0x00, 0x00, 0x00, 0x00, 0x00, 0x00, 0x00,
    0x00, 0x00, 0x00, 0x00, 0x00, 0x00, 0x00, 0x00, 0x00, 0x00, 0x00, 0x00, 0x00, 0x00, 0x00, 0x00,
    0x00, 0x00, 0x00, 0x00, 0x00, 0x00, 0x00, 0x00, 0x00, 0x00, 0x00, 0x00, 0x00, 0x00, 0x00, 0x00,
    0x00, 0x00, 0x00, 0x00, 0x00, 0x00, 0x00, 0x00, 0x00, 0x00, 0x00, 0x00, 0x00, 0x00, 0x00, 0x00,
    0x00, 0x00, 0x00, 0x00, 0x00, 0x00, 0x00, 0x00, 0x00, 0x00, 0x00, 0x00, 0x00, 0x00, 0x00, 0x00,
    0x00, 0x00, 0x00, 0x00, 0x00, 0x00, 0x00, 0x00, 0x00, 0x00, 0x00, 0x00, 0x00, 0x00, 0x00, 0x00,
    0x00, 0x00, 0x00, 0x00, 0x00, 0x00, 0x00, 0x00, 0x00, 0x00, 0x00, 0x00, 0x00, 0x00, 0x00, 0x00,
    0x00, 0x00, 0x00, 0x00, 0x00, 0x00, 0x00, 0x00, 0x00, 0x00, 0x00, 0x00, 0x00, 0x00, 0x00, 0x00,
    0x00, 0x00, 0x00, 0x00, 0x00, 0x00, 0x00, 0x00, 0x00, 0x00, 0x00, 0x00, 0x00, 0x00, 0x00, 0x00,
    0x00, 0x00, 0x00, 0x00, 0x00, 0x00, 0x00, 0x00, 0x00, 0x00, 0x00, 0x00, 0x00, 0x00, 0x00, 0x00,
    0x00, 0x00, 0x00, 0x00, 0x00, 0x00, 0x00, 0x00, 0x00, 0x00, 0x00, 0x00, 0x00, 0x00, 0x00, 0x00,
    0x00, 0x00, 0x00, 0x00, 0x00, 0x00, 0x00, 0x00, 0x00, 0x00, 0x00, 0x00, 0x00, 0x00, 0x00, 0x00,
    0x00, 0x00, 0x00, 0x00, 0x00, 0x00, 0x00, 0x00, 0x00, 0x00, 0x00, 0x00, 0x00, 0x00, 0x00, 0x00,
    0x00, 0x00, 0x00, 0x00, 0x00, 0x00, 0x00, 0x00, 0x00, 0x00, 0x00, 0x00, 0x00, 0x00, 0x00, 0x00,
    0x00, 0x00, 0x00, 0x00, 0x00, 0x00, 0x00, 0x00, 0x00, 0x00, 0x00, 0x00, 0x00, 0x00, 0x00, 0x00,
    0x00, 0x00, 0x00, 0x00, 0x00, 0x00, 0x00, 0x00, 0x00, 0x00, 0x00, 0x00, 0x00, 0x00, 0x00, 0x00,
    0x00, 0x00, 0x00, 0x00, 0x00, 0x00, 0x00, 0x00, 0x00, 0x00, 0x00, 0xff, 0xf0, 0x00, 0x00, 0x00,
    0x00, 0x00, 0x0f, 0xff, 0xff, 0x00, 0x00, 0x00, 0x00, 0x00, 0x7f, 0xff, 0xff, 0xe0, 0x00, 0x00,
    0x00, 0x01, 0xff, 0xff, 0xff, 0xf0, 0x00, 0x00, 0x00, 0x03, 0xff, 0xff, 0xff, 0xfc, 0x00, 0x00,
    0x00, 0x07, 0xff, 0xff, 0xff, 0xfe, 0x00, 0x00, 0x00, 0x1f, 0xff, 0xff, 0xff, 0xff, 0x00, 0x00,
    0x00, 0x3f, 0xff, 0xff, 0xff, 0xff, 0x80, 0x00, 0x00, 0x7f, 0xff, 0xff, 0xff, 0xff, 0xc0, 0x00,
    0x00, 0x7f, 0xff, 0xff, 0xff, 0xff, 0xe0, 0x00, 0x00, 0xff, 0xff, 0xff, 0xff, 0xff, 0xf0, 0x00,
    0x01, 0xff, 0xff, 0xff, 0xff, 0xff, 0xf0, 0x00, 0x01, 0xff, 0xff, 0xff, 0xff, 0xff, 0xf8, 0x00,
    0x03, 0xff, 0xff, 0xff, 0xff, 0xff, 0xf8, 0x00, 0x03, 0xff, 0xff, 0xff, 0xff, 0xff, 0xfc, 0x00,
    0x03, 0xff, 0xff, 0xff, 0xff, 0xff, 0xfc, 0x00, 0x07, 0xff, 0xff, 0xff, 0xff, 0xff, 0xfc, 0x00,
    0x07, 0xff, 0xff, 0xe0, 0x7f, 0xff, 0xfe, 0x00, 0x07, 0xff, 0xff, 0xc0, 0x3f, 0xff, 0xfe, 0x00,
    0x07, 0xff, 0xff, 0x80, 0x1f, 0xff, 0xfe, 0x00, 0x0f, 0xff, 0xff, 0x80, 0x1f, 0xff, 0xfe, 0x00,
    0x0f, 0xff, 0xff, 0x00, 0x0f, 0xff, 0xfe, 0x00, 0x0f, 0xff, 0xff, 0x00, 0x0f, 0xff, 0xfe, 0x00,
    0x0f, 0xff, 0xff, 0x00, 0x0f, 0xff, 0xfe, 0x00, 0x0f, 0xff, 0xff, 0x00, 0x0f, 0xff, 0xfe, 0x00,
    0x0f, 0xff, 0xff, 0x00, 0x0f, 0xff, 0xfe, 0x00, 0x0f, 0xff, 0xff, 0x00, 0x0f, 0xff, 0xfe, 0x00,
    0x0f, 0xff, 0xff, 0x00, 0x0f, 0xff, 0xfe, 0x00, 0x0f, 0xff, 0xff, 0x00, 0x0f, 0xff, 0xfe, 0x00,
    0x0f, 0xff, 0xff, 0x00, 0x03, 0xff, 0xfc, 0x00, 0x0f, 0xff, 0xff, 0x00, 0x00, 0x00, 0x00, 0x00,
    0x0f, 0xff, 0xff, 0x00, 0x00, 0x00, 0x00, 0x00, 0x0f, 0xff, 0xff, 0x00, 0x00, 0x00, 0x00, 0x00,
    0x0f, 0xff, 0xff, 0x00, 0x00, 0x00, 0x00, 0x00, 0x0f, 0xff, 0xff, 0x00, 0x00, 0x00, 0x00, 0x00,
    0x0f, 0xff, 0xff, 0x01, 0xff, 0x00, 0x00, 0x00, 0x0f, 0xff, 0xff, 0x0f, 0xff, 0xe0, 0x00, 0x00,
    0x0f, 0xff, 0xff, 0x3f, 0xff, 0xf8, 0x00, 0x00, 0x0f, 0xff, 0xff, 0x7f, 0xff, 0xfe, 0x00, 0x00,
    0x0f, 0xff, 0xff, 0xff, 0xff, 0xff, 0x00, 0x00, 0x0f, 0xff, 0xff, 0xff, 0xff, 0xff, 0x80, 0x00,
    0x0f, 0xff, 0xff, 0xff, 0xff, 0xff, 0xc0, 0x00, 0x0f, 0xff, 0xff, 0xff, 0xff, 0xff, 0xe0, 0x00,
    0x0f, 0xff, 0xff, 0xff, 0xff, 0xff, 0xf0, 0x00, 0x0f, 0xff, 0xff, 0xff, 0xff, 0xff, 0xf0, 0x00,
    0x0f, 0xff, 0xff, 0xff, 0xff, 0xff, 0xf8, 0x00, 0x0f, 0xff, 0xff, 0xff, 0xff, 0xff, 0xf8, 0x00,
    0x0f, 0xff, 0xff, 0xff, 0xff, 0xff, 0xfc, 0x00, 0x0f, 0xff, 0xff, 0xff, 0xff, 0xff, 0xfc, 0x00,
    0x0f, 0xff, 0xff, 0xff, 0xff, 0xff, 0xfe, 0x00, 0x0f, 0xff, 0xff, 0xf0, 0x7f, 0xff, 0xfe, 0x00,
    0x0f, 0xff, 0xff, 0xe0, 0x3f, 0xff, 0xfe, 0x00, 0x0f, 0xff, 0xff, 0xc0, 0x1f, 0xff, 0xfe, 0x00,
    0x0f, 0xff, 0xff, 0x80, 0x0f, 0xff, 0xff, 0x00, 0x0f, 0xff, 0xff, 0x80, 0x0f, 0xff, 0xff, 0x00,
    0x0f, 0xff, 0xff, 0x00, 0x0f, 0xff, 0xff, 0x00, 0x0f, 0xff, 0xff, 0x00, 0x07, 0xff, 0xff, 0x00,
    0x0f, 0xff, 0xff, 0x00, 0x07, 0xff, 0xff, 0x00, 0x0f, 0xff, 0xff, 0x00, 0x07, 0xff, 0xff, 0x00,
    0x0f, 0xff, 0xff, 0x00, 0x07, 0xff, 0xff, 0x00, 0x0f, 0xff, 0xff, 0x00, 0x07, 0xff, 0xff, 0x80,
    0x0f, 0xff, 0xff, 0x00, 0x07, 0xff, 0xff, 0x80, 0x0f, 0xff, 0xff, 0x00, 0x07, 0xff, 0xff, 0x80,
    0x0f, 0xff, 0xff, 0x00, 0x07, 0xff, 0xff, 0x80, 0x0f, 0xff, 0xff, 0x00, 0x07, 0xff, 0xff, 0x80,
    0x0f, 0xff, 0xff, 0x00, 0x07, 0xff, 0xff, 0x80, 0x0f, 0xff, 0xff, 0x00, 0x07, 0xff, 0xff, 0x80,
    0x0f, 0xff, 0xff, 0x00, 0x07, 0xff, 0xff, 0x80, 0x0f, 0xff, 0xff, 0x00, 0x07, 0xff, 0xff, 0x80,
    0x0f, 0xff, 0xff, 0x00, 0x07, 0xff, 0xff, 0x80, 0x0f, 0xff, 0xff, 0x00, 0x07, 0xff, 0xff, 0x80,
    0x07, 0xff, 0xff, 0x00, 0x07, 0xff, 0xff, 0x80, 0x07, 0xff, 0xff, 0x00, 0x07, 0xff, 0xff, 0x80,
    0x07, 0xff, 0xff, 0x00, 0x07, 0xff, 0xff, 0x80, 0x07, 0xff, 0xff, 0x00, 0x07, 0xff, 0xff, 0x80,
    0x07, 0xff, 0xff, 0x00, 0x0f, 0xff, 0xff, 0x00, 0x07, 0xff, 0xff, 0x80, 0x0f, 0xff, 0xff, 0x00,
    0x07, 0xff, 0xff, 0x80, 0x0f, 0xff, 0xff, 0x00, 0x07, 0xff, 0xff, 0xc0, 0x1f, 0xff, 0xff, 0x00,
    0x03, 0xff, 0xff, 0xe0, 0x3f, 0xff, 0xff, 0x00, 0x03, 0xff, 0xff, 0xff, 0xff, 0xff, 0xff, 0x00,
    0x03, 0xff, 0xff, 0xff, 0xff, 0xff, 0xfe, 0x00, 0x01, 0xff, 0xff, 0xff, 0xff, 0xff, 0xfe, 0x00,
    0x01, 0xff, 0xff, 0xff, 0xff, 0xff, 0xfe, 0x00, 0x01, 0xff, 0xff, 0xff, 0xff, 0xff, 0xfc, 0x00,
    0x00, 0xff, 0xff, 0xff, 0xff, 0xff, 0xfc, 0x00, 0x00, 0xff, 0xff, 0xff, 0xff, 0xff, 0xf8, 0x00,
    0x00, 0x7f, 0xff, 0xff, 0xff, 0xff, 0xf0, 0x00, 0x00, 0x3f, 0xff, 0xff, 0xff, 0xff, 0xf0, 0x00,
    0x00, 0x1f, 0xff, 0xff, 0xff, 0xff, 0xe0, 0x00, 0x00, 0x0f, 0xff, 0xff, 0xff, 0xff, 0xc0, 0x00,
    0x00, 0x07, 0xff, 0xff, 0xff, 0xff, 0x80, 0x00, 0x00, 0x03, 0xff, 0xff, 0xff, 0xfe, 0x00, 0x00,
    0x00, 0x00, 0xff, 0xff, 0xff, 0xfc, 0x00, 0x00, 0x00, 0x00, 0x3f, 0xff, 0xff, 0xf0, 0x00, 0x00,
    0x00, 0x00, 0x0f, 0xff, 0xff, 0x80, 0x00, 0x00, 0x00, 0x00, 0x00, 0xff, 0xf8, 0x00, 0x00, 0x00,
    0x00, 0x00, 0x00, 0x00, 0x00, 0x00, 0x00, 0x00, 0x00, 0x00, 0x00, 0x00, 0x00, 0x00, 0x00, 0x00,
    0x00, 0x00, 0x00, 0x00, 0x00, 0x00, 0x00, 0x00, 0x00, 0x00, 0x00, 0x00, 0x00, 0x00, 0x00, 0x00,
    0x00, 0x00, 0x00, 0x00, 0x00, 0x00, 0x00, 0x00, 0x00, 0x00, 0x00, 0x00, 0x00, 0x00, 0x00, 0x00,
    0x00, 0x00, 0x00, 0x00, 0x00, 0x00, 0x00, 0x00, 0x00, 0x00, 0x00, 0x00, 0x00, 0x00, 0x00, 0x00,
    0x00, 0x00, 0x00, 0x00, 0x00, 0x00, 0x00, 0x00, 0x00, 0x00, 0x00, 0x00, 0x00, 0x00, 0x00, 0x00,
    0x00, 0x00, 0x00, 0x00, 0x00, 0x00, 0x00, 0x00, 0x00, 0x00, 0x00, 0x00, 0x00, 0x00, 0x00, 0x00,
    0x00, 0x00, 0x00, 0x00, 0x00, 0x00, 0x00, 0x00, 0x00, 0x00, 0x00, 0x00, 0x00, 0x00, 0x00, 0x00,
    0x00, 0x00, 0x00, 0x00, 0x00, 0x00, 0x00, 0x00, 0x00, 0x00, 0x00, 0x00, 0x00, 0x00, 0x00, 0x00,
    0x00, 0x00, 0x00, 0x00, 0x00, 0x00, 0x00, 0x00, 0x00, 0x00, 0x00, 0x00, 0x00, 0x00, 0x00, 0x00,
    0x00, 0x00, 0x00, 0x00, 0x00, 0x00, 0x00, 0x00, 0x00, 0x00, 0x00, 0x00, 0x00, 0x00, 0x00, 0x00,
    0x00, 0x00, 0x00, 0x00, 0x00, 0x00, 0x00, 0x00, 0x00, 0x00, 0x00, 0x00, 0x00, 0x00, 0x00, 0x00,
    0x00, 0x00, 0x00, 0x00, 0x00, 0x00, 0x00, 0x00, 0x00, 0x00, 0x00, 0x00, 0x00, 0x00, 0x00, 0x00,
    0x00, 0x00, 0x00, 0x00, 0x00, 0x00, 0x00, 0x00, 0x00, 0x00, 0x00, 0x00, 0x00, 0x00, 0x00, 0x00,
    0x00, 0x00, 0x00, 0x00, 0x00, 0x00, 0x00, 0x00, 0x00, 0x00, 0x00, 0x00, 0x00, 0x00, 0x00, 0x00,
    0x00, 0x00, 0x00, 0x00, 0x00, 0x00, 0x00, 0x00, 0x00, 0x00, 0x00, 0x00, 0x00, 0x00, 0x00, 0x00,
    0x00, 0x00, 0x00, 0x00, 0x00, 0x00, 0x00, 0x00, 0x00, 0x00, 0x00, 0x00, 0x00, 0x00, 0x00, 0x00,
    0x00, 0x00, 0x00, 0x00, 0x00, 0x00, 0x00, 0x00, 0x00, 0x00, 0x00, 0x00, 0x00, 0x00, 0x00, 0x00,
    0x00, 0x00, 0x00, 0x00, 0x00, 0x00, 0x00, 0x00, 0x00, 0x00, 0x00, 0x00, 0x00, 0x00, 0x00, 0x00,
    0x00, 0x00, 0x00, 0x00, 0x00, 0x00, 0x00, 0x00, 0x00, 0x00, 0x00, 0x00, 0x00, 0x00, 0x00, 0x00,
    0x00, 0x00, 0x00, 0x00, 0x00, 0x00, 0x00, 0x00, 0x00, 0x00, 0x00, 0x00, 0x00, 0x00, 0x00, 0x00,
    0x00, 0x00, 0x00, 0x00, 0x00, 0x00, 0x00, 0x00, 0x00, 0x00, 0x00, 0x00, 0x00, 0x00, 0x00, 0x00,
    0x00, 0x00, 0x00, 0x00, 0x00, 0x00, 0x00, 0x00, 0x00, 0x00, 0x00, 0x00, 0x00, 0x00, 0x00, 0x00,
    0x00, 0x00, 0x00, 0x00, 0x00, 0x00, 0x00, 0x00, 0x00, 0x00, 0x00, 0x00, 0x00, 0x00, 0x00, 0x00,
    0x00, 0x00, 0x00, 0x00, 0x00, 0x00, 0x00, 0x00, 0x00, 0x00, 0x00, 0x00, 0x00, 0x00, 0x00, 0x00,
    0x00, 0x00, 0x00, 0x00, 0x00, 0x00, 0x00, 0x00, 0x00, 0x00, 0x00, 0x00, 0x00, 0x00, 0x00, 0x00,
    0x00, 0x00, 0x00, 0x00, 0x00, 0x00, 0x00, 0x00, 0x00, 0x00, 0x00, 0x00, 0x00, 0x00, 0x00, 0x00,
    0x00, 0x00, 0x00, 0x00, 0x00, 0x00, 0x00, 0x00, 0x00, 0x00, 0x00, 0x00, 0x00, 0x00, 0x00, 0x00,
    0x00, 0x00, 0x00, 0x00, 0x00, 0x00, 0x00, 0x00, 0x00, 0x00, 0x00, 0x00, 0x00, 0x00, 0x00, 0x00,
    0x00, 0x00, 0x00, 0x00, 0x00, 0x00, 0x00, 0x00, 0x00, 0x00, 0x00, 0x00, 0x00, 0x00, 0x00, 0x00,
    0x00, 0x00, 0x00, 0x00, 0x00, 0x00, 0x00, 0x00, 0x00, 0x00, 0x00, 0x00, 0x00, 0x00, 0x00, 0x00,
    0x00, 0x00, 0x00, 0x00, 0x00, 0x00, 0x00, 0x00, 0x00, 0x00, 0x00, 0x00, 0x00, 0x00, 0x00, 0x00,
    0x00, 0x00, 0x00, 0x00, 0x00, 0x00, 0x00, 0x3f, 0xff, 0xff, 0xff, 0xff, 0xff, 0xfc, 0x3f, 0xff,
    0xff, 0xff, 0xff, 0xff, 0xfc, 0x3f, 0xff, 0xff, 0xff, 0xff, 0xff, 0xfc, 0x3f, 0xff, 0xff, 0xff,
    0xff, 0xff, 0xfc, 0x3f, 0xff, 0xff, 0xff, 0xff, 0xff, 0xfc, 0x3f, 0xff, 0xff, 0xff, 0xff, 0xff,
    0xfc, 0x3f, 0xff, 0xff, 0xff, 0xff, 0xff, 0xfc, 0x3f, 0xff, 0xff, 0xff, 0xff, 0xff, 0xfc, 0x3f,
    0xff, 0xff, 0xff, 0xff, 0xff, 0xfc, 0x3f, 0xff, 0xff, 0xff, 0xff, 0xff, 0xfc, 0x3f, 0xff, 0xff,
    0xff, 0xff, 0xff, 0xfc, 0x3f, 0xff, 0xff, 0xff, 0xff, 0xff, 0xfc, 0x3f, 0xff, 0xff, 0xff, 0xff,
    0xff, 0xfc, 0x3f, 0xff, 0xff, 0xff, 0xff, 0xff, 0xfc, 0x3f, 0xff, 0xff, 0xff, 0xff, 0xff, 0xfc,
    0x3f, 0xff, 0xff, 0xff, 0xff, 0xff, 0xfc, 0x3f, 0xff, 0xff, 0xff, 0xff, 0xff, 0xfc, 0x3f, 0xff,
    0x80, 0x00, 0x7f, 0xff, 0xfc, 0x3f, 0xff, 0x80, 0x00, 0x7f, 0xff, 0xf8, 0x3f, 0xff, 0x80, 0x00,
    0x7f, 0xff, 0xf8, 0x3f, 0xff, 0x80, 0x00, 0xff, 0xff, 0xf8, 0x3f, 0xff, 0x80, 0x00, 0xff, 0xff,
    0xf8, 0x3f, 0xff, 0x80, 0x00, 0xff, 0xff, 0xf0, 0x1f, 0xff, 0x00, 0x00, 0xff, 0xff, 0xf0, 0x00,
    0x00, 0x00, 0x01, 0xff, 0xff, 0xf0, 0x00, 0x00, 0x00, 0x01, 0xff, 0xff, 0xe0, 0x00, 0x00, 0x00,
    0x01, 0xff, 0xff, 0xe0, 0x00, 0x00, 0x00, 0x03, 0xff, 0xff, 0xe0, 0x00, 0x00, 0x00, 0x03, 0xff,
    0xff, 0xe0, 0x00, 0x00, 0x00, 0x03, 0xff, 0xff, 0xc0, 0x00, 0x00, 0x00, 0x03, 0xff, 0xff, 0xc0,
    0x00, 0x00, 0x00, 0x07, 0xff, 0xff, 0xc0, 0x00, 0x00, 0x00, 0x07, 0xff, 0xff, 0x80, 0x00, 0x00,
    0x00, 0x07, 0xff, 0xff, 0x80, 0x00, 0x00, 0x00, 0x0f, 0xff, 0xff, 0x80, 0x00, 0x00, 0x00, 0x0f,
    0xff, 0xff, 0x00, 0x00, 0x00, 0x00, 0x0f, 0xff, 0xff, 0x00, 0x00, 0x00, 0x00, 0x1f, 0xff, 0xff,
    0x00, 0x00, 0x00, 0x00, 0x1f, 0xff, 0xff, 0x00, 0x00, 0x00, 0x00, 0x1f, 0xff, 0xfe, 0x00, 0x00,
    0x00, 0x00, 0x1f, 0xff, 0xfe, 0x00, 0x00, 0x00, 0x00, 0x3f, 0xff, 0xfe, 0x00, 0x00, 0x00, 0x00,
    0x3f, 0xff, 0xfc, 0x00, 0x00, 0x00, 0x00, 0x3f, 0xff, 0xfc, 0x00, 0x00, 0x00, 0x00, 0x7f, 0xff,
    0xfc, 0x00, 0x00, 0x00, 0x00, 0x7f, 0xff, 0xfc, 0x00, 0x00, 0x00, 0x00, 0x7f, 0xff, 0xf8, 0x00,
    0x00, 0x00, 0x00, 0x7f, 0xff, 0xf8, 0x00, 0x00, 0x00, 0x00, 0xff, 0xff, 0xf8, 0x00, 0x00, 0x00,
    0x00, 0xff, 0xff, 0xf0, 0x00, 0x00, 0x00, 0x00, 0xff, 0xff, 0xf0, 0x00, 0x00, 0x00, 0x01, 0xff,
    0xff, 0xf0, 0x00, 0x00, 0x00, 0x01, 0xff, 0xff, 0xe0, 0x00, 0x00, 0x00, 0x01, 0xff, 0xff, 0xe0,
    0x00, 0x00, 0x00, 0x03, 0xff, 0xff, 0xe0, 0x00, 0x00, 0x00, 0x03, 0xff, 0xff, 0xe0, 0x00, 0x00,
    0x00, 0x03, 0xff, 0xff, 0xc0, 0x00, 0x00, 0x00, 0x03, 0xff, 0xff, 0xc0, 0x00, 0x00, 0x00, 0x07,
    0xff, 0xff, 0xc0, 0x00, 0x00, 0x00, 0x07, 0xff, 0xff, 0x80, 0x00, 0x00, 0x00, 0x07, 0xff, 0xff,
    0x80, 0x00, 0x00, 0x00, 0x0f, 0xff, 0xff, 0x80, 0x00, 0x00, 0x00, 0x0f, 0xff, 0xff, 0x80, 0x00,
    0x00, 0x00, 0x0f, 0xff, 0xff, 0x00, 0x00, 0x00, 0x00, 0x0f, 0xff, 0xff, 0x00, 0x00, 0x00, 0x00,
    0x1f, 0xff, 0xff, 0x00, 0x00, 0x00, 0x00, 0x1f, 0xff, 0xfe, 0x00, 0x00, 0x00, 0x00, 0x1f, 0xff,
    0xfe, 0x00, 0x00, 0x00, 0x00, 0x3f, 0xff, 0xfe, 0x00, 0x00, 0x00, 0x00, 0x3f, 0xff, 0xfc, 0x00,
    0x00, 0x00, 0x00, 0x3f, 0xff, 0xfc, 0x00, 0x00, 0x00, 0x00, 0x3f, 0xff, 0xfc, 0x00, 0x00, 0x00,
    0x00, 0x7f, 0xff, 0xfc, 0x00, 0x00, 0x00, 0x00, 0x7f, 0xff, 0xf8, 0x00, 0x00, 0x00, 0x00, 0x7f,
    0xff, 0xf8, 0x00, 0x00, 0x00, 0x00, 0xff, 0xff, 0xf8, 0x00, 0x00, 0x00, 0x00, 0xff, 0xff, 0xf0,
    0x00, 0x00, 0x00, 0x00, 0xff, 0xff, 0xf0, 0x00, 0x00, 0x00, 0x01, 0xff, 0xff, 0xf0, 0x00, 0x00,
    0x00, 0x01, 0xff, 0xff, 0xf0, 0x00, 0x00, 0x00, 0x01, 0xff, 0xff, 0xe0, 0x00, 0x00, 0x00, 0x01,
    0xff, 0xff, 0xe0, 0x00, 0x00, 0x00, 0x03, 0xff, 0xff, 0xe0, 0x00, 0x00, 0x00, 0x03, 0xff, 0xff,
    0xc0, 0x00, 0x00, 0x00, 0x03, 0xff, 0xff, 0xc0, 0x00, 0x00, 0x00, 0x07, 0xff, 0xff, 0xc0, 0x00,
    0x00, 0x00, 0x07, 0xff, 0xff, 0x80, 0x00, 0x00, 0x00, 0x07, 0xff, 0xff, 0x80, 0x00, 0x00, 0x00,
    0x07, 0xff, 0xff, 0x80, 0x00, 0x00, 0x00, 0x0f, 0xff, 0xff, 0x80, 0x00, 0x00, 0x00, 0x0f, 0xff,
    0xff, 0x00, 0x00, 0x00, 0x00, 0x0f, 0xff, 0xff, 0x00, 0x00, 0x00, 0x00, 0x1f, 0xff, 0xff, 0x00,
    0x00, 0x00, 0x00, 0x1f, 0xff, 0xfe, 0x00, 0x00, 0x00, 0x00, 0x1f, 0xff, 0xfe, 0x00, 0x00, 0x00,
    0x00, 0x00, 0x00, 0x00, 0x00, 0x00, 0x00, 0x00, 0x00, 0x00, 0x00, 0x00, 0x00, 0x00, 0x00, 0x00,
    0x00, 0x00, 0x00, 0x00, 0x00, 0x00, 0x00, 0x00, 0x00, 0x00, 0x00, 0x00, 0x00, 0x00, 0x00, 0x00,
    0x00, 0x00, 0x00, 0x00, 0x00, 0x00, 0x00, 0x00, 0x00, 0x00, 0x00, 0x00, 0x00, 0x00, 0x00, 0x00,
    0x00, 0x00, 0x00, 0x00, 0x00, 0x00, 0x00, 0x00, 0x00, 0x00, 0x00, 0x00, 0x00, 0x00, 0x00, 0x00,
    0x00, 0x00, 0x00, 0x00, 0x00, 0x00, 0x00, 0x00, 0x00, 0x00, 0x00, 0x00, 0x00, 0x00, 0x00, 0x00,
    0x00, 0x00, 0x00, 0x00, 0x00, 0x00, 0x00, 0x00, 0x00, 0x00, 0x00, 0x00, 0x00, 0x00, 0x00, 0x00,
    0x00, 0x00, 0x00, 0x00, 0x00, 0x00, 0x00, 0x00, 0x00, 0x00, 0x00, 0x00, 0x00, 0x00, 0x00, 0x00,
    0x00, 0x00, 0x00, 0x00, 0x00, 0x00, 0x00, 0x00, 0x00, 0x00, 0x00, 0x00, 0x00, 0x00, 0x00, 0x00,
    0x00, 0x00, 0x00, 0x00, 0x00, 0x00, 0x00, 0x00, 0x00, 0x00, 0x00, 0x00, 0x00, 0x00, 0x00, 0x00,
    0x00, 0x00, 0x00, 0x00, 0x00, 0x00, 0x00, 0x00, 0x00, 0x00, 0x00, 0x00, 0x00, 0x00, 0x00, 0x00,
    0x00, 0x00, 0x00, 0x00, 0x00, 0x00, 0x00, 0x00, 0x00, 0x00, 0x00, 0x00, 0x00, 0x00, 0x00, 0x00,
    0x00, 0x00, 0x00, 0x00, 0x00, 0x00, 0x00, 0x00, 0x00, 0x00, 0x00, 0x00, 0x00, 0x00, 0x00, 0x00,
    0x00, 0x00, 0x00, 0x00, 0x00, 0x00, 0x00, 0x00, 0x00, 0x00, 0x00, 0x00, 0x00, 0x00, 0x00, 0x00,
    0x00, 0x00, 0x00, 0x00, 0x00, 0x00, 0x00, 0x00, 0x00, 0x00, 0x00, 0x00, 0x00, 0x00, 0x00, 0x00,
    0x00, 0x00, 0x00, 0x00, 0x00, 0x00, 0x00, 0x00, 0x00, 0x00, 0x00, 0x00, 0x00, 0x00, 0x00, 0x00,
    0x00, 0x00, 0x00, 0x00, 0x00, 0x00, 0x00, 0x00, 0x00, 0x00, 0x00, 0x00, 0x00, 0x00, 0x00, 0x00,
    0x00, 0x00, 0x00, 0x00, 0x00, 0x00, 0x00, 0x00, 0x00, 0x00, 0x00, 0x00, 0x00, 0x00, 0x00, 0x00,
    0x00, 0x00, 0x00, 0x00, 0x00, 0x00, 0x00, 0x00, 0x00, 0x00, 0x00, 0x00, 0x00, 0x00, 0x00, 0x00,
    0x00, 0x00, 0x00, 0x00, 0x00, 0x00, 0x00, 0x00, 0x00, 0x00, 0x00, 0x00, 0x00, 0x00, 0x00, 0x00,
    0x00, 0x00, 0x00, 0x00, 0x00, 0x00, 0x00, 0x00, 0x00, 0x00, 0x00, 0x00, 0x00, 0x00, 0x00, 0x00,
    0x00, 0x00, 0x00, 0x00, 0x00, 0x00, 0x00, 0x00, 0x00, 0x00, 0x00, 0x00, 0x00, 0x00, 0x00, 0x00,
    0x00, 0x00, 0x00, 0x00, 0x00, 0x00, 0x00, 0x00, 0x00, 0x00, 0x00, 0x00, 0x00, 0x00, 0x00, 0x00,
    0x00, 0x00, 0x00, 0x00, 0x00, 0x00, 0x00, 0x00, 0x00, 0x00, 0x00, 0x00, 0x00, 0x00, 0x00, 0x00,
    0x00, 0x00, 0x00, 0x00, 0x00, 0x00, 0x00, 0x00, 0x00, 0x00, 0x00, 0x00, 0x00, 0x00, 0x00, 0x00,
    0x00, 0x00, 0x00, 0x00, 0x00, 0x00, 0x00, 0x00, 0x00, 0x00, 0x00, 0x00, 0x00, 0x00, 0x00, 0x00,
    0x00, 0x00, 0x00, 0x00, 0x00, 0x00, 0x00, 0x00, 0x00, 0x00, 0x00, 0x00, 0x00, 0x00, 0x00, 0x00,
    0x00, 0x00, 0x00, 0x00, 0x00, 0x00, 0x00, 0x00, 0x00, 0x00, 0x00, 0x00, 0x00, 0x00, 0x00, 0x00,
    0x00, 0x00, 0x00, 0x00, 0x00, 0x00, 0x00, 0x00, 0x00, 0x00, 0x00, 0x00, 0x00, 0x00, 0x00, 0x00,
    0x00, 0x00, 0x00, 0x00, 0x00, 0x00, 0x00, 0x00, 0x00, 0x00, 0x00, 0x00, 0x00, 0x00, 0x00, 0x00,
    0x00, 0x00, 0x00, 0x00, 0x00, 0x00, 0x00, 0x00, 0x00, 0x00, 0x00, 0x00, 0x00, 0x00, 0x00, 0x00,
    0x00, 0x00, 0x00, 0x00, 0x00, 0x00, 0x00, 0x00, 0x00, 0x00, 0x00, 0x00, 0x00, 0x00, 0x00, 0x00,
    0x00, 0x00, 0x00, 0x00, 0x00, 0x00, 0x00, 0x00, 0x00, 0x00, 0x00, 0x00, 0x00, 0x00, 0x00, 0x00,
    0x00, 0x00, 0x00, 0x00, 0x00, 0x00, 0x00, 0xff, 0xf0, 0x00, 0x00, 0x00, 0x00, 0x00, 0x0f, 0xff,
    0xff, 0x00, 0x00, 0x00, 0x00, 0x00, 0x3f, 0xff, 0xff, 0xc0, 0x00, 0x00, 0x00, 0x00, 0xff, 0xff,
    0xff, 0xf0, 0x00, 0x00, 0x00, 0x03, 0xff, 0xff, 0xff, 0xfc, 0x00, 0x00, 0x00, 0x07, 0xff, 0xff,
    0xff, 0xfe, 0x00, 0x00, 0x00, 0x0f, 0xff, 0xff, 0xff, 0xff, 0x00, 0x00, 0x00, 0x1f, 0xff, 0xff,
    0xff, 0xff, 0x80, 0x00, 0x00, 0x3f, 0xff, 0xff, 0xff, 0xff, 0xc0, 0x00, 0x00, 0x7f, 0xff, 0xff,
    0xff, 0xff, 0xe0, 0x00, 0x00, 0xff, 0xff, 0xff, 0xff, 0xff, 0xf0, 0x00, 0x00, 0xff, 0xff, 0xff,
    0xff, 0xff, 0xf0, 0x00, 0x01, 0xff, 0xff, 0xff, 0xff, 0xff, 0xf8, 0x00, 0x01, 0xff, 0xff, 0xff,
    0xff, 0xff, 0xf8, 0x00, 0x03, 0xff, 0xff, 0xff, 0xff, 0xff, 0xfc, 0x00, 0x03, 0xff, 0xff, 0xff,
    0xff, 0xff, 0xfc, 0x00, 0x07, 0xff, 0xff, 0xff, 0xff, 0xff, 0xfc, 0x00, 0x07, 0xff, 0xff, 0xe0,
    0x7f, 0xff, 0xfe, 0x00, 0x07, 0xff, 0xff, 0xc0, 0x3f, 0xff, 0xfe, 0x00, 0x07, 0xff, 0xff, 0x80,
    0x1f, 0xff, 0xfe, 0x00, 0x0f, 0xff, 0xff, 0x00, 0x1f, 0xff, 0xfe, 0x00, 0x0f, 0xff, 0xff, 0x00,
    0x0f, 0xff, 0xff, 0x00, 0x0f, 0xff, 0xff, 0x00, 0x0f, 0xff, 0xff, 0x00, 0x0f, 0xff, 0xff, 0x00,
    0x0f, 0xff, 0xff, 0x00, 0x0f, 0xff, 0xfe, 0x00, 0x07, 0xff, 0xff, 0x00, 0x0f, 0xff, 0xfe, 0x00,
    0x07, 0xff, 0xff, 0x00, 0x0f, 0xff, 0xfe, 0x00, 0x07, 0xff, 0xff, 0x00, 0x0f, 0xff, 0xfe, 0x00,
    0x07, 0xff, 0xff, 0x00, 0x0f, 0xff, 0xfe, 0x00, 0x07, 0xff, 0xff, 0x00, 0x0f, 0xff, 0xfe, 0x00,
    0x07, 0xff, 0xff, 0x00, 0x0f, 0xff, 0xfe, 0x00, 0x07, 0xff, 0xfe, 0x00, 0x07, 0xff, 0xff, 0x00,
    0x0f, 0xff, 0xfe, 0x00, 0x07, 0xff, 0xff, 0x00, 0x0f, 0xff, 0xfe, 0x00, 0x07, 0xff, 0xff, 0x00,
    0x0f, 0xff, 0xfe, 0x00, 0x07, 0xff, 0xff, 0x00, 0x0f, 0xff, 0xfe, 0x00, 0x07, 0xff, 0xff, 0x80,
    0x1f, 0xff, 0xfc, 0x00, 0x03, 0xff, 0xff, 0x80, 0x1f, 0xff, 0xfc, 0x00, 0x03, 0xff, 0xff, 0xc0,
    0x3f, 0xff, 0xf8, 0x00, 0x01, 0xff, 0xff, 0xf0, 0xff, 0xff, 0xf8, 0x00, 0x01, 0xff, 0xff, 0xff,
    0xff, 0xff, 0xf0, 0x00, 0x00, 0xff, 0xff, 0xff, 0xff, 0xff, 0xf0, 0x00, 0x00, 0xff, 0xff, 0xff,
    0xff, 0xff, 0xe0, 0x00, 0x00, 0x7f, 0xff, 0xff, 0xff, 0xff, 0xc0, 0x00, 0x00, 0x3f, 0xff, 0xff,
    0xff, 0xff, 0x80, 0x00, 0x00, 0x1f, 0xff, 0xff, 0xff, 0xff, 0x00, 0x00, 0x00, 0x0f, 0xff, 0xff,
    0xff, 0xfe, 0x00, 0x00, 0x00, 0x07, 0xff, 0xff, 0xff, 0xfc, 0x00, 0x00, 0x00, 0x07, 0xff, 0xff,
    0xff, 0xfe, 0x00, 0x00, 0x00, 0x0f, 0xff, 0xff, 0xff, 0xff, 0x80, 0x00, 0x00, 0x1f, 0xff, 0xff,
    0xff, 0xff, 0xc0, 0x00, 0x00, 0x3f, 0xff, 0xff, 0xff, 0xff, 0xe0, 0x00, 0x00, 0x7f, 0xff, 0xff,
    0xff, 0xff, 0xe0, 0x00, 0x00, 0xff, 0xff, 0xff, 0xff, 0xff, 0xf0, 0x00, 0x01, 0xff, 0xff, 0xff,
    0xff, 0xff, 0xf0, 0x00, 0x01, 0xff, 0xff, 0xf0, 0xff, 0xff, 0xf8, 0x00, 0x01, 0xff, 0xff, 0xc0,
    0x7f, 0xff, 0xf8, 0x00, 0x03, 0xff, 0xff, 0x80, 0x3f, 0xff, 0xfc, 0x00, 0x03, 0xff, 0xff, 0x80,
    0x1f, 0xff, 0xfc, 0x00, 0x07, 0xff, 0xff, 0x00, 0x1f, 0xff, 0xfc, 0x00, 0x07, 0xff, 0xff, 0x00,
    0x0f, 0xff, 0xfe, 0x00, 0x07, 0xff, 0xff, 0x00, 0x0f, 0xff, 0xfe, 0x00, 0x07, 0xff, 0xff, 0x00,
    0x0f, 0xff, 0xfe, 0x00, 0x07, 0xff, 0xfe, 0x00, 0x0f, 0xff, 0xfe, 0x00, 0x0f, 0xff, 0xfe, 0x00,
    0x07, 0xff, 0xfe, 0x00, 0x0f, 0xff, 0xfe, 0x00, 0x07, 0xff, 0xff, 0x00, 0x0f, 0xff, 0xfe, 0x00,
    0x07, 0xff, 0xff, 0x00, 0x0f, 0xff, 0xfe, 0x00, 0x07, 0xff, 0xff, 0x00, 0x0f, 0xff, 0xfe, 0x00,
    0x07, 0xff, 0xff, 0x00, 0x0f, 0xff, 0xfe, 0x00, 0x07, 0xff, 0xff, 0x00, 0x0f, 0xff, 0xfe, 0x00,
    0x07, 0xff, 0xff, 0x00, 0x0f, 0xff, 0xfe, 0x00, 0x07, 0xff, 0xff, 0x00, 0x0f, 0xff, 0xfe, 0x00,
    0x0f, 0xff, 0xff, 0x00, 0x0f, 0xff, 0xfe, 0x00, 0x0f, 0xff, 0xff, 0x00, 0x0f, 0xff, 0xff, 0x00,
    0x0f, 0xff, 0xfe, 0x00, 0x0f, 0xff, 0xff, 0x00, 0x0f, 0xff, 0xfe, 0x00, 0x07, 0xff, 0xff, 0x00,
    0x0f, 0xff, 0xfe, 0x00, 0x07, 0xff, 0xff, 0x00, 0x1f, 0xff, 0xfe, 0x00, 0x07, 0xff, 0xff, 0x80,
    0x1f, 0xff, 0xfe, 0x00, 0x07, 0xff, 0xff, 0xc0, 0x3f, 0xff, 0xfc, 0x00, 0x03, 0xff, 0xff, 0xe0,
    0x7f, 0xff, 0xfc, 0x00, 0x03, 0xff, 0xff, 0xff, 0xff, 0xff, 0xfc, 0x00, 0x03, 0xff, 0xff, 0xff,
    0xff, 0xff, 0xf8, 0x00, 0x01, 0xff, 0xff, 0xff, 0xff, 0xff, 0xf8, 0x00, 0x01, 0xff, 0xff, 0xff,
    0xff, 0xff, 0xf0, 0x00, 0x00, 0xff, 0xff, 0xff, 0xff, 0xff, 0xf0, 0x00, 0x00, 0xff, 0xff, 0xff,
    0xff, 0xff, 0xe0, 0x00, 0x00, 0x7f, 0xff, 0xff, 0xff, 0xff, 0xe0, 0x00, 0x00, 0x3f, 0xff, 0xff,
    0xff, 0xff, 0xc0, 0x00, 0x00, 0x1f, 0xff, 0xff, 0xff, 0xff, 0x80, 0x00, 0x00, 0x1f, 0xff, 0xff,
    0xff, 0xff, 0x00, 0x00, 0x00, 0x0f, 0xff, 0xff, 0xff, 0xfe, 0x00, 0x00, 0x00, 0x03, 0xff, 0xff,
    0xff, 0xfc, 0x00, 0x00, 0x00, 0x01, 0xff, 0xff, 0xff, 0xf8, 0x00, 0x00, 0x00, 0x00, 0xff, 0xff,
    0xff, 0xe0, 0x00, 0x00, 0x00, 0x00, 0x3f, 0xff, 0xff, 0xc0, 0x00, 0x00, 0x00, 0x00, 0x07, 0xff,
    0xfe, 0x00, 0x00, 0x00, 0x00, 0x00, 0x00, 0xff, 0xf0, 0x00, 0x00, 0x00, 0x00, 0x00, 0x00, 0x00,
    0x00, 0x00, 0x00, 0x00, 0x00, 0x00, 0x00, 0x00, 0x00, 0x00, 0x00, 0x00, 0x00, 0x00, 0x00, 0x00,
    0x00, 0x00, 0x00, 0x00, 0x00, 0x00, 0x00, 0x00, 0x00, 0x00, 0x00, 0x00, 0x00, 0x00, 0x00, 0x00,
    0x00, 0x00, 0x00, 0x00, 0x00, 0x00, 0x00, 0x00, 0x00, 0x00, 0x00, 0x00, 0x00, 0x00, 0x00, 0x00,
    0x00, 0x00, 0x00, 0x00, 0x00, 0x00, 0x00, 0x00, 0x00, 0x00, 0x00, 0x00, 0x00, 0x00, 0x00, 0x00,
    0x00, 0x00, 0x00, 0x00, 0x00, 0x00, 0x00, 0x00, 0x00, 0x00, 0x00, 0x00, 0x00, 0x00, 0x00, 0x00,
    0x00, 0x00, 0x00, 0x00, 0x00, 0x00, 0x00, 0x00, 0x00, 0x00, 0x00, 0x00, 0x00, 0x00, 0x00, 0x00,
    0x00, 0x00, 0x00, 0x00, 0x00, 0x00, 0x00, 0x00, 0x00, 0x00, 0x00, 0x00, 0x00, 0x00, 0x00, 0x00,
    0x00, 0x00, 0x00, 0x00, 0x00, 0x00, 0x00, 0x00, 0x00, 0x00, 0x00, 0x00, 0x00, 0x00, 0x00, 0x00,
    0x00, 0x00, 0x00, 0x00, 0x00, 0x00, 0x00, 0x00, 0x00, 0x00, 0x00, 0x00, 0x00, 0x00, 0x00, 0x00,
    0x00, 0x00, 0x00, 0x00, 0x00, 0x00, 0x00, 0x00, 0x00, 0x00, 0x00, 0x00, 0x00, 0x00, 0x00, 0x00,
    0x00, 0x00, 0x00, 0x00, 0x00, 0x00, 0x00, 0x00, 0x00, 0x00, 0x00, 0x00, 0x00, 0x00, 0x00, 0x00,
    0x00, 0x00, 0x00, 0x00, 0x00, 0x00, 0x00, 0x00, 0x00, 0x00, 0x00, 0x00, 0x00, 0x00, 0x00, 0x00,
    0x00, 0x00, 0x00, 0x00, 0x00, 0x00, 0x00, 0x00, 0x00, 0x00, 0x00, 0x00, 0x00, 0x00, 0x00, 0x00,
    0x00, 0x00, 0x00, 0x00, 0x00, 0x00, 0x00, 0x00, 0x00, 0x00, 0x00, 0x00, 0x00, 0x00, 0x00, 0x00,
    0x00, 0x00, 0x00, 0x00, 0x00, 0x00, 0x00, 0x00, 0x00, 0x00, 0x00, 0x00, 0x00, 0x00, 0x00, 0x00,
    0x00, 0x00, 0x00, 0x00, 0x00, 0x00, 0x00, 0x00, 0x00, 0x00, 0x00, 0x00, 0x00, 0x00, 0x00, 0x00,
    0x00, 0x00, 0x00, 0x00, 0x00, 0x00, 0x00, 0x00, 0x00, 0x00, 0x00, 0x00, 0x00, 0x00, 0x00, 0x00,
    0x00, 0x00, 0x00, 0x00, 0x00, 0x00, 0x00, 0x00, 0x00, 0x00, 0x00, 0x00, 0x00, 0x00, 0x00, 0x00,
    0x00, 0x00, 0x00, 0x00, 0x00, 0x00, 0x00, 0x00, 0x00, 0x00, 0x00, 0x00, 0x00, 0x00, 0x00, 0x00,
    0x00, 0x00, 0x00, 0x00, 0x00, 0x00, 0x00, 0x00, 0x00, 0x00, 0x00, 0x00, 0x00, 0x00, 0x00, 0x00,
    0x00, 0x00, 0x00, 0x00, 0x00, 0x00, 0x00, 0x00, 0x00, 0x00, 0x00, 0x00, 0x00, 0x00, 0x00, 0x00,
    0x00, 0x00, 0x00, 0x00, 0x00, 0x00, 0x00, 0x00, 0x00, 0x00, 0x00, 0x00, 0x00, 0x00, 0x00, 0x00,
    0x00, 0x00, 0x00, 0x00, 0x00, 0x00, 0x00, 0x00, 0x00, 0x00, 0x00, 0x00, 0x00, 0x00, 0x00, 0x00,
    0x00, 0x00, 0x00, 0x00, 0x00, 0x00, 0x00, 0x00, 0x00, 0x00, 0x00, 0x00, 0x00, 0x00, 0x00, 0x00,
    0x00, 0x00, 0x00, 0x00, 0x00, 0x00, 0x00, 0x00, 0x00, 0x00, 0x00, 0x00, 0x00, 0x00, 0x00, 0x00,
    0x00, 0x00, 0x00, 0x00, 0x00, 0x00, 0x00, 0x00, 0x00, 0x00, 0x00, 0x00, 0x00, 0x00, 0x00, 0x00,
    0x00, 0x00, 0x00, 0x00, 0x00, 0x00, 0x00, 0x00, 0x00, 0x00, 0x00, 0x00, 0x00, 0x00, 0x00, 0x00,
    0x00, 0x00, 0x00, 0x00, 0x00, 0x00, 0x00, 0x00, 0x00, 0x00, 0x00, 0x00, 0x00, 0x00, 0x00, 0x00,
    0x00, 0x00, 0x00, 0x00, 0x00, 0x00, 0x00, 0x00, 0x00, 0x00, 0x00, 0x00, 0x00, 0x00, 0x00, 0x00,
    0x00, 0x00, 0x00, 0x00, 0x00, 0x00, 0x00, 0x00, 0x00, 0x00, 0x00, 0x00, 0x00, 0x00, 0x00, 0x00,
    0x00, 0x00, 0x00, 0x00, 0x00, 0x00, 0x00, 0x00, 0x00, 0x00, 0x00, 0x00, 0x00, 0x00, 0x00, 0x00,
    0x00, 0x00, 0x00, 0x00, 0x00, 0x00, 0x00, 0x00, 0x00, 0x00, 0x00, 0x00, 0x00, 0x00, 0x00, 0x00,
    0x00, 0x00, 0x00, 0x00, 0x00, 0x00, 0x00, 0x00, 0x00, 0x00, 0x00, 0x00, 0x00, 0x00, 0x00, 0x00,
    0x00, 0x00, 0x00, 0x00, 0x00, 0x00, 0x03, 0xff, 0xe0, 0x00, 0x00, 0x00, 0x00, 0x00, 0x3f, 0xff,
    0xfe, 0x00, 0x00, 0x00, 0x00, 0x01, 0xff, 0xff, 0xff, 0xc0, 0x00, 0x00, 0x00, 0x07, 0xff, 0xff,
    0xff, 0xe0, 0x00, 0x00, 0x00, 0x0f, 0xff, 0xff, 0xff, 0xf8, 0x00, 0x00, 0x00, 0x1f, 0xff, 0xff,
    0xff, 0xfc, 0x00, 0x00, 0x00, 0x7f, 0xff, 0xff, 0xff, 0xfe, 0x00, 0x00, 0x00, 0xff, 0xff, 0xff,
    0xff, 0xff, 0x00, 0x00, 0x01, 0xff, 0xff, 0xff, 0xff, 0xff, 0x80, 0x00, 0x01, 0xff, 0xff, 0xff,
    0xff, 0xff, 0xc0, 0x00, 0x03, 0xff, 0xff, 0xff, 0xff, 0xff, 0xe0, 0x00, 0x07, 0xff, 0xff, 0xff,
    0xff, 0xff, 0xe0, 0x00, 0x07, 0xff, 0xff, 0xff, 0xff, 0xff, 0xf0, 0x00, 0x07, 0xff, 0xff, 0xff,
    0xff, 0xff, 0xf0, 0x00, 0x0f, 0xff, 0xff, 0xff, 0xff, 0xff, 0xf8, 0x00, 0x0f, 0xff, 0xff, 0xff,
    0xff, 0xff, 0xf8, 0x00, 0x0f, 0xff, 0xff, 0xff, 0xff, 0xff, 0xf8, 0x00, 0x1f, 0xff, 0xff, 0x80,
    0xff, 0xff, 0xf8, 0x00, 0x1f, 0xff, 0xff, 0x00, 0x7f, 0xff, 0xfc, 0x00, 0x1f, 0xff, 0xff, 0x00,
    0x3f, 0xff, 0xfc, 0x00, 0x1f, 0xff, 0xfe, 0x00, 0x3f, 0xff, 0xfc, 0x00, 0x1f, 0xff, 0xfe, 0x00,
    0x1f, 0xff, 0xfc, 0x00, 0x1f, 0xff, 0xfe, 0x00, 0x1f, 0xff, 0xfc, 0x00, 0x1f, 0xff, 0xfc, 0x00,
    0x1f, 0xff, 0xfc, 0x00, 0x1f, 0xff, 0xfc, 0x00, 0x1f, 0xff, 0xfe, 0x00, 0x1f, 0xff, 0xfc, 0x00,
    0x1f, 0xff, 0xfe, 0x00, 0x3f, 0xff, 0xfc, 0x00, 0x1f, 0xff, 0xfe, 0x00, 0x3f, 0xff, 0xfc, 0x00,
    0x1f, 0xff, 0xfe, 0x00, 0x3f, 0xff, 0xfc, 0x00, 0x1f, 0xff, 0xfe, 0x00, 0x3f, 0xff, 0xfc, 0x00,
    0x1f, 0xff, 0xfe, 0x00, 0x3f, 0xff, 0xfc, 0x00, 0x1f, 0xff, 0xfe, 0x00, 0x3f, 0xff, 0xfc, 0x00,
    0x1f, 0xff, 0xfe, 0x00, 0x3f, 0xff, 0xfc, 0x00, 0x1f, 0xff, 0xfe, 0x00, 0x3f, 0xff, 0xfc, 0x00,
    0x1f, 0xff, 0xfe, 0x00, 0x3f, 0xff, 0xfc, 0x00, 0x1f, 0xff, 0xfe, 0x00, 0x1f, 0xff, 0xfc, 0x00,
    0x1f, 0xff, 0xfe, 0x00, 0x1f, 0xff, 0xfc, 0x00, 0x1f, 0xff, 0xfe, 0x00, 0x1f, 0xff, 0xfc, 0x00,
    0x1f, 0xff, 0xfe, 0x00, 0x1f, 0xff, 0xfc, 0x00, 0x1f, 0xff, 0xfe, 0x00, 0x1f, 0xff, 0xfc, 0x00,
    0x1f, 0xff, 0xfe, 0x00, 0x1f, 0xff, 0xfc, 0x00, 0x1f, 0xff, 0xfe, 0x00, 0x1f, 0xff, 0xfe, 0x00,
    0x1f, 0xff, 0xfe, 0x00, 0x1f, 0xff, 0xfe, 0x00, 0x1f, 0xff, 0xfe, 0x00, 0x1f, 0xff, 0xfe, 0x00,
    0x3f, 0xff, 0xfe, 0x00, 0x0f, 0xff, 0xff, 0x00, 0x7f, 0xff, 0xfe, 0x00, 0x0f, 0xff, 0xff, 0x80,
    0x7f, 0xff, 0xfe, 0x00, 0x0f, 0xff, 0xff, 0xc1, 0xff, 0xff, 0xfe, 0x00, 0x0f, 0xff, 0xff, 0xff,
    0xff, 0xff, 0xfe, 0x00, 0x07, 0xff, 0xff, 0xff, 0xff, 0xff, 0xfe, 0x00, 0x07, 0xff, 0xff, 0xff,
    0xff, 0xff, 0xfe, 0x00, 0x03, 0xff, 0xff, 0xff, 0xff, 0xff, 0xfe, 0x00, 0x03, 0xff, 0xff, 0xff,
    0xff, 0xff, 0xfe, 0x00, 0x01, 0xff, 0xff, 0xff, 0xff, 0xff, 0xfe, 0x00, 0x00, 0xff, 0xff, 0xff,
    0xff, 0xff, 0xfe, 0x00, 0x00, 0xff, 0xff, 0xff, 0xff, 0xff, 0xfe, 0x00, 0x00, 0x7f, 0xff, 0xff,
    0xff, 0xff, 0xfe, 0x00, 0x00, 0x3f, 0xff, 0xff, 0xff, 0xff, 0xfe, 0x00, 0x00, 0x1f, 0xff, 0xff,
    0xff, 0xff, 0xfe, 0x00, 0x00, 0x0f, 0xff, 0xff, 0xdf, 0xff, 0xfe, 0x00, 0x00, 0x03, 0xff, 0xff,
    0x9f, 0xff, 0xfe, 0x00, 0x00, 0x00, 0xff, 0xfe, 0x1f, 0xff, 0xfe, 0x00, 0x00, 0x00, 0x1f, 0xf8,
    0x1f, 0xff, 0xfe, 0x00, 0x00, 0x00, 0x00, 0x00, 0x1f, 0xff, 0xfe, 0x00, 0x00, 0x00, 0x00, 0x00,
    0x1f, 0xff, 0xfe, 0x00, 0x00, 0x00, 0x00, 0x00, 0x1f, 0xff, 0xfe, 0x00, 0x00, 0x00, 0x00, 0x00,
    0x1f, 0xff, 0xfe, 0x00, 0x00, 0x00, 0x00, 0x00, 0x1f, 0xff, 0xfe, 0x00, 0x07, 0xff, 0xfc, 0x00,
    0x1f, 0xff, 0xfe, 0x00, 0x0f, 0xff, 0xfe, 0x00, 0x1f, 0xff, 0xfe, 0x00, 0x0f, 0xff, 0xfe, 0x00,
    0x1f, 0xff, 0xfe, 0x00, 0x0f, 0xff, 0xfe, 0x00, 0x1f, 0xff, 0xfe, 0x00, 0x0f, 0xff, 0xfe, 0x00,
    0x1f, 0xff, 0xfe, 0x00, 0x0f, 0xff, 0xfe, 0x00, 0x1f, 0xff, 0xfe, 0x00, 0x0f, 0xff, 0xfe, 0x00,
    0x1f, 0xff, 0xfe, 0x00, 0x0f, 0xff, 0xfe, 0x00, 0x1f, 0xff, 0xfe, 0x00, 0x0f, 0xff, 0xff, 0x00,
    0x1f, 0xff, 0xfe, 0x00, 0x0f, 0xff, 0xff, 0x00, 0x1f, 0xff, 0xfe, 0x00, 0x0f, 0xff, 0xff, 0x00,
    0x3f, 0xff, 0xfe, 0x00, 0x0f, 0xff, 0xff, 0x80, 0x7f, 0xff, 0xfc, 0x00, 0x0f, 0xff, 0xff, 0xc0,
    0xff, 0xff, 0xfc, 0x00, 0x07, 0xff, 0xff, 0xff, 0xff, 0xff, 0xfc, 0x00, 0x07, 0xff, 0xff, 0xff,
    0xff, 0xff, 0xfc, 0x00, 0x07, 0xff, 0xff, 0xff, 0xff, 0xff, 0xf8, 0x00, 0x03, 0xff, 0xff, 0xff,
    0xff, 0xff, 0xf8, 0x00, 0x03, 0xff, 0xff, 0xff, 0xff, 0xff, 0xf0, 0x00, 0x01, 0xff, 0xff, 0xff,
    0xff, 0xff, 0xf0, 0x00, 0x01, 0xff, 0xff, 0xff, 0xff, 0xff, 0xe0, 0x00, 0x00, 0xff, 0xff, 0xff,
    0xff, 0xff, 0xc0, 0x00, 0x00, 0x7f, 0xff, 0xff, 0xff, 0xff, 0xc0, 0x00, 0x00, 0x3f, 0xff, 0xff,
    0xff, 0xff, 0x80, 0x00, 0x00, 0x1f, 0xff, 0xff, 0xff, 0xff, 0x00, 0x00, 0x00, 0x0f, 0xff, 0xff,
    0xff, 0xfe, 0x00, 0x00, 0x00, 0x07, 0xff, 0xff, 0xff, 0xf8, 0x00, 0x00, 0x00, 0x01, 0xff, 0xff,
    0xff, 0xf0, 0x00, 0x00, 0x00, 0x00, 0xff, 0xff, 0xff, 0xc0, 0x00, 0x00, 0x00, 0x00, 0x1f, 0xff,
    0xfe, 0x00, 0x00, 0x00, 0x00, 0x00, 0x01, 0xff, 0xe0, 0x00, 0x00, 0x00, 0x00, 0x00, 0x00, 0x00,
    0x00, 0x00, 0x00, 0x00, 0x00, 0x00, 0x00, 0x00, 0x00, 0x00, 0x00, 0x00, 0x00, 0x00, 0x00, 0x00,
    0x00, 0x00, 0x00, 0x00, 0x00, 0x00, 0x00, 0x00, 0x00, 0x00, 0x00, 0x00, 0x00, 0x00, 0x00, 0x00,
    0x00, 0x00, 0x00, 0x00, 0x00, 0x00, 0x00, 0x00, 0x00, 0x00, 0x00, 0x00, 0x00, 0x00, 0x00, 0x00,
    0x00, 0x00, 0x00, 0x00, 0x00, 0x00, 0x00, 0x00, 0x00, 0x00, 0x00, 0x00, 0x00, 0x00, 0x00, 0x00,
    0x00, 0x00, 0x00, 0x00, 0x00, 0x00, 0x00, 0x00, 0x00, 0x00, 0x00, 0x00, 0x00, 0x00, 0x00, 0x00,
    0x00, 0x00, 0x00, 0x00, 0x00, 0x00, 0x00, 0x00, 0x00, 0x00, 0x00, 0x00, 0x00, 0x00, 0x00, 0x00,
    0x00, 0x00, 0x00, 0x00, 0x00, 0x00, 0x00, 0x00, 0x00, 0x00, 0x00, 0x00, 0x00, 0x00, 0x00, 0x00,
    0x00, 0x00, 0x00, 0x00, 0x00, 0x00, 0x00, 0x00, 0x00, 0x00, 0x00, 0x00, 0x00, 0x00, 0x00, 0x00,
    0x00, 0x00, 0x00, 0x00, 0x00, 0x00, 0x00, 0x00, 0x00, 0x00, 0x00, 0x00, 0x00, 0x00, 0x00, 0x00,
    0x00, 0x00, 0x00, 0x00, 0x00, 0x00, 0x00, 0x00, 0x00, 0x00, 0x00, 0x00, 0x00, 0x00, 0x00, 0x00,
    0x00, 0x00, 0x00, 0x00, 0x00, 0x00, 0x00, 0x00, 0x00, 0x00, 0x00, 0x00, 0x00, 0x00, 0x00, 0x00,
    0x00, 0x00, 0x00, 0x00, 0x00, 0x00, 0x00, 0x00, 0x00, 0x00, 0x00, 0x00, 0x00, 0x00, 0x00, 0x00,
    0x00, 0x00, 0x00, 0x00, 0x00, 0x00, 0x00, 0x00, 0x00, 0x00, 0x00, 0x00, 0x00, 0x00, 0x00, 0x00,
    0x00, 0x00, 0x00, 0x00, 0x00, 0x00, 0x00, 0x00, 0x00, 0x00, 0x00, 0x00, 0x00, 0x00, 0x00, 0x00,
    0x00, 0x00, 0x00, 0x00, 0x00, 0x00, 0x00, 0x00, 0x00, 0x00, 0x00, 0x00, 0x00, 0x00, 0x00, 0x00,
    0x00, 0x00, 0x00, 0x00, 0x00, 0x00, 0x00, 0x00, 0x00, 0x00, 0x00, 0x00, 0x00, 0x00, 0x00, 0x00,
    0x00, 0x00, 0x00, 0x00, 0x00, 0x00, 0x00, 0x00, 0x00, 0x00, 0x00, 0x00, 0x00, 0x00, 0x00, 0x00,
    0x00, 0x00, 0x00, 0x00, 0x00, 0x00, 0x00, 0x00, 0x00, 0x00, 0x00, 0x00, 0x00, 0x00, 0x00, 0x00,
    0x00, 0x00, 0x00, 0x00, 0x00, 0x00, 0x00, 0x00, 0x00, 0x00, 0x00, 0x00, 0x00, 0x00, 0x00, 0x00,
    0x00, 0x00, 0x00, 0x00, 0x00, 0x00, 0x00, 0x00, 0x00, 0x00, 0x00, 0x00, 0x00, 0x00, 0x00, 0x00,
    0x00, 0x00, 0x00, 0x00, 0x00, 0x00, 0x00, 0x00, 0x00, 0x00, 0x00, 0x00, 0x00, 0x00, 0x00, 0x00,
    0x00, 0x00, 0x00, 0x00, 0x00, 0x00, 0x00, 0x00, 0x00, 0x00, 0x00, 0x00, 0x00, 0x00, 0x00, 0x00,
    0x00, 0x00, 0x00, 0x00, 0x00, 0x00, 0x00, 0x00, 0x00, 0x00, 0x00, 0x00, 0x00, 0x00, 0x00, 0x00,
    0x00, 0x00, 0x00, 0x00, 0x00, 0x00, 0x00, 0x00, 0x00, 0x00, 0x00, 0x00, 0x00, 0x00, 0x00, 0x00,
    0x00, 0x00, 0x00, 0x00, 0x00, 0x00, 0x00, 0x00, 0x00, 0x00, 0x00, 0x00, 0x00, 0x00, 0x00, 0x00,
    0x00, 0x00, 0x00, 0x00, 0x00, 0x00, 0x00, 0x00, 0x00, 0x00, 0x00, 0x00, 0x00, 0x00, 0x00, 0x00,
    0x00, 0x00, 0x00, 0x00, 0x00, 0x00, 0x00, 0x00, 0x00, 0x00, 0x00, 0x00, 0x00, 0x00, 0x00, 0x00,
    0x00, 0x00, 0x00, 0x00, 0x00, 0x00, 0x00, 0x00, 0x00, 0x00, 0x00, 0x00, 0x00, 0x00, 0x00, 0x00,
    0x00, 0x00, 0x00, 0x00, 0x00, 0x00, 0x00, 0x00, 0x00, 0x00, 0x00, 0x00, 0x00, 0x00, 0x00, 0x00,
    0x00, 0x00, 0x00, 0x00, 0x00, 0x00, 0x00, 0x00, 0x00, 0x00, 0x00, 0x00, 0x00, 0x00, 0x00, 0x00,
    0x00, 0x00, 0x00, 0x00, 0x00, 0x00, 0x00, 0x00, 0x00, 0x00, 0x00, 0x00, 0x00, 0x00, 0x00, 0x00,
    0x00, 0x00, 0x00, 0x00, 0x00, 0x00, 0x00, 0x00, 0x00, 0x00, 0x00, 0x00, 0x00, 0x00, 0x00, 0x00,
    0x00, 0x00, 0x00, 0x00, 0x00, 0x00, 0x00, 0x00, 0x00, 0x00, 0x00, 0x00, 0x00, 0x00, 0x00, 0x00,
    0x00, 0x00, 0x00, 0x00, 0x00, 0x00, 0x00, 0x00, 0x00, 0x00, 0x00, 0x00, 0x00, 0x00, 0x00, 0x00,
    0x00, 0x00, 0x00, 0x00, 0x00, 0x00, 0x00, 0x00, 0x00, 0x00, 0x00, 0x00, 0x00, 0x00, 0x00, 0x00,
    0x00, 0x00, 0x00, 0x00, 0x00, 0x00, 0x00, 0x00, 0x00, 0x00, 0x00, 0x00, 0x00, 0x00, 0x00, 0x00,
    0x00, 0x00, 0x00, 0x00, 0x00, 0x00, 0x00, 0x00, 0x00, 0x00, 0x00, 0x00, 0x00, 0x00, 0x00, 0x00,
    0x00, 0x00, 0x00, 0x00, 0x00, 0x00, 0x00, 0x00, 0x00, 0x00, 0x00, 0x00, 0x00, 0x00, 0x00, 0x00,
    0x00, 0x00, 0x00, 0x00, 0x00, 0x00, 0x00, 0x00, 0x00, 0x00, 0x00, 0x00, 0x00, 0x00, 0x00, 0x00,
    0x00, 0x00, 0x00, 0x00, 0x00, 0x00, 0x00, 0x00, 0x00, 0x00, 0x00, 0x00, 0x00, 0x00, 0x00, 0x00,
    0x00, 0x00, 0x00, 0x00, 0x00, 0x00, 0x00, 0x00, 0x00, 0x00, 0x00, 0x00, 0x00, 0x00, 0x00, 0x00,
    0x00, 0x00, 0x00, 0x00, 0x00, 0x00, 0x00, 0x00, 0x00, 0x00, 0x00, 0x00, 0x00, 0xff, 0xff, 0x00,
    0x01, 0xff, 0xff, 0x00, 0x01, 0xff, 0xff, 0x00, 0x01, 0xff, 0xff, 0x00, 0x01, 0xff, 0xff, 0x00,
    0x01, 0xff, 0xfe, 0x00, 0x01, 0xff, 0xfe, 0x00, 0x03, 0xff, 0xfe, 0x00, 0x03, 0xff, 0xfe, 0x00,
    0x03, 0xff, 0xfc, 0x00, 0x03, 0xff, 0xfc, 0x00, 0x03, 0xff, 0xfc, 0x00, 0x03, 0xff, 0xfc, 0x00,
    0x03, 0xff, 0xf8, 0x00, 0x03, 0xff, 0xf8, 0x00, 0x03, 0xff, 0xf8, 0x00, 0x03, 0xff, 0xf8, 0x00,
    0x07, 0xff, 0xf8, 0x00, 0x07, 0xff, 0xf0, 0x00, 0x07, 0xff, 0xf0, 0x00, 0x07, 0xff, 0xf0, 0x00,
    0x07, 0xff, 0xf0, 0x00, 0x07, 0xff, 0xe0, 0x00, 0x07, 0xff, 0xe0, 0x00, 0x07, 0xff, 0xe0, 0x00,
    0x07, 0xff, 0xe0, 0x00, 0x07, 0xff, 0xe0, 0x00, 0x07, 0xff, 0xc0, 0x00, 0x0f, 0xff, 0xc0, 0x00,
    0x0f, 0xff, 0xc0, 0x00, 0x0f, 0xff, 0xc0, 0x00, 0x0f, 0xff, 0x80, 0x00, 0x0f, 0xff, 0x80, 0x00,
    0x0f, 0xff, 0x80, 0x00, 0x0f, 0xff, 0x00, 0x00, 0x00, 0x00, 0x00, 0x00, 0x00, 0x00, 0x00, 0x00,
    0x00, 0x00, 0x00, 0x00, 0x00, 0x00, 0x00, 0x00, 0x00, 0x00, 0x00, 0x00, 0x00, 0x00, 0x00, 0x00,
    0x00, 0x00, 0x00, 0x00, 0x00, 0x00, 0x00, 0x00, 0x00, 0x00, 0x00, 0x00, 0x00, 0x00, 0x00, 0x00,
    0x00, 0x00, 0x00, 0x00, 0x00, 0x00, 0x00, 0x00, 0x00, 0x00, 0x00, 0x00, 0x00, 0x00, 0x00, 0x00,
    0x00, 0x00, 0x00, 0x00, 0x00, 0x00, 0x00, 0x00, 0x00, 0x00, 0x00, 0x00, 0x00, 0x00, 0x00, 0x00,
    0x00, 0x00, 0x00, 0x00, 0x00, 0x00, 0x00, 0x00, 0x00, 0x00, 0x00, 0x00, 0x00, 0x00, 0x00, 0x00,
    0x00, 0x00, 0x00, 0x00, 0x00, 0x00, 0x00, 0x00, 0x00, 0x00, 0x00, 0x00, 0x00, 0x00, 0x00, 0x00,
    0x00, 0x00, 0x00, 0x00, 0x00, 0x00, 0x00, 0x00, 0x00, 0x00, 0x00, 0x00, 0x00, 0x00, 0x00, 0x00,
    0x00, 0x00, 0x00, 0x00, 0x00, 0x00, 0x00, 0x00, 0x00, 0x00, 0x00, 0x00, 0x00, 0x00, 0x00, 0x00,
    0x00, 0x00, 0x00, 0x00, 0x00, 0x00, 0x00, 0x00, 0x00, 0x00, 0x00, 0x00, 0x00, 0x00, 0x00, 0x00,
    0x00, 0x00, 0x00, 0x00, 0x00, 0x00, 0x00, 0x00, 0x00, 0x00, 0x00, 0x00, 0x00, 0x00, 0x00, 0x00,
    0x00, 0x00, 0x00, 0x00, 0x00, 0x00, 0x00, 0x00, 0x00, 0x00, 0x00, 0x00, 0x00, 0x00, 0x00, 0x00,
    0x00, 0x00, 0x00, 0x00, 0x00, 0x00, 0x00, 0x00, 0x00, 0x00, 0x00, 0x00, 0x00, 0x00, 0x00, 0x00,
    0x00, 0x00, 0x00, 0x00, 0x00, 0x00, 0x00, 0x00, 0x00, 0x00, 0x00, 0x00, 0x00, 0x00, 0x00, 0x00,
    0x00, 0x00, 0x00, 0x00, 0x00, 0x00, 0x00, 0x00, 0x00, 0x00, 0x00, 0x00, 0x00, 0x00, 0x00, 0x00,
    0x00, 0x00, 0x00, 0x00, 0x00, 0x00, 0x00, 0x00, 0x00, 0x00, 0x00, 0x00, 0x00, 0x00, 0x00, 0x00,
    0x00, 0x00, 0x00, 0x00, 0x00, 0x00, 0x00, 0x00, 0x00, 0x00, 0x00, 0x00, 0x00, 0x00, 0x00, 0x00,
    0x00, 0x00, 0x00, 0x00, 0x00, 0x00, 0x00, 0x00, 0x00, 0x00, 0x00, 0x00, 0x00, 0x00, 0x00, 0x00,
    0x00, 0x00, 0x00, 0x00, 0x00, 0x00, 0x00, 0x00, 0x00, 0x00, 0x00, 0x00, 0x00, 0x00, 0x00, 0x00,
    0x00, 0x00, 0x00, 0x00, 0x00, 0x00, 0x00, 0x00, 0x00, 0x00, 0x00, 0x00, 0x00, 0x00, 0x00, 0x00,
    0x00, 0x00, 0x00, 0x00, 0x00, 0x00, 0x00, 0x00, 0x00, 0x00, 0x00, 0x00, 0x00, 0x00, 0x00, 0x00,
    0x00, 0x00, 0x00, 0x00, 0x00, 0x00, 0x00, 0x00, 0x00, 0x00, 0x00, 0x00, 0x00, 0x00, 0x00, 0x00,
    0x00, 0x00, 0x00, 0x00, 0x00, 0x00, 0x00, 0x00, 0x00, 0x00, 0x00, 0x00, 0x00, 0x00, 0x00, 0x00,
    0x00, 0x00, 0x00, 0x00, 0x00, 0x00, 0x00, 0x00, 0x00, 0x00, 0x00, 0x00, 0x00, 0x00, 0x00, 0x00,
    0x00, 0x00, 0x00, 0x00, 0x00, 0x00, 0x00, 0x00, 0x00, 0x00, 0x00, 0x00, 0x00, 0x00, 0x00, 0x00,
    0x00, 0x00, 0x00, 0x00, 0x00, 0x00, 0x00, 0x00, 0x00, 0x00, 0x00, 0x00, 0x00, 0x00, 0x00, 0x00,
    0x00, 0x00, 0x00, 0x00, 0x00, 0x00, 0x00, 0x00, 0x00, 0x00, 0x00, 0x00, 0x00, 0x00, 0x00, 0x00,
    0x00, 0x00, 0x00, 0x00, 0x00, 0x00, 0x00, 0x00, 0x00, 0x00, 0x00, 0x00, 0x00, 0x00, 0x00, 0x00,
    0x00, 0x00, 0x00, 0x00, 0x00, 0x00, 0x00, 0x00, 0x00, 0x00, 0x00, 0x00, 0x00, 0x00, 0x00, 0x00,
    0x00, 0x00, 0x00, 0x00, 0x00, 0x00, 0x00, 0x00, 0x00, 0x00, 0x00, 0x00, 0x00, 0x00, 0x00, 0x00,
    0x00, 0x00, 0x00, 0x00, 0x00, 0x00, 0x00, 0x00, 0x00, 0x00, 0x00, 0x00, 0x00, 0x00, 0x00, 0x00,
    0x00, 0x00, 0x00, 0x00, 0x00, 0x00, 0x00, 0x00, 0x00, 0x00, 0x00, 0x00, 0x00, 0x00, 0x00, 0x00,
    0x00, 0x00, 0x00, 0x00, 0x00, 0x00, 0x00, 0x00, 0x00, 0x00, 0x00, 0x00, 0x00, 0x00, 0x00, 0x00,
    0x00, 0x0f, 0xe0, 0x00, 0x00, 0x7f, 0xf8, 0x00, 0x00, 0xff, 0xfe, 0x00, 0x01, 0xff, 0xff, 0x00,
    0x03, 0xff, 0xff, 0x00, 0x03, 0xff, 0xff, 0x80, 0x07, 0xff, 0xff, 0x80, 0x07, 0xff, 0xff, 0xc0,
    0x07, 0xff, 0xff, 0xc0, 0x0f, 0xff, 0xff, 0xc0, 0x0f, 0xff, 0xff, 0xc0, 0x0f, 0xff, 0xff, 0xc0,
    0x07, 0xff, 0xff, 0xc0, 0x07, 0xff, 0xff, 0xc0, 0x07, 0xff, 0xff, 0x80, 0x03, 0xff, 0xff, 0x80,
    0x03, 0xff, 0xff, 0x00, 0x01, 0xff, 0xfe, 0x00, 0x00, 0xff, 0xfc, 0x00, 0x00, 0x7f, 0xf8, 0x00,
    0x00, 0x0f, 0xe0, 0x00, 0x00, 0x00, 0x00, 0x00, 0x00, 0x00, 0x00, 0x00, 0x00, 0x00, 0x00, 0x00,
    0x00, 0x00, 0x00, 0x00, 0x00, 0x00, 0x00, 0x00, 0x00, 0x00, 0x00, 0x00, 0x00, 0x00, 0x00, 0x00,
    0x00, 0x00, 0x00, 0x00, 0x00, 0x00, 0x00, 0x00, 0x00, 0x00, 0x00, 0x00, 0x00, 0x00, 0x00, 0x00,
    0x00, 0x00, 0x00, 0x00, 0x00, 0x00, 0x00, 0x00, 0x00, 0x00, 0x00, 0x00, 0x00, 0x00, 0x00, 0x00,
    0x00, 0x00, 0x00, 0x00, 0x00, 0x00, 0x00, 0x00, 0x00, 0x00, 0x00, 0x00, 0x00, 0x00, 0x00, 0x00,
    0x00, 0x00, 0x00, 0x00, 0x00, 0x00, 0x00, 0x00, 0x00, 0x00, 0x00, 0x00, 0x00, 0x00, 0x00, 0x00,
    0x00, 0x00, 0x00, 0x00, 0x00, 0x00, 0x00, 0x00, 0x00, 0x00, 0x00, 0x00, 0x00, 0x00, 0x00, 0x00,
    0x00, 0x00, 0x00, 0x00, 0x00, 0x00, 0x00, 0x00, 0x00, 0x00, 0x00, 0x00, 0x00, 0x00, 0x00, 0x00,
    0x00, 0x00, 0x00, 0x00, 0x00, 0x00, 0x00, 0x00, 0x00, 0x00, 0x00, 0x00, 0x00, 0x00, 0x00, 0x00,
    0x00, 0x00, 0x00, 0x00, 0x00, 0x00, 0x00, 0x00, 0x00, 0x00, 0x00, 0x00, 0x00, 0x00, 0x00, 0x00,
    0x00, 0x00, 0x00, 0x00, 0x00, 0x00, 0x00, 0x00, 0x00, 0x00, 0x00, 0x00, 0x00, 0x00, 0x00, 0x00,
    0x00, 0x00, 0x00, 0x00, 0x00, 0x00, 0x00, 0x00, 0x00, 0x00, 0x00, 0x00, 0x00, 0x00, 0x00, 0x00,
    0x00, 0x00, 0x00, 0x00, 0x00, 0x00, 0x00, 0x00, 0x00, 0x00, 0x00, 0x00, 0x00, 0x00, 0x00, 0x00,
    0x00, 0x00, 0x00, 0x00, 0x00, 0x00, 0x00, 0x00, 0x00, 0x00, 0x00, 0x00, 0x00, 0x00, 0x00, 0x00,
    0x00, 0x00, 0x00, 0x00, 0x00, 0x00, 0x00, 0x00, 0x00, 0x00, 0x00, 0x00, 0x00, 0x00, 0x00, 0x00,
    0x00, 0x00, 0x00, 0x00, 0x00, 0x00, 0x00, 0x00, 0x00, 0x00, 0x00, 0x00, 0x00, 0x00, 0x00, 0x00,
    0x00, 0x00, 0x00, 0x00, 0x00, 0x00, 0x00, 0x00, 0x00, 0x00, 0x00, 0x00, 0x00, 0x00, 0x00, 0x00,
    0x00, 0x00, 0x00, 0x00, 0x00, 0x00, 0x00, 0x00, 0x00, 0x00, 0x00, 0x00, 0x00, 0x00, 0x00, 0x00,
    0x00, 0x00, 0x00, 0x00, 0x00, 0x00, 0x00, 0x00, 0x00, 0x00, 0x00, 0x00, 0x00, 0x00, 0x00, 0x00,
    0x00, 0x00, 0x00, 0x00, 0x00, 0x00, 0x00, 0x00, 0x00, 0x00, 0x00, 0x00, 0x00, 0x00, 0x00, 0x00,
    0x00, 0x00, 0x00, 0x00, 0x00, 0x00, 0x00, 0x00, 0x00, 0x00, 0x00, 0x00, 0x00, 0x00, 0x00, 0x00,
    0x00, 0x00, 0x00, 0x00, 0x00, 0x00, 0x00, 0x00, 0x00, 0x00, 0x00, 0x00, 0x00, 0x00, 0x00, 0x00,
    0x00, 0x00, 0x00, 0x00, 0x00, 0x00, 0x00, 0x00, 0x00, 0x00, 0x00, 0x00, 0x00, 0x00, 0x00, 0x00,
    0x00, 0x00, 0x00, 0x00, 0x00, 0x00, 0x00, 0x00, 0x00, 0x00, 0x00, 0x00, 0x00, 0x00, 0x00, 0x00,
    0x00, 0x00, 0x00, 0x00, 0x00, 0x00, 0x00, 0x00, 0x00, 0x00, 0x00, 0x00, 0x00, 0x00, 0x00, 0x00,
    0x00, 0x00, 0x00, 0x00, 0x00, 0x00, 0x00, 0x00, 0x00, 0x00, 0x00, 0x00, 0x00, 0x00, 0x00, 0x00,
    0x00, 0x00, 0x00, 0x00, 0x00, 0x00, 0x00, 0x00, 0x00, 0x00, 0x00, 0x00, 0x00, 0x00, 0x00, 0x00,
    0x00, 0x00, 0x00, 0x00, 0x00, 0x00, 0x00, 0x00, 0x00, 0x00, 0x00, 0x00, 0x00, 0x00, 0x00, 0x00,
    0x00, 0x00, 0x00, 0x00, 0x00, 0x00, 0x00, 0x00, 0x00, 0x00, 0x00, 0x00, 0x00, 0x00, 0x00, 0x00,
    0x00, 0x00, 0x00, 0x00, 0x00, 0x00, 0x00, 0x00, 0x00, 0x00, 0x00, 0x00, 0x00, 0x00, 0x00, 0x00,
    0x00, 0x00, 0x00, 0x00, 0x00, 0x00, 0x00, 0x00, 0x00, 0x00, 0x00, 0x00, 0x00, 0x00, 0x00, 0x00,
    0x00, 0x00, 0x00, 0x00, 0x00, 0x00, 0x00, 0x00, 0x00, 0x00, 0x00, 0x00, 0x00, 0x00, 0x00, 0x00,
    0x00, 0x00, 0x00, 0x00, 0x00, 0x00, 0x00, 0x00, 0x00, 0x00, 0x00, 0x00, 0x00, 0x00, 0x00, 0x00,
    0x00, 0x00, 0x00, 0x00, 0x00, 0x00, 0x00, 0x00, 0x00, 0x00, 0x00, 0x00, 0x00, 0x00, 0x00, 0x00,
    0x00, 0x00, 0x00, 0x00, 0x00, 0x00, 0x00, 0x00, 0x00, 0x00, 0x00, 0x00, 0x00, 0x00, 0x00, 0x00,
    0x00, 0x00, 0x00, 0x00, 0x00, 0x00, 0x00, 0x00, 0x00, 0x00, 0x00, 0x00, 0x00, 0x00, 0x00, 0x00,
    0x00, 0x00, 0x00, 0x00, 0x00, 0x00, 0x00, 0x00, 0x00, 0x00, 0x00, 0x00, 0x00, 0x00, 0x00, 0x00,
    0x00, 0x00, 0x00, 0x00, 0x00, 0x00, 0x00, 0x00, 0x00, 0x00, 0x00, 0x00, 0x00, 0x00, 0x00, 0x00,
    0x00, 0x00, 0x00, 0x00, 0x00, 0x00, 0x00, 0x00, 0x00, 0x00, 0x00, 0x00, 0x00, 0x00, 0x00, 0x00,
    0x00, 0x00, 0x00, 0x00, 0x00, 0x00, 0x00, 0x00, 0x00, 0x00, 0x00, 0x00, 0x00, 0x00, 0x07, 0xff,
    0xff, 0xff, 0xff, 0x00, 0x1f, 0xff, 0xff, 0xff, 0xff, 0xc0, 0x1f, 0xff, 0xff, 0xff, 0xff, 0xc0,
    0x1f, 0xff, 0xff, 0xff, 0xff, 0xc0, 0x1f, 0xff, 0xff, 0xff, 0xff, 0xc0, 0x1f, 0xff, 0xff, 0xff,
    0xff, 0xc0, 0x1f, 0xff, 0xff, 0xff, 0xff, 0xc0, 0x1f, 0xff, 0xff, 0xff, 0xff, 0xc0, 0x1f, 0xff,
    0xff, 0xff, 0xff, 0xc0, 0x1f, 0xff, 0xff, 0xff, 0xff, 0xc0, 0x1f, 0xff, 0xff, 0xff, 0xff, 0xc0,
    0x1f, 0xff, 0xff, 0xff, 0xff, 0xc0, 0x1f, 0xff, 0xff, 0xff, 0xff, 0xc0, 0x1f, 0xff, 0xff, 0xff,
    0xff, 0xc0, 0x1f, 0xff, 0xff, 0xff, 0xff, 0xc0, 0x1f, 0xff, 0xff, 0xff, 0xff, 0xc0, 0x0f, 0xff,
    0xff, 0xff, 0xff, 0x80, 0x00, 0x00, 0x00, 0x00, 0x00, 0x00, 0x00, 0x00, 0x00, 0x00, 0x00, 0x00,
    0x00, 0x00, 0x00, 0x00, 0x00, 0x00, 0x00, 0x00, 0x00, 0x00, 0x00, 0x00, 0x00, 0x00, 0x00, 0x00,
    0x00, 0x00, 0x00, 0x00, 0x00, 0x00, 0x00, 0x00, 0x00, 0x00, 0x00, 0x00, 0x00, 0x00, 0x00, 0x00,
    0x00, 0x00, 0x00, 0x00, 0x00, 0x00, 0x00, 0x00, 0x00, 0x00, 0x00, 0x00, 0x00, 0x00, 0x00, 0x00,
    0x00, 0x00, 0x00, 0x00, 0x00, 0x00, 0x00, 0x00, 0x00, 0x00, 0x00, 0x00, 0x00, 0x00, 0x00, 0x00,
    0x00, 0x00, 0x00, 0x00, 0x00, 0x00, 0x00, 0x00, 0x00, 0x00, 0x00, 0x00, 0x00, 0x00, 0x00, 0x00,
    0x00, 0x00, 0x00, 0x00, 0x00, 0x00, 0x00, 0x00, 0x00, 0x00, 0x00, 0x00, 0x00, 0x00, 0x00, 0x00,
    0x00, 0x00, 0x00, 0x00, 0x00, 0x00, 0x00, 0x00, 0x00, 0x00, 0x00, 0x00, 0x00, 0x00, 0x00, 0x00,
    0x00, 0x00, 0x00, 0x00, 0x00, 0x00, 0x00, 0x00, 0x00, 0x00, 0x00, 0x00, 0x00, 0x00, 0x00, 0x00,
    0x00, 0x00, 0x00, 0x00, 0x00, 0x00, 0x00, 0x00, 0x00, 0x00, 0x00, 0x00, 0x00, 0x00, 0x00, 0x00,
    0x00, 0x00, 0x00, 0x00, 0x00, 0x00, 0x00, 0x00, 0x00, 0x00, 0x00, 0x00, 0x00, 0x00, 0x00, 0x00,
    0x00, 0x00, 0x00, 0x00, 0x00, 0x00, 0x00, 0x00, 0x00, 0x00, 0x00, 0x00, 0x00, 0x00, 0x00, 0x00,
    0x00, 0x00, 0x00, 0x00, 0x00, 0x00, 0x00, 0x00, 0x00, 0x00, 0x00, 0x00, 0x00, 0x00, 0x00, 0x00,
    0x00, 0x00, 0x00, 0x00, 0x00, 0x00, 0x00, 0x00, 0x00, 0x00, 0x00, 0x00, 0x00, 0x00, 0x00, 0x00,
    0x00, 0x00, 0x00, 0x00, 0x00, 0x00, 0x00, 0x00, 0x00, 0x00, 0x00, 0x00, 0x00, 0x00, 0x00, 0x00,
    0x00, 0x00, 0x00, 0x00, 0x00, 0x00, 0x00, 0x00, 0x00, 0x00, 0x00, 0x00, 0x00, 0x00, 0x00, 0x00,
    0x00, 0x00, 0x00, 0x00, 0x00, 0x00, 0x00, 0x00, 0x00, 0x00, 0x00, 0x00, 0x00, 0x00, 0x00, 0x00,
    0x00, 0x00, 0x00, 0x00, 0x00, 0x00, 0x00, 0x00, 0x00, 0x00, 0x00, 0x00, 0x00, 0x00, 0x00, 0x00,
    0x00, 0x00, 0x00, 0x00, 0x00, 0x00, 0x00, 0x00, 0x00, 0x00, 0x00, 0x00, 0x00, 0x00, 0x00, 0x00,
    0x00, 0x00, 0x00, 0x00, 0x00, 0x00, 0x00, 0x00, 0x00, 0x00, 0x00, 0x00, 0x00, 0x00, 0x00, 0x00,
    0x00, 0x00, 0x00, 0x00, 0x00, 0x00, 0x00, 0x00, 0x00, 0x00, 0x00, 0x00, 0x00, 0x00, 0x00, 0x00,
    0x00, 0x00, 0x00, 0x00, 0x00, 0x00, 0x00, 0x00, 0x00, 0x00, 0x00, 0x00, 0x00, 0x00, 0x00, 0x00,
    0x00, 0x00, 0x00, 0x00, 0x00, 0x00, 0x00, 0x00, 0x00, 0x00, 0x00, 0x00, 0x00, 0x00, 0x00, 0x00,
    0x00, 0x00, 0x00, 0x00, 0x00, 0x00, 0x00, 0x00, 0x00, 0x00, 0x00, 0x00, 0x00, 0x00, 0x00, 0x00,
    0x00, 0x00, 0x00, 0x00, 0x00, 0x00, 0x00, 0x00, 0x00, 0x00, 0x00, 0x00, 0x00, 0x00, 0x00, 0x00,
    0x00, 0x00, 0x00, 0x00, 0x00, 0x00, 0x00, 0x00, 0x00, 0x00, 0x00, 0x00, 0x00, 0x00, 0x00, 0x00,
    0x00, 0x00, 0x00, 0x00, 0x00, 0x00, 0x00, 0x00, 0x00, 0x00, 0x00, 0x00, 0x00, 0x00, 0x00, 0x00,
    0x00, 0x00, 0x00, 0x00, 0x00, 0x00, 0x00, 0x00, 0x00, 0x00, 0x00, 0x00, 0x00, 0x00, 0x00, 0x00,
    0x00, 0x00, 0x00, 0x00, 0x00, 0x00, 0x00, 0x00, 0x00, 0x00, 0x00, 0x00, 0x00, 0x00, 0x00, 0x00,
    0x00, 0x00, 0x00, 0x00, 0x00, 0x00, 0x00, 0x00, 0x00, 0x00, 0x00, 0x00, 0x00, 0x00, 0x00, 0x00,
    0x00, 0x00, 0x00, 0x00, 0x00, 0x00, 0x00, 0x00, 0x00, 0x00, 0x00, 0x00, 0x00, 0x00, 0x00, 0x00,
    0x00, 0x00, 0x00, 0x00, 0x00, 0x00, 0x00, 0x00, 0x00, 0x00, 0x00, 0x00, 0x00, 0x00, 0x00, 0x00,
    0x00, 0x00, 0x00, 0x00, 0x00, 0x00, 0x00, 0x00, 0x00, 0x00, 0x00, 0x00, 0x00, 0x00, 0x00, 0x00,
    0x00, 0x00, 0x00, 0x00, 0x00, 0x00, 0x00, 0x00, 0x00, 0x00, 0x00, 0x00, 0x00, 0x00, 0x00, 0x00,
    0x00, 0x00, 0x00, 0x00, 0x1f, 0xf8, 0x00, 0x00, 0x00, 0x00, 0x00, 0xff, 0xff, 0x80, 0x00, 0x00,
    0x00, 0x03, 0xff, 0xff, 0xe0, 0x00, 0x00, 0x00, 0x0f, 0xff, 0xff, 0xf8, 0x00, 0x00, 0x00, 0x1f,
    0xff, 0xff, 0xfc, 0x00, 0x00, 0x00, 0x3f, 0xff, 0xff, 0xfe, 0x00, 0x00, 0x00, 0xff, 0xff, 0xff,
    0xff, 0x00, 0x00, 0x00, 0xff, 0xff, 0xff, 0xff, 0x80, 0x00, 0x01, 0xff, 0xff, 0xff, 0xff, 0xc0,
    0x00, 0x03, 0xff, 0xff, 0xff, 0xff, 0xe0, 0x00, 0x07, 0xff, 0xff, 0xff, 0xff, 0xe0, 0x00, 0x07,
    0xff, 0xff, 0xff, 0xff, 0xf0, 0x00, 0x0f, 0xff, 0xfc, 0x1f, 0xff, 0xf8, 0x00, 0x0f, 0xff, 0xe0,
    0x07, 0xff, 0xf8, 0x00, 0x1f, 0xff, 0xc0, 0x01, 0xff, 0xf8, 0x00, 0x1f, 0xff, 0x80, 0x00, 0xff,
    0xfc, 0x00, 0x1f, 0xff, 0x00, 0x00, 0x7f, 0xfc, 0x00, 0x3f, 0xff, 0x00, 0x00, 0x7f, 0xfc, 0x00,
    0x3f, 0xfe, 0x00, 0x00, 0x3f, 0xfe, 0x00, 0x3f, 0xfe, 0x00, 0x00, 0x3f, 0xfe, 0x00, 0x3f, 0xfc,
    0x00, 0x00, 0x3f, 0xfe, 0x00, 0x3f, 0xfc, 0x00, 0x00, 0x3f, 0xfe, 0x00, 0x3f, 0xfc, 0x00, 0x00,
    0x3f, 0xfe, 0x00, 0x3f, 0xfc, 0x00, 0x00, 0x3f, 0xfe, 0x00, 0x3f, 0xfc, 0x00, 0x00, 0x3f, 0xfe,
    0x00, 0x3f, 0xfc, 0x00, 0x00, 0x3f, 0xfe, 0x00, 0x3f, 0xfe, 0x00, 0x00, 0x3f, 0xfe, 0x00, 0x3f,
    0xfe, 0x00, 0x00, 0x3f, 0xfe, 0x00, 0x3f, 0xff, 0x00, 0x00, 0x7f, 0xfc, 0x00, 0x1f, 0xff, 0x00,
    0x00, 0x7f, 0xfc, 0x00, 0x1f, 0xff, 0x80, 0x00, 0xff, 0xfc, 0x00, 0x1f, 0xff, 0xc0, 0x01, 0xff,
    0xf8, 0x00, 0x0f, 0xff, 0xe0, 0x07, 0xff, 0xf8, 0x00, 0x0f, 0xff, 0xfc, 0x1f, 0xff, 0xf8, 0x00,
    0x07, 0xff, 0xff, 0xff, 0xff, 0xf0, 0x00, 0x07, 0xff, 0xff, 0xff, 0xff, 0xe0, 0x00, 0x03, 0xff,
    0xff, 0xff, 0xff, 0xe0, 0x00, 0x01, 0xff, 0xff, 0xff, 0xff, 0xc0, 0x00, 0x00, 0xff, 0xff, 0xff,
    0xff, 0x80, 0x00, 0x00, 0x7f, 0xff, 0xff, 0xff, 0x00, 0x00, 0x00, 0x3f, 0xff, 0xff, 0xfe, 0x00,
    0x00, 0x00, 0x1f, 0xff, 0xff, 0xfc, 0x00, 0x00, 0x00, 0x0f, 0xff, 0xff, 0xf0, 0x00, 0x00, 0x00,
    0x03, 0xff, 0xff, 0xe0, 0x00, 0x00, 0x00, 0x00, 0xff, 0xff, 0x80, 0x00, 0x00, 0x00, 0x00, 0x1f,
    0xf8, 0x00, 0x00, 0x00, 0x00, 0x00, 0x00, 0x00, 0x00, 0x00, 0x00, 0x00, 0x00, 0x00, 0x00, 0x00,
    0x00, 0x00, 0x00, 0x00, 0x00, 0x00, 0x00, 0x00, 0x00, 0x00, 0x00, 0x00, 0x00, 0x00, 0x00, 0x00,
    0x00, 0x00, 0x00, 0x00, 0x00, 0x00, 0x00, 0x00, 0x00, 0x00, 0x00, 0x00, 0x00, 0x00, 0x00, 0x00,
    0x00, 0x00, 0x00, 0x00, 0x00, 0x00, 0x00, 0x00, 0x00, 0x00, 0x00, 0x00, 0x00, 0x00, 0x00, 0x00,
    0x00, 0x00, 0x00, 0x00, 0x00, 0x00, 0x00, 0x00, 0x00, 0x00, 0x00, 0x00, 0x00, 0x00, 0x00, 0x00,
    0x00, 0x00, 0x00, 0x00, 0x00, 0x00, 0x00, 0x00, 0x00, 0x00, 0x00, 0x00, 0x00, 0x00, 0x00, 0x00,
    0x00, 0x00, 0x00, 0x00, 0x00, 0x00, 0x00, 0x00, 0x00, 0x00, 0x00, 0x00, 0x00, 0x00, 0x00, 0x00,
    0x00, 0x00, 0x00, 0x00, 0x00, 0x00, 0x00, 0x00, 0x00, 0x00, 0x00, 0x00, 0x00, 0x00, 0x00, 0x00,
    0x00, 0x00, 0x00, 0x00, 0x00, 0x00, 0x00, 0x00, 0x00, 0x00, 0x00, 0x00, 0x00, 0x00, 0x00, 0x00,
    0x00, 0x00, 0x00, 0x00, 0x00, 0x00, 0x00, 0x00, 0x00, 0x00, 0x00, 0x00, 0x00, 0x00, 0x00, 0x00,
    0x00, 0x00, 0x00, 0x00, 0x00, 0x00, 0x00, 0x00, 0x00, 0x00, 0x00, 0x00, 0x00, 0x00, 0x00, 0x00,
    0x00, 0x00, 0x00, 0x00, 0x00, 0x00, 0x00, 0x00, 0x00, 0x00, 0x00, 0x00, 0x00, 0x00, 0x00, 0x00,
    0x00, 0x00, 0x00, 0x00, 0x00, 0x00, 0x00, 0x00, 0x00, 0x00, 0x00, 0x00, 0x00, 0x00, 0x00, 0x00,
    0x00, 0x00, 0x00, 0x00, 0x00, 0x00, 0x00, 0x00, 0x00, 0x00, 0x00, 0x00, 0x00, 0x00, 0x00, 0x00,
    0x00, 0x00, 0x00, 0x00, 0x00, 0x00, 0x00, 0x00, 0x00, 0x00, 0x00, 0x00, 0x00, 0x00, 0x00, 0x00,
    0x00, 0x00, 0x00, 0x00, 0x00, 0x00, 0x00, 0x00, 0x00, 0x00, 0x00, 0x00, 0x00, 0x00, 0x00, 0x00,
    0x00, 0x00, 0x00, 0x00, 0x00, 0x00, 0x00, 0x00, 0x00, 0x00, 0x00, 0x00, 0x00, 0x00, 0x00, 0x00,
    0x00, 0x00, 0x00, 0x00, 0x00, 0x00, 0x00, 0x00, 0x00, 0x00, 0x00, 0x00, 0x00, 0x00, 0x00, 0x00,
    0x00, 0x00, 0x00, 0x00, 0x00, 0x00, 0x00, 0x00, 0x00, 0x00, 0x00, 0x00, 0x00, 0x00, 0x00, 0x00,
    0x00, 0x00, 0x00, 0x00, 0x00, 0x00, 0x00, 0x00, 0x00, 0x00, 0x00, 0x00, 0x00, 0x00, 0x00, 0x00,
    0x00, 0x00, 0x00, 0x00, 0x00, 0x00, 0x00, 0x00, 0x00, 0x00, 0x00, 0x00, 0x00, 0x00, 0x00, 0x00,
    0x00, 0x00, 0x00, 0x00, 0x00, 0x00, 0x00, 0x00, 0x00, 0x00, 0x00, 0x00, 0x00, 0x00, 0x00, 0x00,
    0x00, 0x00, 0x00, 0x00, 0x00, 0x00, 0x00, 0x00, 0x00, 0x00, 0x00, 0x00, 0x00, 0x00, 0x00, 0x00,
    0x00, 0x00, 0x00, 0x00, 0x00, 0x00, 0x00, 0x00, 0x00, 0x00, 0x00, 0x00, 0x00, 0x00, 0x00, 0x00,
    0x00, 0x00, 0x00, 0x00, 0x00, 0x00, 0x00, 0x00, 0x00, 0x00, 0x00, 0x00, 0x00, 0x00, 0x00, 0x00,
    0x00, 0x00, 0x00, 0x00, 0x00, 0x00, 0x00, 0x00, 0x00, 0x00, 0x00, 0x00, 0x00, 0x00, 0x00, 0x00,
    0x00, 0x00, 0x00, 0x00, 0x00, 0x00, 0x00, 0x00, 0x00, 0x00, 0x00, 0x00, 0x00, 0x00, 0x00, 0x00,
    0x00, 0x00, 0x00, 0x00, 0x00, 0x00, 0x00, 0x00, 0x00, 0x00, 0x00, 0x00, 0x00, 0x00, 0x00, 0x00,
    0x00, 0x00, 0x00, 0x00, 0x00, 0x00, 0x00, 0x00, 0x00, 0x00, 0x00, 0x00, 0x00, 0x00, 0x00, 0x00,
    0x00, 0x00, 0x00, 0x00, 0x00, 0x00, 0x00, 0x00, 0x00, 0x00, 0x00, 0x00, 0x00, 0x00, 0x00, 0x00,
    0x00, 0x00, 0x00, 0x00, 0x00, 0x00, 0x00, 0x00, 0x00, 0x00, 0x00, 0x00, 0x00, 0x00, 0x00, 0x00,
    0x00, 0x00, 0x00, 0x00, 0x00, 0x00, 0x00, 0x00, 0x00, 0x00, 0x00, 0x00, 0x00, 0x00, 0x00, 0x00,
    0x00, 0x00, 0x00, 0x00, 0x00, 0x00, 0x00, 0x00, 0x00, 0x00, 0x00, 0x00, 0x00, 0x00, 0x00, 0x00,
    0x00, 0x00, 0x00, 0x00, 0x00, 0x00, 0x00, 0x00, 0x00, 0x00, 0x00, 0x00, 0x00, 0x00, 0x00, 0x00,
    0x00, 0x00, 0x00, 0x00, 0x00, 0x00, 0x00, 0x00, 0x00, 0x00, 0x00, 0x00, 0x00, 0x00, 0x00, 0x00,
    0x00, 0x00, 0x00, 0x00, 0x00, 0x00, 0x00, 0x00, 0x00, 0x00, 0x00, 0x00, 0x00, 0x00, 0x00, 0x00,
    0x00, 0x00, 0x00, 0x00, 0x00, 0x00, 0x00, 0x00, 0x00, 0x00, 0x00, 0x00, 0x00, 0x00, 0x00, 0x00,
    0x00, 0x00, 0x00, 0x00, 0x00, 0x00, 0x00, 0x00, 0x00, 0x00, 0x00, 0x00, 0x00, 0x00, 0x00, 0x00,
    0x00, 0x00, 0x00, 0x00, 0x00, 0x00, 0x00, 0x00, 0x00, 0x00, 0x00, 0x00, 0x00, 0x00, 0x00, 0x00,
    0x00, 0x00, 0x00, 0x00, 0x00, 0x00, 0x00, 0x00, 0x00, 0x00, 0x00, 0x00, 0x00, 0x00, 0x00, 0x00,
    0x00, 0x00, 0x00, 0x00, 0x00, 0x00, 0x00, 0x00,
};
static const ui_glyph_t font_big_glyphs[] = {
    {0x0020, 27, 27, 0, 0},
    {0x0030, 62, 62, 0, 656},
    {0x0031, 39, 39, 0, 1968},
    {0x0032, 60, 60, 0, 2788},
    {0x0033, 59, 59, 0, 4100},
    {0x0034, 66, 66, 0, 5412},
    {0x0035, 60, 60, 0, 6888},
    {0x0036, 60, 60, 0, 8200},
    {0x0037, 55, 55, 0, 9512},
    {0x0038, 60, 60, 0, 10660},
    {0x0039, 59, 59, 0, 11972},
    {0x002c, 29, 29, 0, 13284},
    {0x002e, 30, 30, 0, 13940},
    {0x002d, 45, 45, 0, 14596},
    {0x00b0, 49, 49, 0, 15580},
};
const ui_font_t font_big = {164, 136, 40, 15, font_big_glyphs, font_big_bits};

static const uint8_t icon_sun_bits[] = {
    0x00, 0x0c, 0x00, 0x00, 0x00, 0x0c, 0x00, 0x00, 0x00, 0x0c, 0x00, 0x00, 0x08, 0x0c, 0x04, 0x00,
    0x1c, 0x0c, 0x0e, 0x00, 0x0e, 0x0c, 0x1c, 0x00, 0x07, 0x00, 0x38, 0x00, 0x03, 0x80, 0x70, 0x00,
    0x01, 0x1e, 0x20, 0x00, 0x00, 0x3f, 0x00, 0x00, 0x00, 0x7f, 0x80, 0x00, 0x00, 0xff, 0xc0, 0x00,
    0xfc, 0xff, 0xcf, 0xc0, 0xfc, 0xff, 0xcf, 0xc0, 0x00, 0xff, 0xc0, 0x00, 0x00, 0x7f, 0x80, 0x00,
    0x00, 0x3f, 0x00, 0x00, 0x01, 0x1e, 0x20, 0x00, 0x03, 0x80, 0x70, 0x00, 0x07, 0x00, 0x38, 0x00,
    0x0e, 0x0c, 0x1c, 0x00, 0x1c, 0x0c, 0x0e, 0x00, 0x08, 0x0c, 0x04, 0x00, 0x00, 0x0c, 0x00, 0x00,
    0x00, 0x0c, 0x00, 0x00, 0x00, 0x0c, 0x00, 0x00,
};
const ui_bitmap_t icon_sun = {26, 26, icon_sun_bits};

static const uint8_t icon_house_bits[] = {
    0x00, 0x00, 0x00, 0x00, 0x00, 0x00, 0x00, 0xc0, 0x00, 0x01, 0xe0, 0x00, 0x03, 0xb0, 0x00, 0x06,
    0x1c, 0x00, 0x1c, 0x0e, 0x00, 0x38, 0x07, 0x00, 0x70, 0x01, 0x80, 0x60, 0x01, 0x80, 0x61, 0xe1,
    0x80, 0x61, 0xf1, 0x80, 0x61, 0xb1, 0x80, 0x61, 0xb1, 0x80, 0x61, 0xb1, 0x80, 0x7f, 0xff, 0x80,
    0x3f, 0xff, 0x00, 0x00, 0x00, 0x00,
};
const ui_bitmap_t icon_house = {18, 18, icon_house_bits};

static const uint8_t icon_cloud_rain_bits[] = {
    0x00, 0x00, 0x00, 0x00, 0x00, 0x00, 0x00, 0xf0, 0x00, 0x01, 0x18, 0x00, 0x02, 0x0c, 0x00, 0x0c,
    0x04, 0x00, 0x18, 0x06, 0x00, 0x30, 0x03, 0x00, 0x30, 0x01, 0x00, 0x10, 0x03, 0x00, 0x18, 0x06,
    0x00, 0x0f, 0xfc, 0x00, 0x00, 0x00, 0x00, 0x06, 0xd8, 0x00, 0x06, 0xd8, 0x00, 0x0d, 0xb8, 0x00,
    0x0c, 0x90, 0x00, 0x00, 0x00, 0x00,
};
const ui_bitmap_t icon_cloud_rain = {18, 18, icon_cloud_rain_bits};

static const uint8_t icon_drop_bits[] = {
    0x00, 0x00, 0x00, 0x00, 0x01, 0x80, 0x01, 0x80, 0x03, 0xc0, 0x07, 0xe0, 0x07, 0xe0, 0x0f, 0xf0,
    0x0f, 0xf0, 0x0f, 0xf0, 0x0f, 0xf0, 0x0f, 0xf0, 0x07, 0xe0, 0x03, 0xc0, 0x00, 0x00, 0x00, 0x00,
};
const ui_bitmap_t icon_drop = {16, 16, icon_drop_bits};

static const uint8_t icon_drop_empty_bits[] = {
    0x00, 0x00, 0x00, 0x00, 0x01, 0x80, 0x01, 0x80, 0x02, 0x40, 0x06, 0x60, 0x04, 0x20, 0x0c, 0x30,
    0x08, 0x10, 0x08, 0x10, 0x08, 0x10, 0x0c, 0x30, 0x06, 0x60, 0x03, 0xc0, 0x00, 0x00, 0x00, 0x00,
};
const ui_bitmap_t icon_drop_empty = {16, 16, icon_drop_empty_bits};

static const uint8_t icon_wifi_bits[] = {
    0x00, 0x00, 0x00, 0x00, 0x00, 0x00, 0x00, 0x00, 0x0f, 0xc0, 0x3f, 0xf0, 0x3f, 0xf0, 0x1f, 0xe0,
    0x13, 0x20, 0x07, 0x80, 0x00, 0x00, 0x03, 0x00, 0x03, 0x00, 0x00, 0x00,
};
const ui_bitmap_t icon_wifi = {14, 14, icon_wifi_bits};
